
 /----------------------------------------------------------------------------\
 |                                                                            |
 |  yosys -- Yosys Open SYnthesis Suite                                       |
 |                                                                            |
 |  Copyright (C) 2012 - 2020  Claire Wolf <claire@symbioticeda.com>          |
 |                                                                            |
 |  Permission to use, copy, modify, and/or distribute this software for any  |
 |  purpose with or without fee is hereby granted, provided that the above    |
 |  copyright notice and this permission notice appear in all copies.         |
 |                                                                            |
 |  THE SOFTWARE IS PROVIDED "AS IS" AND THE AUTHOR DISCLAIMS ALL WARRANTIES  |
 |  WITH REGARD TO THIS SOFTWARE INCLUDING ALL IMPLIED WARRANTIES OF          |
 |  MERCHANTABILITY AND FITNESS. IN NO EVENT SHALL THE AUTHOR BE LIABLE FOR   |
 |  ANY SPECIAL, DIRECT, INDIRECT, OR CONSEQUENTIAL DAMAGES OR ANY DAMAGES    |
 |  WHATSOEVER RESULTING FROM LOSS OF USE, DATA OR PROFITS, WHETHER IN AN     |
 |  ACTION OF CONTRACT, NEGLIGENCE OR OTHER TORTIOUS ACTION, ARISING OUT OF   |
 |  OR IN CONNECTION WITH THE USE OR PERFORMANCE OF THIS SOFTWARE.            |
 |                                                                            |
 \----------------------------------------------------------------------------/

 Yosys 0.9+3621 (git sha1 84e9fa7, gcc 8.3.1 -fPIC -Os)

[TCL: yosys -import] Command name collision: found pre-existing command `cd' -> skip.
[TCL: yosys -import] Command name collision: found pre-existing command `eval' -> skip.
[TCL: yosys -import] Command name collision: found pre-existing command `exec' -> skip.
[TCL: yosys -import] Command name collision: found pre-existing command `read' -> skip.
[TCL: yosys -import] Command name collision: found pre-existing command `trace' -> skip.

1. Executing Verilog-2005 frontend: /openLANE_flow/designs/fft_project/radix4/src/fft16_r4.v
Parsing SystemVerilog input from `/openLANE_flow/designs/fft_project/radix4/src/fft16_r4.v' to AST representation.
Generating RTLIL representation for module `\fft16_r4'.
Warning: Replacing memory \mem_imag with list of registers. See /openLANE_flow/designs/fft_project/radix4/src/fft16_r4.v:156
Warning: Replacing memory \mem_real with list of registers. See /openLANE_flow/designs/fft_project/radix4/src/fft16_r4.v:155
Successfully finished Verilog frontend.

2. Executing Verilog-2005 frontend: /openLANE_flow/designs/fft_project/radix4/src/butterfly_r4.v
Parsing SystemVerilog input from `/openLANE_flow/designs/fft_project/radix4/src/butterfly_r4.v' to AST representation.
Generating RTLIL representation for module `\butterfly_r4'.
Successfully finished Verilog frontend.

3. Executing Verilog-2005 frontend: /openLANE_flow/designs/fft_project/radix4/src/twiddle_rom_r4.v
Parsing SystemVerilog input from `/openLANE_flow/designs/fft_project/radix4/src/twiddle_rom_r4.v' to AST representation.
Generating RTLIL representation for module `\twiddle_rom_r4'.
Successfully finished Verilog frontend.

4. Executing Verilog-2005 frontend: /openLANE_flow/designs/fft_project/radix4/src/control_fsm_r4.v
Parsing SystemVerilog input from `/openLANE_flow/designs/fft_project/radix4/src/control_fsm_r4.v' to AST representation.
Generating RTLIL representation for module `\control_fsm_r4'.
Successfully finished Verilog frontend.

5. Executing Verilog-2005 frontend: /openLANE_flow/designs/fft_project/radix4/src/bit_reversal_r4.v
Parsing SystemVerilog input from `/openLANE_flow/designs/fft_project/radix4/src/bit_reversal_r4.v' to AST representation.
Generating RTLIL representation for module `\bit_reversal_r4'.
Successfully finished Verilog frontend.

6. Executing Verilog-2005 frontend: /openLANE_flow/designs/fft_project/radix4/src/stage_regs.v
Parsing SystemVerilog input from `/openLANE_flow/designs/fft_project/radix4/src/stage_regs.v' to AST representation.
Generating RTLIL representation for module `\stage_regs'.
Successfully finished Verilog frontend.

7. Generating Graphviz representation of design.
Writing dot description to `/openLANE_flow/designs/fft_project/radix4/runs/best_run/tmp/synthesis/hierarchy.dot'.
Dumping module fft16_r4 to page 1.

8. Executing HIERARCHY pass (managing design hierarchy).

8.1. Analyzing design hierarchy..
Top module:  \fft16_r4
Used module:     \stage_regs
Used module:     \butterfly_r4
Used module:     \twiddle_rom_r4
Used module:     \bit_reversal_r4
Used module:     \control_fsm_r4

8.2. Analyzing design hierarchy..
Top module:  \fft16_r4
Used module:     \stage_regs
Used module:     \butterfly_r4
Used module:     \twiddle_rom_r4
Used module:     \bit_reversal_r4
Used module:     \control_fsm_r4
Removed 0 unused modules.

9. Executing TRIBUF pass.

10. Executing SYNTH pass.

10.1. Executing HIERARCHY pass (managing design hierarchy).

10.1.1. Analyzing design hierarchy..
Top module:  \fft16_r4
Used module:     \stage_regs
Used module:     \butterfly_r4
Used module:     \twiddle_rom_r4
Used module:     \bit_reversal_r4
Used module:     \control_fsm_r4

10.1.2. Analyzing design hierarchy..
Top module:  \fft16_r4
Used module:     \stage_regs
Used module:     \butterfly_r4
Used module:     \twiddle_rom_r4
Used module:     \bit_reversal_r4
Used module:     \control_fsm_r4
Removed 0 unused modules.

10.2. Executing PROC pass (convert processes to netlists).

10.2.1. Executing PROC_CLEAN pass (remove empty switches from decision trees).
Cleaned up 0 empty switches.

10.2.2. Executing PROC_RMDEAD pass (remove dead branches from decision trees).
Marked 2 switch rules as full_case in process $proc$/openLANE_flow/designs/fft_project/radix4/src/stage_regs.v:25$221 in module stage_regs.
Marked 2 switch rules as full_case in process $proc$/openLANE_flow/designs/fft_project/radix4/src/control_fsm_r4.v:29$195 in module control_fsm_r4.
Marked 1 switch rules as full_case in process $proc$/openLANE_flow/designs/fft_project/radix4/src/twiddle_rom_r4.v:20$194 in module twiddle_rom_r4.
Marked 2 switch rules as full_case in process $proc$/openLANE_flow/designs/fft_project/radix4/src/butterfly_r4.v:93$184 in module butterfly_r4.
Removed 1 dead cases from process $proc$/openLANE_flow/designs/fft_project/radix4/src/fft16_r4.v:0$153 in module fft16_r4.
Marked 1 switch rules as full_case in process $proc$/openLANE_flow/designs/fft_project/radix4/src/fft16_r4.v:0$153 in module fft16_r4.
Removed 1 dead cases from process $proc$/openLANE_flow/designs/fft_project/radix4/src/fft16_r4.v:0$150 in module fft16_r4.
Marked 1 switch rules as full_case in process $proc$/openLANE_flow/designs/fft_project/radix4/src/fft16_r4.v:0$150 in module fft16_r4.
Removed 1 dead cases from process $proc$/openLANE_flow/designs/fft_project/radix4/src/fft16_r4.v:0$147 in module fft16_r4.
Marked 1 switch rules as full_case in process $proc$/openLANE_flow/designs/fft_project/radix4/src/fft16_r4.v:0$147 in module fft16_r4.
Removed 1 dead cases from process $proc$/openLANE_flow/designs/fft_project/radix4/src/fft16_r4.v:0$144 in module fft16_r4.
Marked 1 switch rules as full_case in process $proc$/openLANE_flow/designs/fft_project/radix4/src/fft16_r4.v:0$144 in module fft16_r4.
Removed 1 dead cases from process $proc$/openLANE_flow/designs/fft_project/radix4/src/fft16_r4.v:0$141 in module fft16_r4.
Marked 1 switch rules as full_case in process $proc$/openLANE_flow/designs/fft_project/radix4/src/fft16_r4.v:0$141 in module fft16_r4.
Removed 1 dead cases from process $proc$/openLANE_flow/designs/fft_project/radix4/src/fft16_r4.v:0$138 in module fft16_r4.
Marked 1 switch rules as full_case in process $proc$/openLANE_flow/designs/fft_project/radix4/src/fft16_r4.v:0$138 in module fft16_r4.
Removed 1 dead cases from process $proc$/openLANE_flow/designs/fft_project/radix4/src/fft16_r4.v:0$135 in module fft16_r4.
Marked 1 switch rules as full_case in process $proc$/openLANE_flow/designs/fft_project/radix4/src/fft16_r4.v:0$135 in module fft16_r4.
Removed 1 dead cases from process $proc$/openLANE_flow/designs/fft_project/radix4/src/fft16_r4.v:0$132 in module fft16_r4.
Marked 1 switch rules as full_case in process $proc$/openLANE_flow/designs/fft_project/radix4/src/fft16_r4.v:0$132 in module fft16_r4.
Removed 96 dead cases from process $proc$/openLANE_flow/designs/fft_project/radix4/src/fft16_r4.v:152$50 in module fft16_r4.
Marked 11 switch rules as full_case in process $proc$/openLANE_flow/designs/fft_project/radix4/src/fft16_r4.v:152$50 in module fft16_r4.
Removed a total of 104 dead cases.

10.2.3. Executing PROC_PRUNE pass (remove redundant assignments in processes).
Removed 1 redundant assignment.
Promoted 60 assignments to connections.

10.2.4. Executing PROC_INIT pass (extract init attributes).

10.2.5. Executing PROC_ARST pass (detect async resets in processes).
Found async reset \rst_n in `\stage_regs.$proc$/openLANE_flow/designs/fft_project/radix4/src/stage_regs.v:25$221'.
Found async reset \rst_n in `\control_fsm_r4.$proc$/openLANE_flow/designs/fft_project/radix4/src/control_fsm_r4.v:29$195'.
Found async reset \rst_n in `\butterfly_r4.$proc$/openLANE_flow/designs/fft_project/radix4/src/butterfly_r4.v:93$184'.
Found async reset \rst_n in `\fft16_r4.$proc$/openLANE_flow/designs/fft_project/radix4/src/fft16_r4.v:152$50'.

10.2.6. Executing PROC_MUX pass (convert decision trees to multiplexers).
Creating decoders for process `\stage_regs.$proc$/openLANE_flow/designs/fft_project/radix4/src/stage_regs.v:25$221'.
     1/34: $2\i[31:0]
     2/34: $0\dout_imag[255:0] [255:240]
     3/34: $0\dout_imag[255:0] [239:224]
     4/34: $0\dout_real[255:0] [239:224]
     5/34: $0\dout_imag[255:0] [223:208]
     6/34: $0\dout_real[255:0] [223:208]
     7/34: $0\dout_imag[255:0] [207:192]
     8/34: $0\dout_real[255:0] [207:192]
     9/34: $0\dout_imag[255:0] [191:176]
    10/34: $0\dout_real[255:0] [191:176]
    11/34: $0\dout_imag[255:0] [175:160]
    12/34: $0\dout_real[255:0] [175:160]
    13/34: $0\dout_imag[255:0] [159:144]
    14/34: $0\dout_real[255:0] [159:144]
    15/34: $0\dout_imag[255:0] [143:128]
    16/34: $0\dout_real[255:0] [143:128]
    17/34: $0\dout_imag[255:0] [127:112]
    18/34: $0\dout_real[255:0] [127:112]
    19/34: $0\dout_imag[255:0] [111:96]
    20/34: $0\dout_real[255:0] [111:96]
    21/34: $0\dout_imag[255:0] [95:80]
    22/34: $0\dout_real[255:0] [95:80]
    23/34: $0\dout_imag[255:0] [79:64]
    24/34: $0\dout_real[255:0] [79:64]
    25/34: $0\dout_imag[255:0] [63:48]
    26/34: $0\dout_real[255:0] [63:48]
    27/34: $0\dout_imag[255:0] [47:32]
    28/34: $0\dout_real[255:0] [47:32]
    29/34: $0\dout_imag[255:0] [31:16]
    30/34: $0\dout_real[255:0] [31:16]
    31/34: $0\dout_imag[255:0] [15:0]
    32/34: $0\dout_real[255:0] [15:0]
    33/34: $0\dout_real[255:0] [255:240]
    34/34: $1\i[31:0]
Creating decoders for process `\control_fsm_r4.$proc$/openLANE_flow/designs/fft_project/radix4/src/control_fsm_r4.v:29$195'.
     1/10: $0\count[4:0]
     2/10: $0\state[2:0]
     3/10: $0\reg_en[0:0]
     4/10: $0\stage2_en[0:0]
     5/10: $0\stage1_en[0:0]
     6/10: $0\load_en[0:0]
     7/10: $0\bf_sel[1:0]
     8/10: $0\twiddle_addr[1:0]
     9/10: $0\sample_addr[3:0]
    10/10: $0\valid_out[0:0]
Creating decoders for process `\twiddle_rom_r4.$proc$/openLANE_flow/designs/fft_project/radix4/src/twiddle_rom_r4.v:20$194'.
     1/2: $1\w_imag[15:0]
     2/2: $1\w_real[15:0]
Creating decoders for process `\butterfly_r4.$proc$/openLANE_flow/designs/fft_project/radix4/src/butterfly_r4.v:93$184'.
     1/9: $0\valid_out[0:0]
     2/9: $0\y3_imag[15:0]
     3/9: $0\y3_real[15:0]
     4/9: $0\y2_imag[15:0]
     5/9: $0\y2_real[15:0]
     6/9: $0\y1_imag[15:0]
     7/9: $0\y1_real[15:0]
     8/9: $0\y0_imag[15:0]
     9/9: $0\y0_real[15:0]
Creating decoders for process `\fft16_r4.$proc$/openLANE_flow/designs/fft_project/radix4/src/fft16_r4.v:0$156'.
Creating decoders for process `\fft16_r4.$proc$/openLANE_flow/designs/fft_project/radix4/src/fft16_r4.v:0$153'.
     1/1: $1$mem2reg_rd$\mem_imag$/openLANE_flow/designs/fft_project/radix4/src/fft16_r4.v:61$40_DATA[15:0]$155
Creating decoders for process `\fft16_r4.$proc$/openLANE_flow/designs/fft_project/radix4/src/fft16_r4.v:0$150'.
     1/1: $1$mem2reg_rd$\mem_real$/openLANE_flow/designs/fft_project/radix4/src/fft16_r4.v:60$39_DATA[15:0]$152
Creating decoders for process `\fft16_r4.$proc$/openLANE_flow/designs/fft_project/radix4/src/fft16_r4.v:0$147'.
     1/1: $1$mem2reg_rd$\mem_imag$/openLANE_flow/designs/fft_project/radix4/src/fft16_r4.v:59$38_DATA[15:0]$149
Creating decoders for process `\fft16_r4.$proc$/openLANE_flow/designs/fft_project/radix4/src/fft16_r4.v:0$144'.
     1/1: $1$mem2reg_rd$\mem_real$/openLANE_flow/designs/fft_project/radix4/src/fft16_r4.v:58$37_DATA[15:0]$146
Creating decoders for process `\fft16_r4.$proc$/openLANE_flow/designs/fft_project/radix4/src/fft16_r4.v:0$141'.
     1/1: $1$mem2reg_rd$\mem_imag$/openLANE_flow/designs/fft_project/radix4/src/fft16_r4.v:57$36_DATA[15:0]$143
Creating decoders for process `\fft16_r4.$proc$/openLANE_flow/designs/fft_project/radix4/src/fft16_r4.v:0$138'.
     1/1: $1$mem2reg_rd$\mem_real$/openLANE_flow/designs/fft_project/radix4/src/fft16_r4.v:56$35_DATA[15:0]$140
Creating decoders for process `\fft16_r4.$proc$/openLANE_flow/designs/fft_project/radix4/src/fft16_r4.v:0$135'.
     1/1: $1$mem2reg_rd$\mem_imag$/openLANE_flow/designs/fft_project/radix4/src/fft16_r4.v:55$34_DATA[15:0]$137
Creating decoders for process `\fft16_r4.$proc$/openLANE_flow/designs/fft_project/radix4/src/fft16_r4.v:0$132'.
     1/1: $1$mem2reg_rd$\mem_real$/openLANE_flow/designs/fft_project/radix4/src/fft16_r4.v:54$33_DATA[15:0]$134
Creating decoders for process `\fft16_r4.$proc$/openLANE_flow/designs/fft_project/radix4/src/fft16_r4.v:152$50'.
     1/82: $3$mem2reg_wr$\mem_imag$/openLANE_flow/designs/fft_project/radix4/src/fft16_r4.v:175$48_ADDR[3:0]$130
     2/82: $3$mem2reg_wr$\mem_imag$/openLANE_flow/designs/fft_project/radix4/src/fft16_r4.v:175$48_DATA[15:0]$131
     3/82: $3$mem2reg_wr$\mem_real$/openLANE_flow/designs/fft_project/radix4/src/fft16_r4.v:174$47_ADDR[3:0]$128
     4/82: $3$mem2reg_wr$\mem_real$/openLANE_flow/designs/fft_project/radix4/src/fft16_r4.v:174$47_DATA[15:0]$129
     5/82: $3$mem2reg_wr$\mem_imag$/openLANE_flow/designs/fft_project/radix4/src/fft16_r4.v:173$46_ADDR[3:0]$126
     6/82: $3$mem2reg_wr$\mem_imag$/openLANE_flow/designs/fft_project/radix4/src/fft16_r4.v:173$46_DATA[15:0]$127
     7/82: $3$mem2reg_wr$\mem_real$/openLANE_flow/designs/fft_project/radix4/src/fft16_r4.v:172$45_ADDR[3:0]$124
     8/82: $3$mem2reg_wr$\mem_real$/openLANE_flow/designs/fft_project/radix4/src/fft16_r4.v:172$45_DATA[15:0]$125
     9/82: $3$mem2reg_wr$\mem_imag$/openLANE_flow/designs/fft_project/radix4/src/fft16_r4.v:171$44_ADDR[3:0]$122
    10/82: $3$mem2reg_wr$\mem_imag$/openLANE_flow/designs/fft_project/radix4/src/fft16_r4.v:171$44_DATA[15:0]$123
    11/82: $3$mem2reg_wr$\mem_real$/openLANE_flow/designs/fft_project/radix4/src/fft16_r4.v:170$43_ADDR[3:0]$120
    12/82: $3$mem2reg_wr$\mem_real$/openLANE_flow/designs/fft_project/radix4/src/fft16_r4.v:170$43_DATA[15:0]$121
    13/82: $3$mem2reg_wr$\mem_imag$/openLANE_flow/designs/fft_project/radix4/src/fft16_r4.v:169$42_ADDR[3:0]$118
    14/82: $3$mem2reg_wr$\mem_imag$/openLANE_flow/designs/fft_project/radix4/src/fft16_r4.v:169$42_DATA[15:0]$119
    15/82: $3$mem2reg_wr$\mem_real$/openLANE_flow/designs/fft_project/radix4/src/fft16_r4.v:168$41_ADDR[3:0]$116
    16/82: $3$mem2reg_wr$\mem_real$/openLANE_flow/designs/fft_project/radix4/src/fft16_r4.v:168$41_DATA[15:0]$117
    17/82: $2\idx[31:0]
    18/82: $2$mem2reg_wr$\mem_imag$/openLANE_flow/designs/fft_project/radix4/src/fft16_r4.v:175$48_DATA[15:0]$99
    19/82: $2$mem2reg_wr$\mem_imag$/openLANE_flow/designs/fft_project/radix4/src/fft16_r4.v:175$48_ADDR[3:0]$98
    20/82: $2$mem2reg_wr$\mem_real$/openLANE_flow/designs/fft_project/radix4/src/fft16_r4.v:174$47_DATA[15:0]$97
    21/82: $2$mem2reg_wr$\mem_real$/openLANE_flow/designs/fft_project/radix4/src/fft16_r4.v:174$47_ADDR[3:0]$96
    22/82: $2$mem2reg_wr$\mem_imag$/openLANE_flow/designs/fft_project/radix4/src/fft16_r4.v:173$46_DATA[15:0]$95
    23/82: $2$mem2reg_wr$\mem_imag$/openLANE_flow/designs/fft_project/radix4/src/fft16_r4.v:173$46_ADDR[3:0]$94
    24/82: $2$mem2reg_wr$\mem_real$/openLANE_flow/designs/fft_project/radix4/src/fft16_r4.v:172$45_DATA[15:0]$93
    25/82: $2$mem2reg_wr$\mem_real$/openLANE_flow/designs/fft_project/radix4/src/fft16_r4.v:172$45_ADDR[3:0]$92
    26/82: $2$mem2reg_wr$\mem_imag$/openLANE_flow/designs/fft_project/radix4/src/fft16_r4.v:171$44_DATA[15:0]$91
    27/82: $2$mem2reg_wr$\mem_imag$/openLANE_flow/designs/fft_project/radix4/src/fft16_r4.v:171$44_ADDR[3:0]$90
    28/82: $2$mem2reg_wr$\mem_real$/openLANE_flow/designs/fft_project/radix4/src/fft16_r4.v:170$43_DATA[15:0]$89
    29/82: $2$mem2reg_wr$\mem_real$/openLANE_flow/designs/fft_project/radix4/src/fft16_r4.v:170$43_ADDR[3:0]$88
    30/82: $2$mem2reg_wr$\mem_imag$/openLANE_flow/designs/fft_project/radix4/src/fft16_r4.v:169$42_DATA[15:0]$87
    31/82: $2$mem2reg_wr$\mem_imag$/openLANE_flow/designs/fft_project/radix4/src/fft16_r4.v:169$42_ADDR[3:0]$86
    32/82: $2$mem2reg_wr$\mem_real$/openLANE_flow/designs/fft_project/radix4/src/fft16_r4.v:168$41_DATA[15:0]$85
    33/82: $2$mem2reg_wr$\mem_real$/openLANE_flow/designs/fft_project/radix4/src/fft16_r4.v:168$41_ADDR[3:0]$84
    34/82: $1$mem2reg_wr$\mem_imag$/openLANE_flow/designs/fft_project/radix4/src/fft16_r4.v:175$48_DATA[15:0]$83
    35/82: $1$mem2reg_wr$\mem_imag$/openLANE_flow/designs/fft_project/radix4/src/fft16_r4.v:175$48_ADDR[3:0]$82
    36/82: $1$mem2reg_wr$\mem_real$/openLANE_flow/designs/fft_project/radix4/src/fft16_r4.v:174$47_DATA[15:0]$81
    37/82: $1$mem2reg_wr$\mem_real$/openLANE_flow/designs/fft_project/radix4/src/fft16_r4.v:174$47_ADDR[3:0]$80
    38/82: $1$mem2reg_wr$\mem_imag$/openLANE_flow/designs/fft_project/radix4/src/fft16_r4.v:173$46_DATA[15:0]$79
    39/82: $1$mem2reg_wr$\mem_imag$/openLANE_flow/designs/fft_project/radix4/src/fft16_r4.v:173$46_ADDR[3:0]$78
    40/82: $1$mem2reg_wr$\mem_real$/openLANE_flow/designs/fft_project/radix4/src/fft16_r4.v:172$45_DATA[15:0]$77
    41/82: $1$mem2reg_wr$\mem_real$/openLANE_flow/designs/fft_project/radix4/src/fft16_r4.v:172$45_ADDR[3:0]$76
    42/82: $1$mem2reg_wr$\mem_imag$/openLANE_flow/designs/fft_project/radix4/src/fft16_r4.v:171$44_DATA[15:0]$75
    43/82: $1$mem2reg_wr$\mem_imag$/openLANE_flow/designs/fft_project/radix4/src/fft16_r4.v:171$44_ADDR[3:0]$74
    44/82: $1$mem2reg_wr$\mem_real$/openLANE_flow/designs/fft_project/radix4/src/fft16_r4.v:170$43_DATA[15:0]$73
    45/82: $1$mem2reg_wr$\mem_real$/openLANE_flow/designs/fft_project/radix4/src/fft16_r4.v:170$43_ADDR[3:0]$72
    46/82: $1$mem2reg_wr$\mem_imag$/openLANE_flow/designs/fft_project/radix4/src/fft16_r4.v:169$42_DATA[15:0]$71
    47/82: $1$mem2reg_wr$\mem_imag$/openLANE_flow/designs/fft_project/radix4/src/fft16_r4.v:169$42_ADDR[3:0]$70
    48/82: $1$mem2reg_wr$\mem_real$/openLANE_flow/designs/fft_project/radix4/src/fft16_r4.v:168$41_DATA[15:0]$69
    49/82: $1$mem2reg_wr$\mem_real$/openLANE_flow/designs/fft_project/radix4/src/fft16_r4.v:168$41_ADDR[3:0]$68
    50/82: $1\idx[31:0]
    51/82: $0\mem_imag[15][15:0]
    52/82: $0\mem_imag[14][15:0]
    53/82: $0\mem_imag[13][15:0]
    54/82: $0\mem_imag[12][15:0]
    55/82: $0\mem_imag[11][15:0]
    56/82: $0\mem_imag[10][15:0]
    57/82: $0\mem_imag[9][15:0]
    58/82: $0\mem_imag[8][15:0]
    59/82: $0\mem_imag[7][15:0]
    60/82: $0\mem_imag[6][15:0]
    61/82: $0\mem_imag[5][15:0]
    62/82: $0\mem_imag[4][15:0]
    63/82: $0\mem_imag[3][15:0]
    64/82: $0\mem_imag[2][15:0]
    65/82: $0\mem_imag[1][15:0]
    66/82: $0\mem_imag[0][15:0]
    67/82: $0\mem_real[15][15:0]
    68/82: $0\mem_real[14][15:0]
    69/82: $0\mem_real[13][15:0]
    70/82: $0\mem_real[12][15:0]
    71/82: $0\mem_real[11][15:0]
    72/82: $0\mem_real[10][15:0]
    73/82: $0\mem_real[9][15:0]
    74/82: $0\mem_real[8][15:0]
    75/82: $0\mem_real[7][15:0]
    76/82: $0\mem_real[6][15:0]
    77/82: $0\mem_real[5][15:0]
    78/82: $0\mem_real[4][15:0]
    79/82: $0\mem_real[3][15:0]
    80/82: $0\mem_real[2][15:0]
    81/82: $0\mem_real[1][15:0]
    82/82: $0\mem_real[0][15:0]

10.2.7. Executing PROC_DLATCH pass (convert process syncs to latches).
No latch inferred for signal `\twiddle_rom_r4.\w_real' from process `\twiddle_rom_r4.$proc$/openLANE_flow/designs/fft_project/radix4/src/twiddle_rom_r4.v:20$194'.
No latch inferred for signal `\twiddle_rom_r4.\w_imag' from process `\twiddle_rom_r4.$proc$/openLANE_flow/designs/fft_project/radix4/src/twiddle_rom_r4.v:20$194'.
No latch inferred for signal `\fft16_r4.\sreg_real[0]' from process `\fft16_r4.$proc$/openLANE_flow/designs/fft_project/radix4/src/fft16_r4.v:0$156'.
No latch inferred for signal `\fft16_r4.\sreg_real[1]' from process `\fft16_r4.$proc$/openLANE_flow/designs/fft_project/radix4/src/fft16_r4.v:0$156'.
No latch inferred for signal `\fft16_r4.\sreg_real[2]' from process `\fft16_r4.$proc$/openLANE_flow/designs/fft_project/radix4/src/fft16_r4.v:0$156'.
No latch inferred for signal `\fft16_r4.\sreg_real[3]' from process `\fft16_r4.$proc$/openLANE_flow/designs/fft_project/radix4/src/fft16_r4.v:0$156'.
No latch inferred for signal `\fft16_r4.\sreg_real[4]' from process `\fft16_r4.$proc$/openLANE_flow/designs/fft_project/radix4/src/fft16_r4.v:0$156'.
No latch inferred for signal `\fft16_r4.\sreg_real[5]' from process `\fft16_r4.$proc$/openLANE_flow/designs/fft_project/radix4/src/fft16_r4.v:0$156'.
No latch inferred for signal `\fft16_r4.\sreg_real[6]' from process `\fft16_r4.$proc$/openLANE_flow/designs/fft_project/radix4/src/fft16_r4.v:0$156'.
No latch inferred for signal `\fft16_r4.\sreg_real[7]' from process `\fft16_r4.$proc$/openLANE_flow/designs/fft_project/radix4/src/fft16_r4.v:0$156'.
No latch inferred for signal `\fft16_r4.\sreg_real[8]' from process `\fft16_r4.$proc$/openLANE_flow/designs/fft_project/radix4/src/fft16_r4.v:0$156'.
No latch inferred for signal `\fft16_r4.\sreg_real[9]' from process `\fft16_r4.$proc$/openLANE_flow/designs/fft_project/radix4/src/fft16_r4.v:0$156'.
No latch inferred for signal `\fft16_r4.\sreg_real[10]' from process `\fft16_r4.$proc$/openLANE_flow/designs/fft_project/radix4/src/fft16_r4.v:0$156'.
No latch inferred for signal `\fft16_r4.\sreg_real[11]' from process `\fft16_r4.$proc$/openLANE_flow/designs/fft_project/radix4/src/fft16_r4.v:0$156'.
No latch inferred for signal `\fft16_r4.\sreg_real[12]' from process `\fft16_r4.$proc$/openLANE_flow/designs/fft_project/radix4/src/fft16_r4.v:0$156'.
No latch inferred for signal `\fft16_r4.\sreg_real[13]' from process `\fft16_r4.$proc$/openLANE_flow/designs/fft_project/radix4/src/fft16_r4.v:0$156'.
No latch inferred for signal `\fft16_r4.\sreg_real[14]' from process `\fft16_r4.$proc$/openLANE_flow/designs/fft_project/radix4/src/fft16_r4.v:0$156'.
No latch inferred for signal `\fft16_r4.\sreg_real[15]' from process `\fft16_r4.$proc$/openLANE_flow/designs/fft_project/radix4/src/fft16_r4.v:0$156'.
No latch inferred for signal `\fft16_r4.\sreg_imag[0]' from process `\fft16_r4.$proc$/openLANE_flow/designs/fft_project/radix4/src/fft16_r4.v:0$156'.
No latch inferred for signal `\fft16_r4.\sreg_imag[1]' from process `\fft16_r4.$proc$/openLANE_flow/designs/fft_project/radix4/src/fft16_r4.v:0$156'.
No latch inferred for signal `\fft16_r4.\sreg_imag[2]' from process `\fft16_r4.$proc$/openLANE_flow/designs/fft_project/radix4/src/fft16_r4.v:0$156'.
No latch inferred for signal `\fft16_r4.\sreg_imag[3]' from process `\fft16_r4.$proc$/openLANE_flow/designs/fft_project/radix4/src/fft16_r4.v:0$156'.
No latch inferred for signal `\fft16_r4.\sreg_imag[4]' from process `\fft16_r4.$proc$/openLANE_flow/designs/fft_project/radix4/src/fft16_r4.v:0$156'.
No latch inferred for signal `\fft16_r4.\sreg_imag[5]' from process `\fft16_r4.$proc$/openLANE_flow/designs/fft_project/radix4/src/fft16_r4.v:0$156'.
No latch inferred for signal `\fft16_r4.\sreg_imag[6]' from process `\fft16_r4.$proc$/openLANE_flow/designs/fft_project/radix4/src/fft16_r4.v:0$156'.
No latch inferred for signal `\fft16_r4.\sreg_imag[7]' from process `\fft16_r4.$proc$/openLANE_flow/designs/fft_project/radix4/src/fft16_r4.v:0$156'.
No latch inferred for signal `\fft16_r4.\sreg_imag[8]' from process `\fft16_r4.$proc$/openLANE_flow/designs/fft_project/radix4/src/fft16_r4.v:0$156'.
No latch inferred for signal `\fft16_r4.\sreg_imag[9]' from process `\fft16_r4.$proc$/openLANE_flow/designs/fft_project/radix4/src/fft16_r4.v:0$156'.
No latch inferred for signal `\fft16_r4.\sreg_imag[10]' from process `\fft16_r4.$proc$/openLANE_flow/designs/fft_project/radix4/src/fft16_r4.v:0$156'.
No latch inferred for signal `\fft16_r4.\sreg_imag[11]' from process `\fft16_r4.$proc$/openLANE_flow/designs/fft_project/radix4/src/fft16_r4.v:0$156'.
No latch inferred for signal `\fft16_r4.\sreg_imag[12]' from process `\fft16_r4.$proc$/openLANE_flow/designs/fft_project/radix4/src/fft16_r4.v:0$156'.
No latch inferred for signal `\fft16_r4.\sreg_imag[13]' from process `\fft16_r4.$proc$/openLANE_flow/designs/fft_project/radix4/src/fft16_r4.v:0$156'.
No latch inferred for signal `\fft16_r4.\sreg_imag[14]' from process `\fft16_r4.$proc$/openLANE_flow/designs/fft_project/radix4/src/fft16_r4.v:0$156'.
No latch inferred for signal `\fft16_r4.\sreg_imag[15]' from process `\fft16_r4.$proc$/openLANE_flow/designs/fft_project/radix4/src/fft16_r4.v:0$156'.
No latch inferred for signal `\fft16_r4.$mem2reg_rd$\mem_imag$/openLANE_flow/designs/fft_project/radix4/src/fft16_r4.v:61$40_DATA' from process `\fft16_r4.$proc$/openLANE_flow/designs/fft_project/radix4/src/fft16_r4.v:0$153'.
No latch inferred for signal `\fft16_r4.$mem2reg_rd$\mem_real$/openLANE_flow/designs/fft_project/radix4/src/fft16_r4.v:60$39_DATA' from process `\fft16_r4.$proc$/openLANE_flow/designs/fft_project/radix4/src/fft16_r4.v:0$150'.
No latch inferred for signal `\fft16_r4.$mem2reg_rd$\mem_imag$/openLANE_flow/designs/fft_project/radix4/src/fft16_r4.v:59$38_DATA' from process `\fft16_r4.$proc$/openLANE_flow/designs/fft_project/radix4/src/fft16_r4.v:0$147'.
No latch inferred for signal `\fft16_r4.$mem2reg_rd$\mem_real$/openLANE_flow/designs/fft_project/radix4/src/fft16_r4.v:58$37_DATA' from process `\fft16_r4.$proc$/openLANE_flow/designs/fft_project/radix4/src/fft16_r4.v:0$144'.
No latch inferred for signal `\fft16_r4.$mem2reg_rd$\mem_imag$/openLANE_flow/designs/fft_project/radix4/src/fft16_r4.v:57$36_DATA' from process `\fft16_r4.$proc$/openLANE_flow/designs/fft_project/radix4/src/fft16_r4.v:0$141'.
No latch inferred for signal `\fft16_r4.$mem2reg_rd$\mem_real$/openLANE_flow/designs/fft_project/radix4/src/fft16_r4.v:56$35_DATA' from process `\fft16_r4.$proc$/openLANE_flow/designs/fft_project/radix4/src/fft16_r4.v:0$138'.
No latch inferred for signal `\fft16_r4.$mem2reg_rd$\mem_imag$/openLANE_flow/designs/fft_project/radix4/src/fft16_r4.v:55$34_DATA' from process `\fft16_r4.$proc$/openLANE_flow/designs/fft_project/radix4/src/fft16_r4.v:0$135'.
No latch inferred for signal `\fft16_r4.$mem2reg_rd$\mem_real$/openLANE_flow/designs/fft_project/radix4/src/fft16_r4.v:54$33_DATA' from process `\fft16_r4.$proc$/openLANE_flow/designs/fft_project/radix4/src/fft16_r4.v:0$132'.

10.2.8. Executing PROC_DFF pass (convert process syncs to FFs).
Creating register for signal `\stage_regs.\dout_real' using process `\stage_regs.$proc$/openLANE_flow/designs/fft_project/radix4/src/stage_regs.v:25$221'.
  created $adff cell `$procdff$1089' with positive edge clock and negative level reset.
Creating register for signal `\stage_regs.\dout_imag' using process `\stage_regs.$proc$/openLANE_flow/designs/fft_project/radix4/src/stage_regs.v:25$221'.
  created $adff cell `$procdff$1090' with positive edge clock and negative level reset.
Creating register for signal `\stage_regs.\i' using process `\stage_regs.$proc$/openLANE_flow/designs/fft_project/radix4/src/stage_regs.v:25$221'.
  created $dff cell `$procdff$1091' with positive edge clock.
Creating register for signal `\control_fsm_r4.\valid_out' using process `\control_fsm_r4.$proc$/openLANE_flow/designs/fft_project/radix4/src/control_fsm_r4.v:29$195'.
  created $adff cell `$procdff$1092' with positive edge clock and negative level reset.
Creating register for signal `\control_fsm_r4.\sample_addr' using process `\control_fsm_r4.$proc$/openLANE_flow/designs/fft_project/radix4/src/control_fsm_r4.v:29$195'.
  created $adff cell `$procdff$1093' with positive edge clock and negative level reset.
Creating register for signal `\control_fsm_r4.\twiddle_addr' using process `\control_fsm_r4.$proc$/openLANE_flow/designs/fft_project/radix4/src/control_fsm_r4.v:29$195'.
  created $adff cell `$procdff$1094' with positive edge clock and negative level reset.
Creating register for signal `\control_fsm_r4.\bf_sel' using process `\control_fsm_r4.$proc$/openLANE_flow/designs/fft_project/radix4/src/control_fsm_r4.v:29$195'.
  created $adff cell `$procdff$1095' with positive edge clock and negative level reset.
Creating register for signal `\control_fsm_r4.\load_en' using process `\control_fsm_r4.$proc$/openLANE_flow/designs/fft_project/radix4/src/control_fsm_r4.v:29$195'.
  created $adff cell `$procdff$1096' with positive edge clock and negative level reset.
Creating register for signal `\control_fsm_r4.\stage1_en' using process `\control_fsm_r4.$proc$/openLANE_flow/designs/fft_project/radix4/src/control_fsm_r4.v:29$195'.
  created $adff cell `$procdff$1097' with positive edge clock and negative level reset.
Creating register for signal `\control_fsm_r4.\stage2_en' using process `\control_fsm_r4.$proc$/openLANE_flow/designs/fft_project/radix4/src/control_fsm_r4.v:29$195'.
  created $adff cell `$procdff$1098' with positive edge clock and negative level reset.
Creating register for signal `\control_fsm_r4.\reg_en' using process `\control_fsm_r4.$proc$/openLANE_flow/designs/fft_project/radix4/src/control_fsm_r4.v:29$195'.
  created $adff cell `$procdff$1099' with positive edge clock and negative level reset.
Creating register for signal `\control_fsm_r4.\state' using process `\control_fsm_r4.$proc$/openLANE_flow/designs/fft_project/radix4/src/control_fsm_r4.v:29$195'.
  created $adff cell `$procdff$1100' with positive edge clock and negative level reset.
Creating register for signal `\control_fsm_r4.\count' using process `\control_fsm_r4.$proc$/openLANE_flow/designs/fft_project/radix4/src/control_fsm_r4.v:29$195'.
  created $adff cell `$procdff$1101' with positive edge clock and negative level reset.
Creating register for signal `\butterfly_r4.\valid_out' using process `\butterfly_r4.$proc$/openLANE_flow/designs/fft_project/radix4/src/butterfly_r4.v:93$184'.
  created $adff cell `$procdff$1102' with positive edge clock and negative level reset.
Creating register for signal `\butterfly_r4.\y0_real' using process `\butterfly_r4.$proc$/openLANE_flow/designs/fft_project/radix4/src/butterfly_r4.v:93$184'.
  created $adff cell `$procdff$1103' with positive edge clock and negative level reset.
Creating register for signal `\butterfly_r4.\y0_imag' using process `\butterfly_r4.$proc$/openLANE_flow/designs/fft_project/radix4/src/butterfly_r4.v:93$184'.
  created $adff cell `$procdff$1104' with positive edge clock and negative level reset.
Creating register for signal `\butterfly_r4.\y1_real' using process `\butterfly_r4.$proc$/openLANE_flow/designs/fft_project/radix4/src/butterfly_r4.v:93$184'.
  created $adff cell `$procdff$1105' with positive edge clock and negative level reset.
Creating register for signal `\butterfly_r4.\y1_imag' using process `\butterfly_r4.$proc$/openLANE_flow/designs/fft_project/radix4/src/butterfly_r4.v:93$184'.
  created $adff cell `$procdff$1106' with positive edge clock and negative level reset.
Creating register for signal `\butterfly_r4.\y2_real' using process `\butterfly_r4.$proc$/openLANE_flow/designs/fft_project/radix4/src/butterfly_r4.v:93$184'.
  created $adff cell `$procdff$1107' with positive edge clock and negative level reset.
Creating register for signal `\butterfly_r4.\y2_imag' using process `\butterfly_r4.$proc$/openLANE_flow/designs/fft_project/radix4/src/butterfly_r4.v:93$184'.
  created $adff cell `$procdff$1108' with positive edge clock and negative level reset.
Creating register for signal `\butterfly_r4.\y3_real' using process `\butterfly_r4.$proc$/openLANE_flow/designs/fft_project/radix4/src/butterfly_r4.v:93$184'.
  created $adff cell `$procdff$1109' with positive edge clock and negative level reset.
Creating register for signal `\butterfly_r4.\y3_imag' using process `\butterfly_r4.$proc$/openLANE_flow/designs/fft_project/radix4/src/butterfly_r4.v:93$184'.
  created $adff cell `$procdff$1110' with positive edge clock and negative level reset.
Creating register for signal `\fft16_r4.\idx' using process `\fft16_r4.$proc$/openLANE_flow/designs/fft_project/radix4/src/fft16_r4.v:152$50'.
  created $adff cell `$procdff$1111' with positive edge clock and negative level reset.
Creating register for signal `\fft16_r4.\mem_real[0]' using process `\fft16_r4.$proc$/openLANE_flow/designs/fft_project/radix4/src/fft16_r4.v:152$50'.
  created $adff cell `$procdff$1112' with positive edge clock and negative level reset.
Creating register for signal `\fft16_r4.\mem_real[1]' using process `\fft16_r4.$proc$/openLANE_flow/designs/fft_project/radix4/src/fft16_r4.v:152$50'.
  created $adff cell `$procdff$1113' with positive edge clock and negative level reset.
Creating register for signal `\fft16_r4.\mem_real[2]' using process `\fft16_r4.$proc$/openLANE_flow/designs/fft_project/radix4/src/fft16_r4.v:152$50'.
  created $adff cell `$procdff$1114' with positive edge clock and negative level reset.
Creating register for signal `\fft16_r4.\mem_real[3]' using process `\fft16_r4.$proc$/openLANE_flow/designs/fft_project/radix4/src/fft16_r4.v:152$50'.
  created $adff cell `$procdff$1115' with positive edge clock and negative level reset.
Creating register for signal `\fft16_r4.\mem_real[4]' using process `\fft16_r4.$proc$/openLANE_flow/designs/fft_project/radix4/src/fft16_r4.v:152$50'.
  created $adff cell `$procdff$1116' with positive edge clock and negative level reset.
Creating register for signal `\fft16_r4.\mem_real[5]' using process `\fft16_r4.$proc$/openLANE_flow/designs/fft_project/radix4/src/fft16_r4.v:152$50'.
  created $adff cell `$procdff$1117' with positive edge clock and negative level reset.
Creating register for signal `\fft16_r4.\mem_real[6]' using process `\fft16_r4.$proc$/openLANE_flow/designs/fft_project/radix4/src/fft16_r4.v:152$50'.
  created $adff cell `$procdff$1118' with positive edge clock and negative level reset.
Creating register for signal `\fft16_r4.\mem_real[7]' using process `\fft16_r4.$proc$/openLANE_flow/designs/fft_project/radix4/src/fft16_r4.v:152$50'.
  created $adff cell `$procdff$1119' with positive edge clock and negative level reset.
Creating register for signal `\fft16_r4.\mem_real[8]' using process `\fft16_r4.$proc$/openLANE_flow/designs/fft_project/radix4/src/fft16_r4.v:152$50'.
  created $adff cell `$procdff$1120' with positive edge clock and negative level reset.
Creating register for signal `\fft16_r4.\mem_real[9]' using process `\fft16_r4.$proc$/openLANE_flow/designs/fft_project/radix4/src/fft16_r4.v:152$50'.
  created $adff cell `$procdff$1121' with positive edge clock and negative level reset.
Creating register for signal `\fft16_r4.\mem_real[10]' using process `\fft16_r4.$proc$/openLANE_flow/designs/fft_project/radix4/src/fft16_r4.v:152$50'.
  created $adff cell `$procdff$1122' with positive edge clock and negative level reset.
Creating register for signal `\fft16_r4.\mem_real[11]' using process `\fft16_r4.$proc$/openLANE_flow/designs/fft_project/radix4/src/fft16_r4.v:152$50'.
  created $adff cell `$procdff$1123' with positive edge clock and negative level reset.
Creating register for signal `\fft16_r4.\mem_real[12]' using process `\fft16_r4.$proc$/openLANE_flow/designs/fft_project/radix4/src/fft16_r4.v:152$50'.
  created $adff cell `$procdff$1124' with positive edge clock and negative level reset.
Creating register for signal `\fft16_r4.\mem_real[13]' using process `\fft16_r4.$proc$/openLANE_flow/designs/fft_project/radix4/src/fft16_r4.v:152$50'.
  created $adff cell `$procdff$1125' with positive edge clock and negative level reset.
Creating register for signal `\fft16_r4.\mem_real[14]' using process `\fft16_r4.$proc$/openLANE_flow/designs/fft_project/radix4/src/fft16_r4.v:152$50'.
  created $adff cell `$procdff$1126' with positive edge clock and negative level reset.
Creating register for signal `\fft16_r4.\mem_real[15]' using process `\fft16_r4.$proc$/openLANE_flow/designs/fft_project/radix4/src/fft16_r4.v:152$50'.
  created $adff cell `$procdff$1127' with positive edge clock and negative level reset.
Creating register for signal `\fft16_r4.\mem_imag[0]' using process `\fft16_r4.$proc$/openLANE_flow/designs/fft_project/radix4/src/fft16_r4.v:152$50'.
  created $adff cell `$procdff$1128' with positive edge clock and negative level reset.
Creating register for signal `\fft16_r4.\mem_imag[1]' using process `\fft16_r4.$proc$/openLANE_flow/designs/fft_project/radix4/src/fft16_r4.v:152$50'.
  created $adff cell `$procdff$1129' with positive edge clock and negative level reset.
Creating register for signal `\fft16_r4.\mem_imag[2]' using process `\fft16_r4.$proc$/openLANE_flow/designs/fft_project/radix4/src/fft16_r4.v:152$50'.
  created $adff cell `$procdff$1130' with positive edge clock and negative level reset.
Creating register for signal `\fft16_r4.\mem_imag[3]' using process `\fft16_r4.$proc$/openLANE_flow/designs/fft_project/radix4/src/fft16_r4.v:152$50'.
  created $adff cell `$procdff$1131' with positive edge clock and negative level reset.
Creating register for signal `\fft16_r4.\mem_imag[4]' using process `\fft16_r4.$proc$/openLANE_flow/designs/fft_project/radix4/src/fft16_r4.v:152$50'.
  created $adff cell `$procdff$1132' with positive edge clock and negative level reset.
Creating register for signal `\fft16_r4.\mem_imag[5]' using process `\fft16_r4.$proc$/openLANE_flow/designs/fft_project/radix4/src/fft16_r4.v:152$50'.
  created $adff cell `$procdff$1133' with positive edge clock and negative level reset.
Creating register for signal `\fft16_r4.\mem_imag[6]' using process `\fft16_r4.$proc$/openLANE_flow/designs/fft_project/radix4/src/fft16_r4.v:152$50'.
  created $adff cell `$procdff$1134' with positive edge clock and negative level reset.
Creating register for signal `\fft16_r4.\mem_imag[7]' using process `\fft16_r4.$proc$/openLANE_flow/designs/fft_project/radix4/src/fft16_r4.v:152$50'.
  created $adff cell `$procdff$1135' with positive edge clock and negative level reset.
Creating register for signal `\fft16_r4.\mem_imag[8]' using process `\fft16_r4.$proc$/openLANE_flow/designs/fft_project/radix4/src/fft16_r4.v:152$50'.
  created $adff cell `$procdff$1136' with positive edge clock and negative level reset.
Creating register for signal `\fft16_r4.\mem_imag[9]' using process `\fft16_r4.$proc$/openLANE_flow/designs/fft_project/radix4/src/fft16_r4.v:152$50'.
  created $adff cell `$procdff$1137' with positive edge clock and negative level reset.
Creating register for signal `\fft16_r4.\mem_imag[10]' using process `\fft16_r4.$proc$/openLANE_flow/designs/fft_project/radix4/src/fft16_r4.v:152$50'.
  created $adff cell `$procdff$1138' with positive edge clock and negative level reset.
Creating register for signal `\fft16_r4.\mem_imag[11]' using process `\fft16_r4.$proc$/openLANE_flow/designs/fft_project/radix4/src/fft16_r4.v:152$50'.
  created $adff cell `$procdff$1139' with positive edge clock and negative level reset.
Creating register for signal `\fft16_r4.\mem_imag[12]' using process `\fft16_r4.$proc$/openLANE_flow/designs/fft_project/radix4/src/fft16_r4.v:152$50'.
  created $adff cell `$procdff$1140' with positive edge clock and negative level reset.
Creating register for signal `\fft16_r4.\mem_imag[13]' using process `\fft16_r4.$proc$/openLANE_flow/designs/fft_project/radix4/src/fft16_r4.v:152$50'.
  created $adff cell `$procdff$1141' with positive edge clock and negative level reset.
Creating register for signal `\fft16_r4.\mem_imag[14]' using process `\fft16_r4.$proc$/openLANE_flow/designs/fft_project/radix4/src/fft16_r4.v:152$50'.
  created $adff cell `$procdff$1142' with positive edge clock and negative level reset.
Creating register for signal `\fft16_r4.\mem_imag[15]' using process `\fft16_r4.$proc$/openLANE_flow/designs/fft_project/radix4/src/fft16_r4.v:152$50'.
  created $adff cell `$procdff$1143' with positive edge clock and negative level reset.
Creating register for signal `\fft16_r4.$mem2reg_wr$\mem_real$/openLANE_flow/designs/fft_project/radix4/src/fft16_r4.v:168$41_ADDR' using process `\fft16_r4.$proc$/openLANE_flow/designs/fft_project/radix4/src/fft16_r4.v:152$50'.
  created $adff cell `$procdff$1144' with positive edge clock and negative level reset.
Creating register for signal `\fft16_r4.$mem2reg_wr$\mem_real$/openLANE_flow/designs/fft_project/radix4/src/fft16_r4.v:168$41_DATA' using process `\fft16_r4.$proc$/openLANE_flow/designs/fft_project/radix4/src/fft16_r4.v:152$50'.
  created $adff cell `$procdff$1145' with positive edge clock and negative level reset.
Creating register for signal `\fft16_r4.$mem2reg_wr$\mem_imag$/openLANE_flow/designs/fft_project/radix4/src/fft16_r4.v:169$42_ADDR' using process `\fft16_r4.$proc$/openLANE_flow/designs/fft_project/radix4/src/fft16_r4.v:152$50'.
  created $adff cell `$procdff$1146' with positive edge clock and negative level reset.
Creating register for signal `\fft16_r4.$mem2reg_wr$\mem_imag$/openLANE_flow/designs/fft_project/radix4/src/fft16_r4.v:169$42_DATA' using process `\fft16_r4.$proc$/openLANE_flow/designs/fft_project/radix4/src/fft16_r4.v:152$50'.
  created $adff cell `$procdff$1147' with positive edge clock and negative level reset.
Creating register for signal `\fft16_r4.$mem2reg_wr$\mem_real$/openLANE_flow/designs/fft_project/radix4/src/fft16_r4.v:170$43_ADDR' using process `\fft16_r4.$proc$/openLANE_flow/designs/fft_project/radix4/src/fft16_r4.v:152$50'.
  created $adff cell `$procdff$1148' with positive edge clock and negative level reset.
Creating register for signal `\fft16_r4.$mem2reg_wr$\mem_real$/openLANE_flow/designs/fft_project/radix4/src/fft16_r4.v:170$43_DATA' using process `\fft16_r4.$proc$/openLANE_flow/designs/fft_project/radix4/src/fft16_r4.v:152$50'.
  created $adff cell `$procdff$1149' with positive edge clock and negative level reset.
Creating register for signal `\fft16_r4.$mem2reg_wr$\mem_imag$/openLANE_flow/designs/fft_project/radix4/src/fft16_r4.v:171$44_ADDR' using process `\fft16_r4.$proc$/openLANE_flow/designs/fft_project/radix4/src/fft16_r4.v:152$50'.
  created $adff cell `$procdff$1150' with positive edge clock and negative level reset.
Creating register for signal `\fft16_r4.$mem2reg_wr$\mem_imag$/openLANE_flow/designs/fft_project/radix4/src/fft16_r4.v:171$44_DATA' using process `\fft16_r4.$proc$/openLANE_flow/designs/fft_project/radix4/src/fft16_r4.v:152$50'.
  created $adff cell `$procdff$1151' with positive edge clock and negative level reset.
Creating register for signal `\fft16_r4.$mem2reg_wr$\mem_real$/openLANE_flow/designs/fft_project/radix4/src/fft16_r4.v:172$45_ADDR' using process `\fft16_r4.$proc$/openLANE_flow/designs/fft_project/radix4/src/fft16_r4.v:152$50'.
  created $adff cell `$procdff$1152' with positive edge clock and negative level reset.
Creating register for signal `\fft16_r4.$mem2reg_wr$\mem_real$/openLANE_flow/designs/fft_project/radix4/src/fft16_r4.v:172$45_DATA' using process `\fft16_r4.$proc$/openLANE_flow/designs/fft_project/radix4/src/fft16_r4.v:152$50'.
  created $adff cell `$procdff$1153' with positive edge clock and negative level reset.
Creating register for signal `\fft16_r4.$mem2reg_wr$\mem_imag$/openLANE_flow/designs/fft_project/radix4/src/fft16_r4.v:173$46_ADDR' using process `\fft16_r4.$proc$/openLANE_flow/designs/fft_project/radix4/src/fft16_r4.v:152$50'.
  created $adff cell `$procdff$1154' with positive edge clock and negative level reset.
Creating register for signal `\fft16_r4.$mem2reg_wr$\mem_imag$/openLANE_flow/designs/fft_project/radix4/src/fft16_r4.v:173$46_DATA' using process `\fft16_r4.$proc$/openLANE_flow/designs/fft_project/radix4/src/fft16_r4.v:152$50'.
  created $adff cell `$procdff$1155' with positive edge clock and negative level reset.
Creating register for signal `\fft16_r4.$mem2reg_wr$\mem_real$/openLANE_flow/designs/fft_project/radix4/src/fft16_r4.v:174$47_ADDR' using process `\fft16_r4.$proc$/openLANE_flow/designs/fft_project/radix4/src/fft16_r4.v:152$50'.
  created $adff cell `$procdff$1156' with positive edge clock and negative level reset.
Creating register for signal `\fft16_r4.$mem2reg_wr$\mem_real$/openLANE_flow/designs/fft_project/radix4/src/fft16_r4.v:174$47_DATA' using process `\fft16_r4.$proc$/openLANE_flow/designs/fft_project/radix4/src/fft16_r4.v:152$50'.
  created $adff cell `$procdff$1157' with positive edge clock and negative level reset.
Creating register for signal `\fft16_r4.$mem2reg_wr$\mem_imag$/openLANE_flow/designs/fft_project/radix4/src/fft16_r4.v:175$48_ADDR' using process `\fft16_r4.$proc$/openLANE_flow/designs/fft_project/radix4/src/fft16_r4.v:152$50'.
  created $adff cell `$procdff$1158' with positive edge clock and negative level reset.
Creating register for signal `\fft16_r4.$mem2reg_wr$\mem_imag$/openLANE_flow/designs/fft_project/radix4/src/fft16_r4.v:175$48_DATA' using process `\fft16_r4.$proc$/openLANE_flow/designs/fft_project/radix4/src/fft16_r4.v:152$50'.
  created $adff cell `$procdff$1159' with positive edge clock and negative level reset.

10.2.9. Executing PROC_CLEAN pass (remove empty switches from decision trees).
Found and cleaned up 1 empty switch in `\stage_regs.$proc$/openLANE_flow/designs/fft_project/radix4/src/stage_regs.v:25$221'.
Removing empty process `stage_regs.$proc$/openLANE_flow/designs/fft_project/radix4/src/stage_regs.v:25$221'.
Found and cleaned up 6 empty switches in `\control_fsm_r4.$proc$/openLANE_flow/designs/fft_project/radix4/src/control_fsm_r4.v:29$195'.
Removing empty process `control_fsm_r4.$proc$/openLANE_flow/designs/fft_project/radix4/src/control_fsm_r4.v:29$195'.
Found and cleaned up 1 empty switch in `\twiddle_rom_r4.$proc$/openLANE_flow/designs/fft_project/radix4/src/twiddle_rom_r4.v:20$194'.
Removing empty process `twiddle_rom_r4.$proc$/openLANE_flow/designs/fft_project/radix4/src/twiddle_rom_r4.v:20$194'.
Found and cleaned up 1 empty switch in `\butterfly_r4.$proc$/openLANE_flow/designs/fft_project/radix4/src/butterfly_r4.v:93$184'.
Removing empty process `butterfly_r4.$proc$/openLANE_flow/designs/fft_project/radix4/src/butterfly_r4.v:93$184'.
Removing empty process `fft16_r4.$proc$/openLANE_flow/designs/fft_project/radix4/src/fft16_r4.v:0$156'.
Found and cleaned up 1 empty switch in `\fft16_r4.$proc$/openLANE_flow/designs/fft_project/radix4/src/fft16_r4.v:0$153'.
Removing empty process `fft16_r4.$proc$/openLANE_flow/designs/fft_project/radix4/src/fft16_r4.v:0$153'.
Found and cleaned up 1 empty switch in `\fft16_r4.$proc$/openLANE_flow/designs/fft_project/radix4/src/fft16_r4.v:0$150'.
Removing empty process `fft16_r4.$proc$/openLANE_flow/designs/fft_project/radix4/src/fft16_r4.v:0$150'.
Found and cleaned up 1 empty switch in `\fft16_r4.$proc$/openLANE_flow/designs/fft_project/radix4/src/fft16_r4.v:0$147'.
Removing empty process `fft16_r4.$proc$/openLANE_flow/designs/fft_project/radix4/src/fft16_r4.v:0$147'.
Found and cleaned up 1 empty switch in `\fft16_r4.$proc$/openLANE_flow/designs/fft_project/radix4/src/fft16_r4.v:0$144'.
Removing empty process `fft16_r4.$proc$/openLANE_flow/designs/fft_project/radix4/src/fft16_r4.v:0$144'.
Found and cleaned up 1 empty switch in `\fft16_r4.$proc$/openLANE_flow/designs/fft_project/radix4/src/fft16_r4.v:0$141'.
Removing empty process `fft16_r4.$proc$/openLANE_flow/designs/fft_project/radix4/src/fft16_r4.v:0$141'.
Found and cleaned up 1 empty switch in `\fft16_r4.$proc$/openLANE_flow/designs/fft_project/radix4/src/fft16_r4.v:0$138'.
Removing empty process `fft16_r4.$proc$/openLANE_flow/designs/fft_project/radix4/src/fft16_r4.v:0$138'.
Found and cleaned up 1 empty switch in `\fft16_r4.$proc$/openLANE_flow/designs/fft_project/radix4/src/fft16_r4.v:0$135'.
Removing empty process `fft16_r4.$proc$/openLANE_flow/designs/fft_project/radix4/src/fft16_r4.v:0$135'.
Found and cleaned up 1 empty switch in `\fft16_r4.$proc$/openLANE_flow/designs/fft_project/radix4/src/fft16_r4.v:0$132'.
Removing empty process `fft16_r4.$proc$/openLANE_flow/designs/fft_project/radix4/src/fft16_r4.v:0$132'.
Found and cleaned up 26 empty switches in `\fft16_r4.$proc$/openLANE_flow/designs/fft_project/radix4/src/fft16_r4.v:152$50'.
Removing empty process `fft16_r4.$proc$/openLANE_flow/designs/fft_project/radix4/src/fft16_r4.v:152$50'.
Cleaned up 43 empty switches.

10.3. Executing FLATTEN pass (flatten design).
Deleting now unused module stage_regs.
Deleting now unused module bit_reversal_r4.
Deleting now unused module control_fsm_r4.
Deleting now unused module twiddle_rom_r4.
Deleting now unused module butterfly_r4.
<suppressed ~7 debug messages>

10.4. Executing OPT_EXPR pass (perform const folding).
Optimizing module fft16_r4.
<suppressed ~51 debug messages>

10.5. Executing OPT_CLEAN pass (remove unused cells and wires).
Finding unused cells or wires in module \fft16_r4..
Removed 115 unused cells and 598 unused wires.
<suppressed ~161 debug messages>

10.6. Executing CHECK pass (checking for obvious problems).
checking module fft16_r4..
found and reported 0 problems.

10.7. Executing OPT pass (performing simple optimizations).

10.7.1. Executing OPT_EXPR pass (perform const folding).
Optimizing module fft16_r4.
<suppressed ~96 debug messages>

10.7.2. Executing OPT_MERGE pass (detect identical cells).
Finding identical cells in module `\fft16_r4'.
<suppressed ~264 debug messages>
Removed a total of 88 cells.

10.7.3. Executing OPT_MUXTREE pass (detect dead branches in mux trees).
Running muxtree optimizer on module \fft16_r4..
  Creating internal representation of mux trees.
  Evaluating internal representation of mux trees.
  Analyzing evaluation results.
    dead port 2/17 on $pmux $procmux$438.
    dead port 3/17 on $pmux $procmux$438.
    dead port 4/17 on $pmux $procmux$438.
    dead port 6/17 on $pmux $procmux$438.
    dead port 7/17 on $pmux $procmux$438.
    dead port 8/17 on $pmux $procmux$438.
    dead port 10/17 on $pmux $procmux$438.
    dead port 11/17 on $pmux $procmux$438.
    dead port 12/17 on $pmux $procmux$438.
    dead port 14/17 on $pmux $procmux$438.
    dead port 15/17 on $pmux $procmux$438.
    dead port 2/17 on $pmux $procmux$455.
    dead port 3/17 on $pmux $procmux$455.
    dead port 4/17 on $pmux $procmux$455.
    dead port 6/17 on $pmux $procmux$455.
    dead port 7/17 on $pmux $procmux$455.
    dead port 8/17 on $pmux $procmux$455.
    dead port 10/17 on $pmux $procmux$455.
    dead port 11/17 on $pmux $procmux$455.
    dead port 12/17 on $pmux $procmux$455.
    dead port 14/17 on $pmux $procmux$455.
    dead port 15/17 on $pmux $procmux$455.
    dead port 1/17 on $pmux $procmux$472.
    dead port 3/17 on $pmux $procmux$472.
    dead port 4/17 on $pmux $procmux$472.
    dead port 5/17 on $pmux $procmux$472.
    dead port 7/17 on $pmux $procmux$472.
    dead port 8/17 on $pmux $procmux$472.
    dead port 9/17 on $pmux $procmux$472.
    dead port 11/17 on $pmux $procmux$472.
    dead port 12/17 on $pmux $procmux$472.
    dead port 13/17 on $pmux $procmux$472.
    dead port 15/17 on $pmux $procmux$472.
    dead port 1/17 on $pmux $procmux$489.
    dead port 3/17 on $pmux $procmux$489.
    dead port 4/17 on $pmux $procmux$489.
    dead port 5/17 on $pmux $procmux$489.
    dead port 7/17 on $pmux $procmux$489.
    dead port 8/17 on $pmux $procmux$489.
    dead port 9/17 on $pmux $procmux$489.
    dead port 11/17 on $pmux $procmux$489.
    dead port 12/17 on $pmux $procmux$489.
    dead port 13/17 on $pmux $procmux$489.
    dead port 15/17 on $pmux $procmux$489.
    dead port 1/4 on $pmux $flatten\u_rom1.$procmux$402.
    dead port 2/4 on $pmux $flatten\u_rom1.$procmux$402.
    dead port 4/4 on $pmux $flatten\u_rom1.$procmux$402.
    dead port 1/4 on $pmux $flatten\u_rom1.$procmux$407.
    dead port 2/4 on $pmux $flatten\u_rom1.$procmux$407.
    dead port 4/4 on $pmux $flatten\u_rom1.$procmux$407.
    dead port 1/17 on $pmux $procmux$506.
    dead port 2/17 on $pmux $procmux$506.
    dead port 4/17 on $pmux $procmux$506.
    dead port 5/17 on $pmux $procmux$506.
    dead port 6/17 on $pmux $procmux$506.
    dead port 8/17 on $pmux $procmux$506.
    dead port 9/17 on $pmux $procmux$506.
    dead port 10/17 on $pmux $procmux$506.
    dead port 12/17 on $pmux $procmux$506.
    dead port 13/17 on $pmux $procmux$506.
    dead port 14/17 on $pmux $procmux$506.
    dead port 1/4 on $pmux $flatten\u_rom2.$procmux$402.
    dead port 3/4 on $pmux $flatten\u_rom2.$procmux$402.
    dead port 4/4 on $pmux $flatten\u_rom2.$procmux$402.
    dead port 1/4 on $pmux $flatten\u_rom2.$procmux$407.
    dead port 3/4 on $pmux $flatten\u_rom2.$procmux$407.
    dead port 4/4 on $pmux $flatten\u_rom2.$procmux$407.
    dead port 2/4 on $pmux $flatten\u_rom3.$procmux$402.
    dead port 3/4 on $pmux $flatten\u_rom3.$procmux$402.
    dead port 4/4 on $pmux $flatten\u_rom3.$procmux$402.
    dead port 2/4 on $pmux $flatten\u_rom3.$procmux$407.
    dead port 3/4 on $pmux $flatten\u_rom3.$procmux$407.
    dead port 4/4 on $pmux $flatten\u_rom3.$procmux$407.
    dead port 1/17 on $pmux $procmux$523.
    dead port 2/17 on $pmux $procmux$523.
    dead port 4/17 on $pmux $procmux$523.
    dead port 5/17 on $pmux $procmux$523.
    dead port 6/17 on $pmux $procmux$523.
    dead port 8/17 on $pmux $procmux$523.
    dead port 9/17 on $pmux $procmux$523.
    dead port 10/17 on $pmux $procmux$523.
    dead port 12/17 on $pmux $procmux$523.
    dead port 13/17 on $pmux $procmux$523.
    dead port 14/17 on $pmux $procmux$523.
    dead port 1/17 on $pmux $procmux$540.
    dead port 2/17 on $pmux $procmux$540.
    dead port 3/17 on $pmux $procmux$540.
    dead port 5/17 on $pmux $procmux$540.
    dead port 6/17 on $pmux $procmux$540.
    dead port 7/17 on $pmux $procmux$540.
    dead port 9/17 on $pmux $procmux$540.
    dead port 10/17 on $pmux $procmux$540.
    dead port 11/17 on $pmux $procmux$540.
    dead port 13/17 on $pmux $procmux$540.
    dead port 14/17 on $pmux $procmux$540.
    dead port 15/17 on $pmux $procmux$540.
    dead port 1/17 on $pmux $procmux$557.
    dead port 2/17 on $pmux $procmux$557.
    dead port 3/17 on $pmux $procmux$557.
    dead port 5/17 on $pmux $procmux$557.
    dead port 6/17 on $pmux $procmux$557.
    dead port 7/17 on $pmux $procmux$557.
    dead port 9/17 on $pmux $procmux$557.
    dead port 10/17 on $pmux $procmux$557.
    dead port 11/17 on $pmux $procmux$557.
    dead port 13/17 on $pmux $procmux$557.
    dead port 14/17 on $pmux $procmux$557.
    dead port 15/17 on $pmux $procmux$557.
Removed 108 multiplexer ports.
<suppressed ~63 debug messages>

10.7.4. Executing OPT_REDUCE pass (consolidate $*mux and $reduce_* inputs).
  Optimizing cells in module \fft16_r4.
    New ctrl vector for $pmux cell $flatten\u_fsm.$procmux$369: { $flatten\u_fsm.$procmux$332_CMP $auto$opt_reduce.cc:134:opt_mux$1161 }
    New ctrl vector for $pmux cell $flatten\u_fsm.$procmux$377: { $flatten\u_fsm.$procmux$335_CMP $auto$opt_reduce.cc:134:opt_mux$1163 }
    New ctrl vector for $pmux cell $flatten\u_fsm.$procmux$383: $auto$opt_reduce.cc:134:opt_mux$1165
    New ctrl vector for $pmux cell $flatten\u_fsm.$procmux$362: { $flatten\u_fsm.$procmux$344_CMP $auto$opt_reduce.cc:134:opt_mux$1167 }
  Optimizing cells in module \fft16_r4.
Performed a total of 4 changes.

10.7.5. Executing OPT_MERGE pass (detect identical cells).
Finding identical cells in module `\fft16_r4'.
<suppressed ~6 debug messages>
Removed a total of 2 cells.

10.7.6. Executing OPT_DFF pass (perform DFF optimizations).

10.7.7. Executing OPT_CLEAN pass (remove unused cells and wires).
Finding unused cells or wires in module \fft16_r4..
Removed 0 unused cells and 180 unused wires.
<suppressed ~1 debug messages>

10.7.8. Executing OPT_EXPR pass (perform const folding).
Optimizing module fft16_r4.
<suppressed ~12 debug messages>

10.7.9. Rerunning OPT passes. (Maybe there is more to do..)

10.7.10. Executing OPT_MUXTREE pass (detect dead branches in mux trees).
Running muxtree optimizer on module \fft16_r4..
  Creating internal representation of mux trees.
  Evaluating internal representation of mux trees.
  Analyzing evaluation results.
Removed 0 multiplexer ports.
<suppressed ~57 debug messages>

10.7.11. Executing OPT_REDUCE pass (consolidate $*mux and $reduce_* inputs).
  Optimizing cells in module \fft16_r4.
    New ctrl vector for $pmux cell $flatten\u_fsm.$procmux$325: { $flatten\u_fsm.$procmux$336_CMP $auto$opt_reduce.cc:134:opt_mux$1171 $auto$opt_reduce.cc:134:opt_mux$1169 }
  Optimizing cells in module \fft16_r4.
Performed a total of 1 changes.

10.7.12. Executing OPT_MERGE pass (detect identical cells).
Finding identical cells in module `\fft16_r4'.
<suppressed ~3 debug messages>
Removed a total of 1 cells.

10.7.13. Executing OPT_DFF pass (perform DFF optimizations).

10.7.14. Executing OPT_CLEAN pass (remove unused cells and wires).
Finding unused cells or wires in module \fft16_r4..
Removed 0 unused cells and 1 unused wires.
<suppressed ~1 debug messages>

10.7.15. Executing OPT_EXPR pass (perform const folding).
Optimizing module fft16_r4.

10.7.16. Rerunning OPT passes. (Maybe there is more to do..)

10.7.17. Executing OPT_MUXTREE pass (detect dead branches in mux trees).
Running muxtree optimizer on module \fft16_r4..
  Creating internal representation of mux trees.
  Evaluating internal representation of mux trees.
  Analyzing evaluation results.
Removed 0 multiplexer ports.
<suppressed ~57 debug messages>

10.7.18. Executing OPT_REDUCE pass (consolidate $*mux and $reduce_* inputs).
  Optimizing cells in module \fft16_r4.
Performed a total of 0 changes.

10.7.19. Executing OPT_MERGE pass (detect identical cells).
Finding identical cells in module `\fft16_r4'.
Removed a total of 0 cells.

10.7.20. Executing OPT_DFF pass (perform DFF optimizations).

10.7.21. Executing OPT_CLEAN pass (remove unused cells and wires).
Finding unused cells or wires in module \fft16_r4..

10.7.22. Executing OPT_EXPR pass (perform const folding).
Optimizing module fft16_r4.

10.7.23. Finished OPT passes. (There is nothing left to do.)

10.8. Executing FSM pass (extract and optimize FSM).

10.8.1. Executing FSM_DETECT pass (finding FSMs in design).
Not marking fft16_r4.u_fsm.state as FSM state register:
    Circuit seems to be self-resetting.

10.8.2. Executing FSM_EXTRACT pass (extracting FSM from design).

10.8.3. Executing FSM_OPT pass (simple optimizations of FSMs).

10.8.4. Executing OPT_CLEAN pass (remove unused cells and wires).
Finding unused cells or wires in module \fft16_r4..

10.8.5. Executing FSM_OPT pass (simple optimizations of FSMs).

10.8.6. Executing FSM_RECODE pass (re-assigning FSM state encoding).

10.8.7. Executing FSM_INFO pass (dumping all available information on FSM cells).

10.8.8. Executing FSM_MAP pass (mapping FSMs to basic logic).

10.9. Executing OPT pass (performing simple optimizations).

10.9.1. Executing OPT_EXPR pass (perform const folding).
Optimizing module fft16_r4.

10.9.2. Executing OPT_MERGE pass (detect identical cells).
Finding identical cells in module `\fft16_r4'.
Removed a total of 0 cells.

10.9.3. Executing OPT_MUXTREE pass (detect dead branches in mux trees).
Running muxtree optimizer on module \fft16_r4..
  Creating internal representation of mux trees.
  Evaluating internal representation of mux trees.
  Analyzing evaluation results.
Removed 0 multiplexer ports.
<suppressed ~57 debug messages>

10.9.4. Executing OPT_REDUCE pass (consolidate $*mux and $reduce_* inputs).
  Optimizing cells in module \fft16_r4.
Performed a total of 0 changes.

10.9.5. Executing OPT_MERGE pass (detect identical cells).
Finding identical cells in module `\fft16_r4'.
Removed a total of 0 cells.

10.9.6. Executing OPT_DFF pass (perform DFF optimizations).
Adding EN signal on $procdff$1143 ($adff) from module fft16_r4 (D = $0\mem_imag[15][15:0], Q = \mem_imag[15]).
Adding EN signal on $procdff$1142 ($adff) from module fft16_r4 (D = $0\mem_imag[14][15:0], Q = \mem_imag[14]).
Adding EN signal on $procdff$1141 ($adff) from module fft16_r4 (D = $0\mem_imag[13][15:0], Q = \mem_imag[13]).
Adding EN signal on $procdff$1140 ($adff) from module fft16_r4 (D = $0\mem_imag[12][15:0], Q = \mem_imag[12]).
Adding EN signal on $procdff$1139 ($adff) from module fft16_r4 (D = $0\mem_imag[11][15:0], Q = \mem_imag[11]).
Adding EN signal on $procdff$1138 ($adff) from module fft16_r4 (D = $0\mem_imag[10][15:0], Q = \mem_imag[10]).
Adding EN signal on $procdff$1137 ($adff) from module fft16_r4 (D = $0\mem_imag[9][15:0], Q = \mem_imag[9]).
Adding EN signal on $procdff$1136 ($adff) from module fft16_r4 (D = $0\mem_imag[8][15:0], Q = \mem_imag[8]).
Adding EN signal on $procdff$1135 ($adff) from module fft16_r4 (D = $0\mem_imag[7][15:0], Q = \mem_imag[7]).
Adding EN signal on $procdff$1134 ($adff) from module fft16_r4 (D = $0\mem_imag[6][15:0], Q = \mem_imag[6]).
Adding EN signal on $procdff$1133 ($adff) from module fft16_r4 (D = $0\mem_imag[5][15:0], Q = \mem_imag[5]).
Adding EN signal on $procdff$1132 ($adff) from module fft16_r4 (D = $0\mem_imag[4][15:0], Q = \mem_imag[4]).
Adding EN signal on $procdff$1131 ($adff) from module fft16_r4 (D = $0\mem_imag[3][15:0], Q = \mem_imag[3]).
Adding EN signal on $procdff$1130 ($adff) from module fft16_r4 (D = $0\mem_imag[2][15:0], Q = \mem_imag[2]).
Adding EN signal on $procdff$1129 ($adff) from module fft16_r4 (D = $0\mem_imag[1][15:0], Q = \mem_imag[1]).
Adding EN signal on $procdff$1128 ($adff) from module fft16_r4 (D = $0\mem_imag[0][15:0], Q = \mem_imag[0]).
Adding EN signal on $procdff$1127 ($adff) from module fft16_r4 (D = $0\mem_real[15][15:0], Q = \mem_real[15]).
Adding EN signal on $procdff$1126 ($adff) from module fft16_r4 (D = $0\mem_real[14][15:0], Q = \mem_real[14]).
Adding EN signal on $procdff$1125 ($adff) from module fft16_r4 (D = $0\mem_real[13][15:0], Q = \mem_real[13]).
Adding EN signal on $procdff$1124 ($adff) from module fft16_r4 (D = $0\mem_real[12][15:0], Q = \mem_real[12]).
Adding EN signal on $procdff$1123 ($adff) from module fft16_r4 (D = $0\mem_real[11][15:0], Q = \mem_real[11]).
Adding EN signal on $procdff$1122 ($adff) from module fft16_r4 (D = $0\mem_real[10][15:0], Q = \mem_real[10]).
Adding EN signal on $procdff$1121 ($adff) from module fft16_r4 (D = $0\mem_real[9][15:0], Q = \mem_real[9]).
Adding EN signal on $procdff$1120 ($adff) from module fft16_r4 (D = $0\mem_real[8][15:0], Q = \mem_real[8]).
Adding EN signal on $procdff$1119 ($adff) from module fft16_r4 (D = $0\mem_real[7][15:0], Q = \mem_real[7]).
Adding EN signal on $procdff$1118 ($adff) from module fft16_r4 (D = $0\mem_real[6][15:0], Q = \mem_real[6]).
Adding EN signal on $procdff$1117 ($adff) from module fft16_r4 (D = $0\mem_real[5][15:0], Q = \mem_real[5]).
Adding EN signal on $procdff$1116 ($adff) from module fft16_r4 (D = $0\mem_real[4][15:0], Q = \mem_real[4]).
Adding EN signal on $procdff$1115 ($adff) from module fft16_r4 (D = $0\mem_real[3][15:0], Q = \mem_real[3]).
Adding EN signal on $procdff$1114 ($adff) from module fft16_r4 (D = $0\mem_real[2][15:0], Q = \mem_real[2]).
Adding EN signal on $procdff$1113 ($adff) from module fft16_r4 (D = $0\mem_real[1][15:0], Q = \mem_real[1]).
Adding EN signal on $procdff$1112 ($adff) from module fft16_r4 (D = $0\mem_real[0][15:0], Q = \mem_real[0]).
Adding EN signal on $flatten\u_fsm.$procdff$1101 ($adff) from module fft16_r4 (D = $flatten\u_fsm.$0\count[4:0], Q = \u_fsm.count).
Adding EN signal on $flatten\u_fsm.$procdff$1100 ($adff) from module fft16_r4 (D = $flatten\u_fsm.$0\state[2:0], Q = \u_fsm.state).
Adding EN signal on $flatten\u_fsm.$procdff$1098 ($adff) from module fft16_r4 (D = $flatten\u_fsm.$0\stage2_en[0:0], Q = \u_fsm.stage2_en).
Adding EN signal on $flatten\u_fsm.$procdff$1097 ($adff) from module fft16_r4 (D = $flatten\u_fsm.$0\stage1_en[0:0], Q = \u_fsm.stage1_en).
Adding EN signal on $flatten\u_fsm.$procdff$1096 ($adff) from module fft16_r4 (D = $flatten\u_fsm.$0\load_en[0:0], Q = \u_fsm.load_en).
Adding EN signal on $flatten\u_fsm.$procdff$1095 ($adff) from module fft16_r4 (D = \u_fsm.count [1:0], Q = \u_fsm.bf_sel).
Adding EN signal on $flatten\u_fsm.$procdff$1093 ($adff) from module fft16_r4 (D = \u_fsm.count [3:0], Q = \u_fsm.sample_addr).
Adding EN signal on $flatten\u_fsm.$procdff$1092 ($adff) from module fft16_r4 (D = $flatten\u_fsm.$0\valid_out[0:0], Q = \u_fsm.valid_out).
Adding EN signal on $flatten\u_bf.$procdff$1110 ($adff) from module fft16_r4 (D = $flatten\u_bf.$sub$/openLANE_flow/designs/fft_project/radix4/src/butterfly_r4.v:112$193_Y, Q = \u_bf.y3_imag).
Adding EN signal on $flatten\u_bf.$procdff$1109 ($adff) from module fft16_r4 (D = $flatten\u_bf.$sub$/openLANE_flow/designs/fft_project/radix4/src/butterfly_r4.v:111$192_Y, Q = \u_bf.y3_real).
Adding EN signal on $flatten\u_bf.$procdff$1108 ($adff) from module fft16_r4 (D = $flatten\u_bf.$sub$/openLANE_flow/designs/fft_project/radix4/src/butterfly_r4.v:109$191_Y, Q = \u_bf.y2_imag).
Adding EN signal on $flatten\u_bf.$procdff$1107 ($adff) from module fft16_r4 (D = $flatten\u_bf.$sub$/openLANE_flow/designs/fft_project/radix4/src/butterfly_r4.v:108$190_Y, Q = \u_bf.y2_real).
Adding EN signal on $flatten\u_bf.$procdff$1106 ($adff) from module fft16_r4 (D = $flatten\u_bf.$add$/openLANE_flow/designs/fft_project/radix4/src/butterfly_r4.v:106$189_Y, Q = \u_bf.y1_imag).
Adding EN signal on $flatten\u_bf.$procdff$1105 ($adff) from module fft16_r4 (D = $flatten\u_bf.$add$/openLANE_flow/designs/fft_project/radix4/src/butterfly_r4.v:105$188_Y, Q = \u_bf.y1_real).
Adding EN signal on $flatten\u_bf.$procdff$1104 ($adff) from module fft16_r4 (D = $flatten\u_bf.$add$/openLANE_flow/designs/fft_project/radix4/src/butterfly_r4.v:103$187_Y, Q = \u_bf.y0_imag).
Adding EN signal on $flatten\u_bf.$procdff$1103 ($adff) from module fft16_r4 (D = $flatten\u_bf.$add$/openLANE_flow/designs/fft_project/radix4/src/butterfly_r4.v:102$186_Y, Q = \u_bf.y0_real).

10.9.7. Executing OPT_CLEAN pass (remove unused cells and wires).
Finding unused cells or wires in module \fft16_r4..
Removed 10 unused cells and 10 unused wires.
<suppressed ~11 debug messages>

10.9.8. Executing OPT_EXPR pass (perform const folding).
Optimizing module fft16_r4.
<suppressed ~37 debug messages>

10.9.9. Rerunning OPT passes. (Maybe there is more to do..)

10.9.10. Executing OPT_MUXTREE pass (detect dead branches in mux trees).
Running muxtree optimizer on module \fft16_r4..
  Creating internal representation of mux trees.
  Evaluating internal representation of mux trees.
  Analyzing evaluation results.
Removed 0 multiplexer ports.
<suppressed ~47 debug messages>

10.9.11. Executing OPT_REDUCE pass (consolidate $*mux and $reduce_* inputs).
  Optimizing cells in module \fft16_r4.
Performed a total of 0 changes.

10.9.12. Executing OPT_MERGE pass (detect identical cells).
Finding identical cells in module `\fft16_r4'.
<suppressed ~273 debug messages>
Removed a total of 91 cells.

10.9.13. Executing OPT_DFF pass (perform DFF optimizations).

10.9.14. Executing OPT_CLEAN pass (remove unused cells and wires).
Finding unused cells or wires in module \fft16_r4..
Removed 0 unused cells and 91 unused wires.
<suppressed ~1 debug messages>

10.9.15. Executing OPT_EXPR pass (perform const folding).
Optimizing module fft16_r4.

10.9.16. Rerunning OPT passes. (Maybe there is more to do..)

10.9.17. Executing OPT_MUXTREE pass (detect dead branches in mux trees).
Running muxtree optimizer on module \fft16_r4..
  Creating internal representation of mux trees.
  Evaluating internal representation of mux trees.
  Analyzing evaluation results.
Removed 0 multiplexer ports.
<suppressed ~47 debug messages>

10.9.18. Executing OPT_REDUCE pass (consolidate $*mux and $reduce_* inputs).
  Optimizing cells in module \fft16_r4.
Performed a total of 0 changes.

10.9.19. Executing OPT_MERGE pass (detect identical cells).
Finding identical cells in module `\fft16_r4'.
Removed a total of 0 cells.

10.9.20. Executing OPT_DFF pass (perform DFF optimizations).

10.9.21. Executing OPT_CLEAN pass (remove unused cells and wires).
Finding unused cells or wires in module \fft16_r4..

10.9.22. Executing OPT_EXPR pass (perform const folding).
Optimizing module fft16_r4.

10.9.23. Finished OPT passes. (There is nothing left to do.)

10.10. Executing WREDUCE pass (reducing word size of cells).
Removed top 3 bits (of 4) from port B of cell fft16_r4.$eq$/openLANE_flow/designs/fft_project/radix4/src/fft16_r4.v:161$101 ($eq).
Removed top 2 bits (of 4) from port B of cell fft16_r4.$eq$/openLANE_flow/designs/fft_project/radix4/src/fft16_r4.v:161$102 ($eq).
Removed top 2 bits (of 4) from port B of cell fft16_r4.$eq$/openLANE_flow/designs/fft_project/radix4/src/fft16_r4.v:161$103 ($eq).
Removed top 1 bits (of 4) from port B of cell fft16_r4.$eq$/openLANE_flow/designs/fft_project/radix4/src/fft16_r4.v:161$104 ($eq).
Removed top 1 bits (of 4) from port B of cell fft16_r4.$eq$/openLANE_flow/designs/fft_project/radix4/src/fft16_r4.v:161$105 ($eq).
Removed top 1 bits (of 4) from port B of cell fft16_r4.$eq$/openLANE_flow/designs/fft_project/radix4/src/fft16_r4.v:161$106 ($eq).
Removed top 1 bits (of 4) from port B of cell fft16_r4.$eq$/openLANE_flow/designs/fft_project/radix4/src/fft16_r4.v:161$107 ($eq).
Removed top 1 bits (of 2) from port B of cell fft16_r4.$auto$opt_dff.cc:218:make_patterns_logic$1472 ($ne).
Removed cell fft16_r4.$procmux$722 ($mux).
Removed cell fft16_r4.$procmux$724 ($mux).
Removed cell fft16_r4.$procmux$727 ($mux).
Removed cell fft16_r4.$procmux$732 ($mux).
Removed cell fft16_r4.$procmux$734 ($mux).
Removed cell fft16_r4.$procmux$737 ($mux).
Removed cell fft16_r4.$procmux$742 ($mux).
Removed cell fft16_r4.$procmux$744 ($mux).
Removed cell fft16_r4.$procmux$747 ($mux).
Removed cell fft16_r4.$procmux$752 ($mux).
Removed cell fft16_r4.$procmux$754 ($mux).
Removed cell fft16_r4.$procmux$757 ($mux).
Removed cell fft16_r4.$procmux$763 ($mux).
Removed cell fft16_r4.$procmux$765 ($mux).
Removed cell fft16_r4.$procmux$768 ($mux).
Removed cell fft16_r4.$procmux$774 ($mux).
Removed cell fft16_r4.$procmux$776 ($mux).
Removed cell fft16_r4.$procmux$779 ($mux).
Removed cell fft16_r4.$procmux$785 ($mux).
Removed cell fft16_r4.$procmux$787 ($mux).
Removed cell fft16_r4.$procmux$790 ($mux).
Removed cell fft16_r4.$procmux$796 ($mux).
Removed cell fft16_r4.$procmux$798 ($mux).
Removed cell fft16_r4.$procmux$801 ($mux).
Removed cell fft16_r4.$procmux$808 ($mux).
Removed cell fft16_r4.$procmux$810 ($mux).
Removed cell fft16_r4.$procmux$813 ($mux).
Removed cell fft16_r4.$procmux$820 ($mux).
Removed cell fft16_r4.$procmux$822 ($mux).
Removed cell fft16_r4.$procmux$825 ($mux).
Removed cell fft16_r4.$procmux$832 ($mux).
Removed cell fft16_r4.$procmux$834 ($mux).
Removed cell fft16_r4.$procmux$837 ($mux).
Removed cell fft16_r4.$procmux$844 ($mux).
Removed cell fft16_r4.$procmux$846 ($mux).
Removed cell fft16_r4.$procmux$849 ($mux).
Removed cell fft16_r4.$procmux$857 ($mux).
Removed cell fft16_r4.$procmux$859 ($mux).
Removed cell fft16_r4.$procmux$862 ($mux).
Removed cell fft16_r4.$procmux$870 ($mux).
Removed cell fft16_r4.$procmux$872 ($mux).
Removed cell fft16_r4.$procmux$875 ($mux).
Removed cell fft16_r4.$procmux$883 ($mux).
Removed cell fft16_r4.$procmux$885 ($mux).
Removed cell fft16_r4.$procmux$888 ($mux).
Removed cell fft16_r4.$procmux$896 ($mux).
Removed cell fft16_r4.$procmux$898 ($mux).
Removed cell fft16_r4.$procmux$901 ($mux).
Removed cell fft16_r4.$procmux$906 ($mux).
Removed cell fft16_r4.$procmux$908 ($mux).
Removed cell fft16_r4.$procmux$911 ($mux).
Removed cell fft16_r4.$procmux$916 ($mux).
Removed cell fft16_r4.$procmux$918 ($mux).
Removed cell fft16_r4.$procmux$921 ($mux).
Removed cell fft16_r4.$procmux$926 ($mux).
Removed cell fft16_r4.$procmux$928 ($mux).
Removed cell fft16_r4.$procmux$931 ($mux).
Removed cell fft16_r4.$procmux$936 ($mux).
Removed cell fft16_r4.$procmux$938 ($mux).
Removed cell fft16_r4.$procmux$941 ($mux).
Removed cell fft16_r4.$procmux$947 ($mux).
Removed cell fft16_r4.$procmux$949 ($mux).
Removed cell fft16_r4.$procmux$952 ($mux).
Removed cell fft16_r4.$procmux$958 ($mux).
Removed cell fft16_r4.$procmux$960 ($mux).
Removed cell fft16_r4.$procmux$963 ($mux).
Removed cell fft16_r4.$procmux$969 ($mux).
Removed cell fft16_r4.$procmux$971 ($mux).
Removed cell fft16_r4.$procmux$974 ($mux).
Removed cell fft16_r4.$procmux$980 ($mux).
Removed cell fft16_r4.$procmux$982 ($mux).
Removed cell fft16_r4.$procmux$985 ($mux).
Removed cell fft16_r4.$procmux$992 ($mux).
Removed cell fft16_r4.$procmux$994 ($mux).
Removed cell fft16_r4.$procmux$997 ($mux).
Removed top 1 bits (of 2) from port B of cell fft16_r4.$procmux$1005_CMP0 ($eq).
Removed cell fft16_r4.$procmux$1004 ($mux).
Removed cell fft16_r4.$procmux$1006 ($mux).
Removed cell fft16_r4.$procmux$1009 ($mux).
Removed cell fft16_r4.$procmux$1016 ($mux).
Removed cell fft16_r4.$procmux$1018 ($mux).
Removed cell fft16_r4.$procmux$1021 ($mux).
Removed cell fft16_r4.$procmux$1028 ($mux).
Removed cell fft16_r4.$procmux$1030 ($mux).
Removed cell fft16_r4.$procmux$1033 ($mux).
Removed cell fft16_r4.$procmux$1041 ($mux).
Removed cell fft16_r4.$procmux$1043 ($mux).
Removed cell fft16_r4.$procmux$1046 ($mux).
Removed cell fft16_r4.$procmux$1054 ($mux).
Removed cell fft16_r4.$procmux$1056 ($mux).
Removed cell fft16_r4.$procmux$1059 ($mux).
Removed cell fft16_r4.$procmux$1067 ($mux).
Removed cell fft16_r4.$procmux$1069 ($mux).
Removed cell fft16_r4.$procmux$1072 ($mux).
Removed cell fft16_r4.$procmux$1080 ($mux).
Removed cell fft16_r4.$procmux$1082 ($mux).
Removed cell fft16_r4.$procmux$1085 ($mux).
Removed top 1 bits (of 2) from port B of cell fft16_r4.$auto$opt_dff.cc:218:make_patterns_logic$1466 ($ne).
Removed top 1 bits (of 2) from port B of cell fft16_r4.$auto$opt_dff.cc:218:make_patterns_logic$1468 ($ne).
Removed cell fft16_r4.$flatten\u_fsm.$procmux$351 ($mux).
Removed cell fft16_r4.$flatten\u_fsm.$procmux$348 ($mux).
Removed top 1 bits (of 2) from port B of cell fft16_r4.$auto$opt_dff.cc:218:make_patterns_logic$1470 ($ne).
Removed cell fft16_r4.$flatten\u_fsm.$procmux$345 ($mux).
Removed top 1 bits (of 3) from port B of cell fft16_r4.$flatten\u_fsm.$procmux$344_CMP0 ($eq).
Removed cell fft16_r4.$flatten\u_fsm.$procmux$342 ($mux).
Removed cell fft16_r4.$flatten\u_fsm.$procmux$338 ($mux).
Removed top 2 bits (of 3) from port B of cell fft16_r4.$flatten\u_fsm.$procmux$335_CMP0 ($eq).
Removed top 1 bits (of 3) from port B of cell fft16_r4.$flatten\u_fsm.$procmux$332_CMP0 ($eq).
Removed top 3 bits (of 5) from port B of cell fft16_r4.$flatten\u_fsm.$eq$/openLANE_flow/designs/fft_project/radix4/src/control_fsm_r4.v:70$200 ($eq).
Removed top 1 bits (of 5) from port B of cell fft16_r4.$flatten\u_fsm.$eq$/openLANE_flow/designs/fft_project/radix4/src/control_fsm_r4.v:58$198 ($eq).
Removed top 31 bits (of 32) from port B of cell fft16_r4.$flatten\u_fsm.$add$/openLANE_flow/designs/fft_project/radix4/src/control_fsm_r4.v:57$197 ($add).
Removed top 27 bits (of 32) from port Y of cell fft16_r4.$flatten\u_fsm.$add$/openLANE_flow/designs/fft_project/radix4/src/control_fsm_r4.v:57$197 ($add).
Removed top 1 bits (of 32) from port Y of cell fft16_r4.$flatten\u_bf.$add$/openLANE_flow/designs/fft_project/radix4/src/butterfly_r4.v:54$174 ($add).
Removed top 1 bits (of 32) from port A of cell fft16_r4.$flatten\u_bf.$add$/openLANE_flow/designs/fft_project/radix4/src/butterfly_r4.v:54$174 ($add).
Removed top 1 bits (of 32) from port B of cell fft16_r4.$flatten\u_bf.$add$/openLANE_flow/designs/fft_project/radix4/src/butterfly_r4.v:54$174 ($add).
Removed top 1 bits (of 31) from port Y of cell fft16_r4.$flatten\u_bf.$mul$/openLANE_flow/designs/fft_project/radix4/src/butterfly_r4.v:54$173 ($mul).
Removed top 1 bits (of 14) from port A of cell fft16_r4.$flatten\u_bf.$mul$/openLANE_flow/designs/fft_project/radix4/src/butterfly_r4.v:54$172 ($mul).
Removed top 1 bits (of 30) from port Y of cell fft16_r4.$flatten\u_bf.$mul$/openLANE_flow/designs/fft_project/radix4/src/butterfly_r4.v:54$172 ($mul).
Removed top 1 bits (of 32) from port Y of cell fft16_r4.$flatten\u_bf.$sub$/openLANE_flow/designs/fft_project/radix4/src/butterfly_r4.v:53$171 ($sub).
Removed top 1 bits (of 32) from port A of cell fft16_r4.$flatten\u_bf.$sub$/openLANE_flow/designs/fft_project/radix4/src/butterfly_r4.v:53$171 ($sub).
Removed top 1 bits (of 32) from port B of cell fft16_r4.$flatten\u_bf.$sub$/openLANE_flow/designs/fft_project/radix4/src/butterfly_r4.v:53$171 ($sub).
Removed top 1 bits (of 31) from port Y of cell fft16_r4.$flatten\u_bf.$mul$/openLANE_flow/designs/fft_project/radix4/src/butterfly_r4.v:53$170 ($mul).
Removed top 1 bits (of 14) from port A of cell fft16_r4.$flatten\u_bf.$mul$/openLANE_flow/designs/fft_project/radix4/src/butterfly_r4.v:53$169 ($mul).
Removed top 1 bits (of 30) from port Y of cell fft16_r4.$flatten\u_bf.$mul$/openLANE_flow/designs/fft_project/radix4/src/butterfly_r4.v:53$169 ($mul).
Removed top 1 bits (of 32) from port Y of cell fft16_r4.$flatten\u_bf.$add$/openLANE_flow/designs/fft_project/radix4/src/butterfly_r4.v:46$168 ($add).
Removed top 1 bits (of 32) from port A of cell fft16_r4.$flatten\u_bf.$add$/openLANE_flow/designs/fft_project/radix4/src/butterfly_r4.v:46$168 ($add).
Removed top 1 bits (of 32) from port B of cell fft16_r4.$flatten\u_bf.$add$/openLANE_flow/designs/fft_project/radix4/src/butterfly_r4.v:46$168 ($add).
Removed top 1 bits (of 31) from port Y of cell fft16_r4.$flatten\u_bf.$mul$/openLANE_flow/designs/fft_project/radix4/src/butterfly_r4.v:46$167 ($mul).
Removed top 1 bits (of 31) from port Y of cell fft16_r4.$flatten\u_bf.$mul$/openLANE_flow/designs/fft_project/radix4/src/butterfly_r4.v:46$166 ($mul).
Removed top 1 bits (of 32) from port Y of cell fft16_r4.$flatten\u_bf.$sub$/openLANE_flow/designs/fft_project/radix4/src/butterfly_r4.v:45$165 ($sub).
Removed top 1 bits (of 32) from port A of cell fft16_r4.$flatten\u_bf.$sub$/openLANE_flow/designs/fft_project/radix4/src/butterfly_r4.v:45$165 ($sub).
Removed top 1 bits (of 32) from port B of cell fft16_r4.$flatten\u_bf.$sub$/openLANE_flow/designs/fft_project/radix4/src/butterfly_r4.v:45$165 ($sub).
Removed top 1 bits (of 31) from port Y of cell fft16_r4.$flatten\u_bf.$mul$/openLANE_flow/designs/fft_project/radix4/src/butterfly_r4.v:45$164 ($mul).
Removed top 1 bits (of 31) from port Y of cell fft16_r4.$flatten\u_bf.$mul$/openLANE_flow/designs/fft_project/radix4/src/butterfly_r4.v:45$163 ($mul).
Removed top 1 bits (of 32) from port Y of cell fft16_r4.$flatten\u_bf.$add$/openLANE_flow/designs/fft_project/radix4/src/butterfly_r4.v:38$162 ($add).
Removed top 1 bits (of 32) from port A of cell fft16_r4.$flatten\u_bf.$add$/openLANE_flow/designs/fft_project/radix4/src/butterfly_r4.v:38$162 ($add).
Removed top 1 bits (of 32) from port B of cell fft16_r4.$flatten\u_bf.$add$/openLANE_flow/designs/fft_project/radix4/src/butterfly_r4.v:38$162 ($add).
Removed top 1 bits (of 14) from port A of cell fft16_r4.$flatten\u_bf.$mul$/openLANE_flow/designs/fft_project/radix4/src/butterfly_r4.v:38$161 ($mul).
Removed top 1 bits (of 30) from port Y of cell fft16_r4.$flatten\u_bf.$mul$/openLANE_flow/designs/fft_project/radix4/src/butterfly_r4.v:38$161 ($mul).
Removed top 1 bits (of 31) from port Y of cell fft16_r4.$flatten\u_bf.$mul$/openLANE_flow/designs/fft_project/radix4/src/butterfly_r4.v:38$160 ($mul).
Removed top 1 bits (of 32) from port Y of cell fft16_r4.$flatten\u_bf.$sub$/openLANE_flow/designs/fft_project/radix4/src/butterfly_r4.v:37$159 ($sub).
Removed top 1 bits (of 32) from port A of cell fft16_r4.$flatten\u_bf.$sub$/openLANE_flow/designs/fft_project/radix4/src/butterfly_r4.v:37$159 ($sub).
Removed top 1 bits (of 32) from port B of cell fft16_r4.$flatten\u_bf.$sub$/openLANE_flow/designs/fft_project/radix4/src/butterfly_r4.v:37$159 ($sub).
Removed top 1 bits (of 14) from port A of cell fft16_r4.$flatten\u_bf.$mul$/openLANE_flow/designs/fft_project/radix4/src/butterfly_r4.v:37$158 ($mul).
Removed top 1 bits (of 30) from port Y of cell fft16_r4.$flatten\u_bf.$mul$/openLANE_flow/designs/fft_project/radix4/src/butterfly_r4.v:37$158 ($mul).
Removed top 1 bits (of 31) from port Y of cell fft16_r4.$flatten\u_bf.$mul$/openLANE_flow/designs/fft_project/radix4/src/butterfly_r4.v:37$157 ($mul).
Removed top 1 bits (of 32) from wire fft16_r4.$flatten\u_bf.$mul$/openLANE_flow/designs/fft_project/radix4/src/butterfly_r4.v:37$157_Y.
Removed top 1 bits (of 32) from wire fft16_r4.$flatten\u_bf.$mul$/openLANE_flow/designs/fft_project/radix4/src/butterfly_r4.v:37$158_Y.
Removed top 3 bits (of 32) from wire fft16_r4.$flatten\u_bf.$mul$/openLANE_flow/designs/fft_project/radix4/src/butterfly_r4.v:38$160_Y.
Removed top 2 bits (of 32) from wire fft16_r4.$flatten\u_bf.$mul$/openLANE_flow/designs/fft_project/radix4/src/butterfly_r4.v:38$161_Y.
Removed top 2 bits (of 32) from wire fft16_r4.$flatten\u_bf.$mul$/openLANE_flow/designs/fft_project/radix4/src/butterfly_r4.v:45$163_Y.
Removed top 2 bits (of 32) from wire fft16_r4.$flatten\u_bf.$mul$/openLANE_flow/designs/fft_project/radix4/src/butterfly_r4.v:45$164_Y.
Removed top 3 bits (of 32) from wire fft16_r4.$flatten\u_bf.$mul$/openLANE_flow/designs/fft_project/radix4/src/butterfly_r4.v:46$166_Y.
Removed top 3 bits (of 32) from wire fft16_r4.$flatten\u_bf.$mul$/openLANE_flow/designs/fft_project/radix4/src/butterfly_r4.v:46$167_Y.
Removed top 1 bits (of 32) from wire fft16_r4.$flatten\u_bf.$mul$/openLANE_flow/designs/fft_project/radix4/src/butterfly_r4.v:53$169_Y.
Removed top 1 bits (of 32) from wire fft16_r4.$flatten\u_bf.$mul$/openLANE_flow/designs/fft_project/radix4/src/butterfly_r4.v:53$170_Y.
Removed top 2 bits (of 32) from wire fft16_r4.$flatten\u_bf.$mul$/openLANE_flow/designs/fft_project/radix4/src/butterfly_r4.v:54$172_Y.
Removed top 3 bits (of 32) from wire fft16_r4.$flatten\u_bf.$mul$/openLANE_flow/designs/fft_project/radix4/src/butterfly_r4.v:54$173_Y.
Removed top 27 bits (of 32) from wire fft16_r4.$flatten\u_fsm.$add$/openLANE_flow/designs/fft_project/radix4/src/control_fsm_r4.v:57$197_Y.

10.11. Executing PEEPOPT pass (run peephole optimizers).

10.12. Executing OPT_CLEAN pass (remove unused cells and wires).
Finding unused cells or wires in module \fft16_r4..
Removed 0 unused cells and 114 unused wires.
<suppressed ~1 debug messages>

10.13. Executing ALUMACC pass (create $alu and $macc cells).
Extracting $alu and $macc cells in module fft16_r4:
  creating $macc model for $flatten\u_bf.$add$/openLANE_flow/designs/fft_project/radix4/src/butterfly_r4.v:102$186 ($add).
  creating $macc model for $flatten\u_bf.$add$/openLANE_flow/designs/fft_project/radix4/src/butterfly_r4.v:103$187 ($add).
  creating $macc model for $flatten\u_bf.$add$/openLANE_flow/designs/fft_project/radix4/src/butterfly_r4.v:105$188 ($add).
  creating $macc model for $flatten\u_bf.$add$/openLANE_flow/designs/fft_project/radix4/src/butterfly_r4.v:106$189 ($add).
  creating $macc model for $flatten\u_bf.$add$/openLANE_flow/designs/fft_project/radix4/src/butterfly_r4.v:38$162 ($add).
  creating $macc model for $flatten\u_bf.$add$/openLANE_flow/designs/fft_project/radix4/src/butterfly_r4.v:46$168 ($add).
  creating $macc model for $flatten\u_bf.$add$/openLANE_flow/designs/fft_project/radix4/src/butterfly_r4.v:54$174 ($add).
  creating $macc model for $flatten\u_bf.$add$/openLANE_flow/designs/fft_project/radix4/src/butterfly_r4.v:70$175 ($add).
  creating $macc model for $flatten\u_bf.$add$/openLANE_flow/designs/fft_project/radix4/src/butterfly_r4.v:71$176 ($add).
  creating $macc model for $flatten\u_bf.$add$/openLANE_flow/designs/fft_project/radix4/src/butterfly_r4.v:76$179 ($add).
  creating $macc model for $flatten\u_bf.$add$/openLANE_flow/designs/fft_project/radix4/src/butterfly_r4.v:77$180 ($add).
  creating $macc model for $flatten\u_bf.$mul$/openLANE_flow/designs/fft_project/radix4/src/butterfly_r4.v:37$157 ($mul).
  creating $macc model for $flatten\u_bf.$mul$/openLANE_flow/designs/fft_project/radix4/src/butterfly_r4.v:37$158 ($mul).
  creating $macc model for $flatten\u_bf.$mul$/openLANE_flow/designs/fft_project/radix4/src/butterfly_r4.v:38$160 ($mul).
  creating $macc model for $flatten\u_bf.$mul$/openLANE_flow/designs/fft_project/radix4/src/butterfly_r4.v:38$161 ($mul).
  creating $macc model for $flatten\u_bf.$mul$/openLANE_flow/designs/fft_project/radix4/src/butterfly_r4.v:45$163 ($mul).
  creating $macc model for $flatten\u_bf.$mul$/openLANE_flow/designs/fft_project/radix4/src/butterfly_r4.v:45$164 ($mul).
  creating $macc model for $flatten\u_bf.$mul$/openLANE_flow/designs/fft_project/radix4/src/butterfly_r4.v:46$166 ($mul).
  creating $macc model for $flatten\u_bf.$mul$/openLANE_flow/designs/fft_project/radix4/src/butterfly_r4.v:46$167 ($mul).
  creating $macc model for $flatten\u_bf.$mul$/openLANE_flow/designs/fft_project/radix4/src/butterfly_r4.v:53$169 ($mul).
  creating $macc model for $flatten\u_bf.$mul$/openLANE_flow/designs/fft_project/radix4/src/butterfly_r4.v:53$170 ($mul).
  creating $macc model for $flatten\u_bf.$mul$/openLANE_flow/designs/fft_project/radix4/src/butterfly_r4.v:54$172 ($mul).
  creating $macc model for $flatten\u_bf.$mul$/openLANE_flow/designs/fft_project/radix4/src/butterfly_r4.v:54$173 ($mul).
  creating $macc model for $flatten\u_bf.$neg$/openLANE_flow/designs/fft_project/radix4/src/butterfly_r4.v:85$183 ($neg).
  creating $macc model for $flatten\u_bf.$sub$/openLANE_flow/designs/fft_project/radix4/src/butterfly_r4.v:108$190 ($sub).
  creating $macc model for $flatten\u_bf.$sub$/openLANE_flow/designs/fft_project/radix4/src/butterfly_r4.v:109$191 ($sub).
  creating $macc model for $flatten\u_bf.$sub$/openLANE_flow/designs/fft_project/radix4/src/butterfly_r4.v:111$192 ($sub).
  creating $macc model for $flatten\u_bf.$sub$/openLANE_flow/designs/fft_project/radix4/src/butterfly_r4.v:112$193 ($sub).
  creating $macc model for $flatten\u_bf.$sub$/openLANE_flow/designs/fft_project/radix4/src/butterfly_r4.v:37$159 ($sub).
  creating $macc model for $flatten\u_bf.$sub$/openLANE_flow/designs/fft_project/radix4/src/butterfly_r4.v:45$165 ($sub).
  creating $macc model for $flatten\u_bf.$sub$/openLANE_flow/designs/fft_project/radix4/src/butterfly_r4.v:53$171 ($sub).
  creating $macc model for $flatten\u_bf.$sub$/openLANE_flow/designs/fft_project/radix4/src/butterfly_r4.v:73$177 ($sub).
  creating $macc model for $flatten\u_bf.$sub$/openLANE_flow/designs/fft_project/radix4/src/butterfly_r4.v:74$178 ($sub).
  creating $macc model for $flatten\u_bf.$sub$/openLANE_flow/designs/fft_project/radix4/src/butterfly_r4.v:82$181 ($sub).
  creating $macc model for $flatten\u_bf.$sub$/openLANE_flow/designs/fft_project/radix4/src/butterfly_r4.v:83$182 ($sub).
  creating $macc model for $flatten\u_fsm.$add$/openLANE_flow/designs/fft_project/radix4/src/control_fsm_r4.v:57$197 ($add).
  merging $macc model for $flatten\u_bf.$sub$/openLANE_flow/designs/fft_project/radix4/src/butterfly_r4.v:82$181 into $flatten\u_bf.$neg$/openLANE_flow/designs/fft_project/radix4/src/butterfly_r4.v:85$183.
  creating $alu model for $macc $flatten\u_bf.$sub$/openLANE_flow/designs/fft_project/radix4/src/butterfly_r4.v:83$182.
  creating $alu model for $macc $flatten\u_fsm.$add$/openLANE_flow/designs/fft_project/radix4/src/control_fsm_r4.v:57$197.
  creating $alu model for $macc $flatten\u_bf.$sub$/openLANE_flow/designs/fft_project/radix4/src/butterfly_r4.v:74$178.
  creating $alu model for $macc $flatten\u_bf.$sub$/openLANE_flow/designs/fft_project/radix4/src/butterfly_r4.v:73$177.
  creating $alu model for $macc $flatten\u_bf.$sub$/openLANE_flow/designs/fft_project/radix4/src/butterfly_r4.v:53$171.
  creating $alu model for $macc $flatten\u_bf.$sub$/openLANE_flow/designs/fft_project/radix4/src/butterfly_r4.v:45$165.
  creating $alu model for $macc $flatten\u_bf.$sub$/openLANE_flow/designs/fft_project/radix4/src/butterfly_r4.v:37$159.
  creating $alu model for $macc $flatten\u_bf.$sub$/openLANE_flow/designs/fft_project/radix4/src/butterfly_r4.v:112$193.
  creating $alu model for $macc $flatten\u_bf.$sub$/openLANE_flow/designs/fft_project/radix4/src/butterfly_r4.v:111$192.
  creating $alu model for $macc $flatten\u_bf.$sub$/openLANE_flow/designs/fft_project/radix4/src/butterfly_r4.v:109$191.
  creating $alu model for $macc $flatten\u_bf.$sub$/openLANE_flow/designs/fft_project/radix4/src/butterfly_r4.v:108$190.
  creating $alu model for $macc $flatten\u_bf.$neg$/openLANE_flow/designs/fft_project/radix4/src/butterfly_r4.v:85$183.
  creating $alu model for $macc $flatten\u_bf.$add$/openLANE_flow/designs/fft_project/radix4/src/butterfly_r4.v:77$180.
  creating $alu model for $macc $flatten\u_bf.$add$/openLANE_flow/designs/fft_project/radix4/src/butterfly_r4.v:76$179.
  creating $alu model for $macc $flatten\u_bf.$add$/openLANE_flow/designs/fft_project/radix4/src/butterfly_r4.v:71$176.
  creating $alu model for $macc $flatten\u_bf.$add$/openLANE_flow/designs/fft_project/radix4/src/butterfly_r4.v:70$175.
  creating $alu model for $macc $flatten\u_bf.$add$/openLANE_flow/designs/fft_project/radix4/src/butterfly_r4.v:54$174.
  creating $alu model for $macc $flatten\u_bf.$add$/openLANE_flow/designs/fft_project/radix4/src/butterfly_r4.v:46$168.
  creating $alu model for $macc $flatten\u_bf.$add$/openLANE_flow/designs/fft_project/radix4/src/butterfly_r4.v:38$162.
  creating $alu model for $macc $flatten\u_bf.$add$/openLANE_flow/designs/fft_project/radix4/src/butterfly_r4.v:106$189.
  creating $alu model for $macc $flatten\u_bf.$add$/openLANE_flow/designs/fft_project/radix4/src/butterfly_r4.v:105$188.
  creating $alu model for $macc $flatten\u_bf.$add$/openLANE_flow/designs/fft_project/radix4/src/butterfly_r4.v:103$187.
  creating $alu model for $macc $flatten\u_bf.$add$/openLANE_flow/designs/fft_project/radix4/src/butterfly_r4.v:102$186.
  creating $macc cell for $flatten\u_bf.$mul$/openLANE_flow/designs/fft_project/radix4/src/butterfly_r4.v:37$157: $auto$alumacc.cc:365:replace_macc$1511
  creating $macc cell for $flatten\u_bf.$mul$/openLANE_flow/designs/fft_project/radix4/src/butterfly_r4.v:54$173: $auto$alumacc.cc:365:replace_macc$1512
  creating $macc cell for $flatten\u_bf.$mul$/openLANE_flow/designs/fft_project/radix4/src/butterfly_r4.v:54$172: $auto$alumacc.cc:365:replace_macc$1513
  creating $macc cell for $flatten\u_bf.$mul$/openLANE_flow/designs/fft_project/radix4/src/butterfly_r4.v:53$170: $auto$alumacc.cc:365:replace_macc$1514
  creating $macc cell for $flatten\u_bf.$mul$/openLANE_flow/designs/fft_project/radix4/src/butterfly_r4.v:53$169: $auto$alumacc.cc:365:replace_macc$1515
  creating $macc cell for $flatten\u_bf.$mul$/openLANE_flow/designs/fft_project/radix4/src/butterfly_r4.v:46$167: $auto$alumacc.cc:365:replace_macc$1516
  creating $macc cell for $flatten\u_bf.$mul$/openLANE_flow/designs/fft_project/radix4/src/butterfly_r4.v:46$166: $auto$alumacc.cc:365:replace_macc$1517
  creating $macc cell for $flatten\u_bf.$mul$/openLANE_flow/designs/fft_project/radix4/src/butterfly_r4.v:45$164: $auto$alumacc.cc:365:replace_macc$1518
  creating $macc cell for $flatten\u_bf.$mul$/openLANE_flow/designs/fft_project/radix4/src/butterfly_r4.v:45$163: $auto$alumacc.cc:365:replace_macc$1519
  creating $macc cell for $flatten\u_bf.$mul$/openLANE_flow/designs/fft_project/radix4/src/butterfly_r4.v:38$161: $auto$alumacc.cc:365:replace_macc$1520
  creating $macc cell for $flatten\u_bf.$mul$/openLANE_flow/designs/fft_project/radix4/src/butterfly_r4.v:38$160: $auto$alumacc.cc:365:replace_macc$1521
  creating $macc cell for $flatten\u_bf.$mul$/openLANE_flow/designs/fft_project/radix4/src/butterfly_r4.v:37$158: $auto$alumacc.cc:365:replace_macc$1522
  creating $alu cell for $flatten\u_bf.$add$/openLANE_flow/designs/fft_project/radix4/src/butterfly_r4.v:38$162: $auto$alumacc.cc:485:replace_alu$1523
  creating $alu cell for $flatten\u_bf.$add$/openLANE_flow/designs/fft_project/radix4/src/butterfly_r4.v:46$168: $auto$alumacc.cc:485:replace_alu$1526
  creating $alu cell for $flatten\u_bf.$add$/openLANE_flow/designs/fft_project/radix4/src/butterfly_r4.v:54$174: $auto$alumacc.cc:485:replace_alu$1529
  creating $alu cell for $flatten\u_bf.$add$/openLANE_flow/designs/fft_project/radix4/src/butterfly_r4.v:77$180: $auto$alumacc.cc:485:replace_alu$1532
  creating $alu cell for $flatten\u_bf.$add$/openLANE_flow/designs/fft_project/radix4/src/butterfly_r4.v:76$179: $auto$alumacc.cc:485:replace_alu$1535
  creating $alu cell for $flatten\u_bf.$neg$/openLANE_flow/designs/fft_project/radix4/src/butterfly_r4.v:85$183: $auto$alumacc.cc:485:replace_alu$1538
  creating $alu cell for $flatten\u_bf.$add$/openLANE_flow/designs/fft_project/radix4/src/butterfly_r4.v:102$186: $auto$alumacc.cc:485:replace_alu$1541
  creating $alu cell for $flatten\u_bf.$sub$/openLANE_flow/designs/fft_project/radix4/src/butterfly_r4.v:108$190: $auto$alumacc.cc:485:replace_alu$1544
  creating $alu cell for $flatten\u_bf.$add$/openLANE_flow/designs/fft_project/radix4/src/butterfly_r4.v:103$187: $auto$alumacc.cc:485:replace_alu$1547
  creating $alu cell for $flatten\u_bf.$sub$/openLANE_flow/designs/fft_project/radix4/src/butterfly_r4.v:109$191: $auto$alumacc.cc:485:replace_alu$1550
  creating $alu cell for $flatten\u_bf.$add$/openLANE_flow/designs/fft_project/radix4/src/butterfly_r4.v:105$188: $auto$alumacc.cc:485:replace_alu$1553
  creating $alu cell for $flatten\u_bf.$sub$/openLANE_flow/designs/fft_project/radix4/src/butterfly_r4.v:111$192: $auto$alumacc.cc:485:replace_alu$1556
  creating $alu cell for $flatten\u_bf.$add$/openLANE_flow/designs/fft_project/radix4/src/butterfly_r4.v:106$189: $auto$alumacc.cc:485:replace_alu$1559
  creating $alu cell for $flatten\u_bf.$sub$/openLANE_flow/designs/fft_project/radix4/src/butterfly_r4.v:112$193: $auto$alumacc.cc:485:replace_alu$1562
  creating $alu cell for $flatten\u_bf.$sub$/openLANE_flow/designs/fft_project/radix4/src/butterfly_r4.v:37$159: $auto$alumacc.cc:485:replace_alu$1565
  creating $alu cell for $flatten\u_bf.$sub$/openLANE_flow/designs/fft_project/radix4/src/butterfly_r4.v:45$165: $auto$alumacc.cc:485:replace_alu$1568
  creating $alu cell for $flatten\u_bf.$sub$/openLANE_flow/designs/fft_project/radix4/src/butterfly_r4.v:53$171: $auto$alumacc.cc:485:replace_alu$1571
  creating $alu cell for $flatten\u_bf.$add$/openLANE_flow/designs/fft_project/radix4/src/butterfly_r4.v:70$175: $auto$alumacc.cc:485:replace_alu$1574
  creating $alu cell for $flatten\u_bf.$sub$/openLANE_flow/designs/fft_project/radix4/src/butterfly_r4.v:73$177: $auto$alumacc.cc:485:replace_alu$1577
  creating $alu cell for $flatten\u_bf.$add$/openLANE_flow/designs/fft_project/radix4/src/butterfly_r4.v:71$176: $auto$alumacc.cc:485:replace_alu$1580
  creating $alu cell for $flatten\u_bf.$sub$/openLANE_flow/designs/fft_project/radix4/src/butterfly_r4.v:74$178: $auto$alumacc.cc:485:replace_alu$1583
  creating $alu cell for $flatten\u_fsm.$add$/openLANE_flow/designs/fft_project/radix4/src/control_fsm_r4.v:57$197: $auto$alumacc.cc:485:replace_alu$1586
  creating $alu cell for $flatten\u_bf.$sub$/openLANE_flow/designs/fft_project/radix4/src/butterfly_r4.v:83$182: $auto$alumacc.cc:485:replace_alu$1589
  created 23 $alu and 12 $macc cells.

10.14. Executing SHARE pass (SAT-based resource sharing).

10.15. Executing OPT pass (performing simple optimizations).

10.15.1. Executing OPT_EXPR pass (perform const folding).
Optimizing module fft16_r4.

10.15.2. Executing OPT_MERGE pass (detect identical cells).
Finding identical cells in module `\fft16_r4'.
Removed a total of 0 cells.

10.15.3. Executing OPT_MUXTREE pass (detect dead branches in mux trees).
Running muxtree optimizer on module \fft16_r4..
  Creating internal representation of mux trees.
  Evaluating internal representation of mux trees.
  Analyzing evaluation results.
Removed 0 multiplexer ports.
<suppressed ~47 debug messages>

10.15.4. Executing OPT_REDUCE pass (consolidate $*mux and $reduce_* inputs).
  Optimizing cells in module \fft16_r4.
    New ctrl vector for $pmux cell $flatten\u_fsm.$procmux$340: { $flatten\u_fsm.$procmux$336_CMP $flatten\u_fsm.$procmux$335_CMP $flatten\u_fsm.$procmux$332_CMP $flatten\u_fsm.$procmux$329_CMP }
  Optimizing cells in module \fft16_r4.
Performed a total of 1 changes.

10.15.5. Executing OPT_MERGE pass (detect identical cells).
Finding identical cells in module `\fft16_r4'.
<suppressed ~72 debug messages>
Removed a total of 24 cells.

10.15.6. Executing OPT_DFF pass (perform DFF optimizations).

10.15.7. Executing OPT_CLEAN pass (remove unused cells and wires).
Finding unused cells or wires in module \fft16_r4..
Removed 1 unused cells and 25 unused wires.
<suppressed ~3 debug messages>

10.15.8. Executing OPT_EXPR pass (perform const folding).
Optimizing module fft16_r4.

10.15.9. Rerunning OPT passes. (Maybe there is more to do..)

10.15.10. Executing OPT_MUXTREE pass (detect dead branches in mux trees).
Running muxtree optimizer on module \fft16_r4..
  Creating internal representation of mux trees.
  Evaluating internal representation of mux trees.
  Analyzing evaluation results.
Removed 0 multiplexer ports.
<suppressed ~23 debug messages>

10.15.11. Executing OPT_REDUCE pass (consolidate $*mux and $reduce_* inputs).
  Optimizing cells in module \fft16_r4.
Performed a total of 0 changes.

10.15.12. Executing OPT_MERGE pass (detect identical cells).
Finding identical cells in module `\fft16_r4'.
Removed a total of 0 cells.

10.15.13. Executing OPT_DFF pass (perform DFF optimizations).

10.15.14. Executing OPT_CLEAN pass (remove unused cells and wires).
Finding unused cells or wires in module \fft16_r4..

10.15.15. Executing OPT_EXPR pass (perform const folding).
Optimizing module fft16_r4.

10.15.16. Finished OPT passes. (There is nothing left to do.)

10.16. Executing MEMORY pass.

10.16.1. Executing OPT_MEM pass (optimize memories).
Performed a total of 0 transformations.

10.16.2. Executing MEMORY_DFF pass (merging $dff cells to $memrd and $memwr).

10.16.3. Executing OPT_CLEAN pass (remove unused cells and wires).
Finding unused cells or wires in module \fft16_r4..

10.16.4. Executing MEMORY_SHARE pass (consolidating $memrd/$memwr cells).

10.16.5. Executing OPT_CLEAN pass (remove unused cells and wires).
Finding unused cells or wires in module \fft16_r4..

10.16.6. Executing MEMORY_COLLECT pass (generating $mem cells).

10.17. Executing OPT_CLEAN pass (remove unused cells and wires).
Finding unused cells or wires in module \fft16_r4..

10.18. Executing OPT pass (performing simple optimizations).

10.18.1. Executing OPT_EXPR pass (perform const folding).
Optimizing module fft16_r4.
<suppressed ~41 debug messages>

10.18.2. Executing OPT_MERGE pass (detect identical cells).
Finding identical cells in module `\fft16_r4'.
<suppressed ~3 debug messages>
Removed a total of 1 cells.

10.18.3. Executing OPT_DFF pass (perform DFF optimizations).

10.18.4. Executing OPT_CLEAN pass (remove unused cells and wires).
Finding unused cells or wires in module \fft16_r4..
Removed 1 unused cells and 10 unused wires.
<suppressed ~2 debug messages>

10.18.5. Finished fast OPT passes.

10.19. Executing MEMORY_MAP pass (converting $mem cells to logic and flip-flops).

10.20. Executing OPT pass (performing simple optimizations).

10.20.1. Executing OPT_EXPR pass (perform const folding).
Optimizing module fft16_r4.

10.20.2. Executing OPT_MERGE pass (detect identical cells).
Finding identical cells in module `\fft16_r4'.
Removed a total of 0 cells.

10.20.3. Executing OPT_MUXTREE pass (detect dead branches in mux trees).
Running muxtree optimizer on module \fft16_r4..
  Creating internal representation of mux trees.
  Evaluating internal representation of mux trees.
  Analyzing evaluation results.
Removed 0 multiplexer ports.
<suppressed ~18 debug messages>

10.20.4. Executing OPT_REDUCE pass (consolidate $*mux and $reduce_* inputs).
  Optimizing cells in module \fft16_r4.
Performed a total of 0 changes.

10.20.5. Executing OPT_MERGE pass (detect identical cells).
Finding identical cells in module `\fft16_r4'.
Removed a total of 0 cells.

10.20.6. Executing OPT_SHARE pass.

10.20.7. Executing OPT_DFF pass (perform DFF optimizations).

10.20.8. Executing OPT_CLEAN pass (remove unused cells and wires).
Finding unused cells or wires in module \fft16_r4..

10.20.9. Executing OPT_EXPR pass (perform const folding).
Optimizing module fft16_r4.

10.20.10. Finished OPT passes. (There is nothing left to do.)

10.21. Executing TECHMAP pass (map to technology primitives).

10.21.1. Executing Verilog-2005 frontend: /build/bin/../share/yosys/techmap.v
Parsing Verilog input from `/build/bin/../share/yosys/techmap.v' to AST representation.
Generating RTLIL representation for module `\_90_simplemap_bool_ops'.
Generating RTLIL representation for module `\_90_simplemap_reduce_ops'.
Generating RTLIL representation for module `\_90_simplemap_logic_ops'.
Generating RTLIL representation for module `\_90_simplemap_compare_ops'.
Generating RTLIL representation for module `\_90_simplemap_various'.
Generating RTLIL representation for module `\_90_simplemap_registers'.
Generating RTLIL representation for module `\_90_shift_ops_shr_shl_sshl_sshr'.
Generating RTLIL representation for module `\_90_shift_shiftx'.
Generating RTLIL representation for module `\_90_fa'.
Generating RTLIL representation for module `\_90_lcu'.
Generating RTLIL representation for module `\_90_alu'.
Generating RTLIL representation for module `\_90_macc'.
Generating RTLIL representation for module `\_90_alumacc'.
Generating RTLIL representation for module `\$__div_mod_u'.
Generating RTLIL representation for module `\$__div_mod_trunc'.
Generating RTLIL representation for module `\_90_div'.
Generating RTLIL representation for module `\_90_mod'.
Generating RTLIL representation for module `\$__div_mod_floor'.
Generating RTLIL representation for module `\_90_divfloor'.
Generating RTLIL representation for module `\_90_modfloor'.
Generating RTLIL representation for module `\_90_pow'.
Generating RTLIL representation for module `\_90_pmux'.
Generating RTLIL representation for module `\_90_lut'.
Successfully finished Verilog frontend.

10.21.2. Continuing TECHMAP pass.
Using extmapper simplemap for cells of type $or.
Using extmapper simplemap for cells of type $ne.
Using extmapper simplemap for cells of type $logic_not.
Using extmapper simplemap for cells of type $eq.
Using extmapper simplemap for cells of type $adffe.
Using extmapper simplemap for cells of type $reduce_and.
Using template $paramod\_90_pmux\WIDTH=16\S_WIDTH=4 for cells of type $pmux.
Using template $paramod\_90_pmux\WIDTH=16\S_WIDTH=3 for cells of type $pmux.
Using extmapper simplemap for cells of type $reduce_bool.
Using extmapper simplemap for cells of type $mux.
Using extmapper simplemap for cells of type $reduce_or.
Using extmapper maccmap for cells of type $macc.
  add \u_bf.x1_real * 15'011101100100001 (16x15 bits, signed)
Using extmapper simplemap for cells of type $not.
Using template $paramod\_90_pmux\WIDTH=3\S_WIDTH=4 for cells of type $pmux.
Using template $paramod\_90_pmux\WIDTH=5\S_WIDTH=2 for cells of type $pmux.
Using template $paramod\_90_alu\A_SIGNED=1\B_SIGNED=1\A_WIDTH=29\B_WIDTH=29\Y_WIDTH=29 for cells of type $alu.
Using template $paramod\_90_alu\A_SIGNED=1\B_SIGNED=1\A_WIDTH=16\B_WIDTH=16\Y_WIDTH=16 for cells of type $alu.
Using extmapper simplemap for cells of type $adff.
Using template $paramod\_90_alu\A_SIGNED=1\B_SIGNED=1\A_WIDTH=30\B_WIDTH=30\Y_WIDTH=30 for cells of type $alu.
Using template $paramod\_90_alu\A_SIGNED=0\B_SIGNED=0\A_WIDTH=1\B_WIDTH=5\Y_WIDTH=5 for cells of type $alu.
  add \u_bf.x3_imag * 13'0110000111111 (16x13 bits, signed)
  add \u_bf.x3_imag * 15'100010011011111 (16x15 bits, signed)
  add \u_bf.x3_real * 13'0110000111111 (16x13 bits, signed)
  add \u_bf.x2_real * 15'101001010111111 (16x15 bits, signed)
  add \u_bf.x2_imag * 15'010110101000001 (16x15 bits, signed)
  add \u_bf.x2_imag * 15'101001010111111 (16x15 bits, signed)
  add \u_bf.x2_real * 15'010110101000001 (16x15 bits, signed)
  add \u_bf.x1_real * 13'1001111000001 (16x13 bits, signed)
  add \u_bf.x1_imag * 15'011101100100001 (16x15 bits, signed)
  add \u_bf.x1_imag * 13'1001111000001 (16x13 bits, signed)
  add \u_bf.x3_real * 15'100010011011111 (16x15 bits, signed)
Using extmapper simplemap for cells of type $and.
Using template $paramod\_90_fa\WIDTH=30 for cells of type $fa.
Using template $paramod\_90_alu\A_SIGNED=0\B_SIGNED=0\A_WIDTH=30\B_WIDTH=30\Y_WIDTH=30 for cells of type $alu.
Using extmapper simplemap for cells of type $xor.
Using template $paramod\_90_lcu\WIDTH=29 for cells of type $lcu.
Using extmapper simplemap for cells of type $pos.
Using template $paramod\_90_lcu\WIDTH=16 for cells of type $lcu.
Using template $paramod\_90_lcu\WIDTH=30 for cells of type $lcu.
Using template $paramod\_90_lcu\WIDTH=5 for cells of type $lcu.
Using template $paramod\_90_fa\WIDTH=29 for cells of type $fa.
Using template $paramod\_90_alu\A_SIGNED=0\B_SIGNED=0\A_WIDTH=29\B_WIDTH=29\Y_WIDTH=29 for cells of type $alu.
No more expansions possible.
<suppressed ~5765 debug messages>

10.22. Executing OPT pass (performing simple optimizations).

10.22.1. Executing OPT_EXPR pass (perform const folding).
Optimizing module fft16_r4.
<suppressed ~22638 debug messages>

10.22.2. Executing OPT_MERGE pass (detect identical cells).
Finding identical cells in module `\fft16_r4'.
<suppressed ~3270 debug messages>
Removed a total of 1090 cells.

10.22.3. Executing OPT_DFF pass (perform DFF optimizations).

10.22.4. Executing OPT_CLEAN pass (remove unused cells and wires).
Finding unused cells or wires in module \fft16_r4..
Removed 916 unused cells and 4235 unused wires.
<suppressed ~917 debug messages>

10.22.5. Finished fast OPT passes.

10.23. Executing ABC pass (technology mapping using ABC).

10.23.1. Extracting gate netlist of module `\fft16_r4' to `<abc-temp-dir>/input.blif'..
Extracted 12395 gates and 13087 wires to a netlist network with 691 inputs and 293 outputs.

10.23.1.1. Executing ABC.
Running ABC command: <yosys-exe-dir>/yosys-abc -s -f <abc-temp-dir>/abc.script 2>&1
ABC: ABC command line: "source <abc-temp-dir>/abc.script".
ABC: 
ABC: + read_blif <abc-temp-dir>/input.blif 
ABC: + read_library <abc-temp-dir>/stdcells.genlib 
ABC: Entered genlib library with 13 gates from file "<abc-temp-dir>/stdcells.genlib".
ABC: + strash 
ABC: + dretime 
ABC: + map 
ABC: + write_blif <abc-temp-dir>/output.blif 

10.23.1.2. Re-integrating ABC results.
ABC RESULTS:               AND cells:       58
ABC RESULTS:            ANDNOT cells:     4058
ABC RESULTS:               MUX cells:      326
ABC RESULTS:              NAND cells:       82
ABC RESULTS:               NOR cells:     1293
ABC RESULTS:               NOT cells:      715
ABC RESULTS:                OR cells:     1367
ABC RESULTS:             ORNOT cells:      782
ABC RESULTS:              XNOR cells:     1264
ABC RESULTS:               XOR cells:     2646
ABC RESULTS:        internal signals:    12103
ABC RESULTS:           input signals:      691
ABC RESULTS:          output signals:      293
Removing temp directory.

10.24. Executing OPT pass (performing simple optimizations).

10.24.1. Executing OPT_EXPR pass (perform const folding).
Optimizing module fft16_r4.
<suppressed ~10 debug messages>

10.24.2. Executing OPT_MERGE pass (detect identical cells).
Finding identical cells in module `\fft16_r4'.
<suppressed ~270 debug messages>
Removed a total of 90 cells.

10.24.3. Executing OPT_DFF pass (perform DFF optimizations).

10.24.4. Executing OPT_CLEAN pass (remove unused cells and wires).
Finding unused cells or wires in module \fft16_r4..
Removed 0 unused cells and 3818 unused wires.
<suppressed ~16 debug messages>

10.24.5. Finished fast OPT passes.

10.25. Executing HIERARCHY pass (managing design hierarchy).

10.25.1. Analyzing design hierarchy..
Top module:  \fft16_r4

10.25.2. Analyzing design hierarchy..
Top module:  \fft16_r4
Removed 0 unused modules.

10.26. Printing statistics.

=== fft16_r4 ===

   Number of wires:              12399
   Number of wire bits:          15708
   Number of public wires:         129
   Number of public wire bits:    3131
   Number of memories:               0
   Number of memory bits:            0
   Number of processes:              0
   Number of cells:              13160
     $_ANDNOT_                    4052
     $_AND_                         58
     $_DFFE_PN0P_                  654
     $_DFF_PN0_                      1
     $_MUX_                        301
     $_NAND_                        82
     $_NOR_                       1288
     $_NOT_                        715
     $_ORNOT_                      776
     $_OR_                        1363
     $_XNOR_                      1262
     $_XOR_                       2608

10.27. Executing CHECK pass (checking for obvious problems).
checking module fft16_r4..
found and reported 0 problems.

11. Executing SHARE pass (SAT-based resource sharing).

12. Executing OPT pass (performing simple optimizations).

12.1. Executing OPT_EXPR pass (perform const folding).
Optimizing module fft16_r4.

12.2. Executing OPT_MERGE pass (detect identical cells).
Finding identical cells in module `\fft16_r4'.
Removed a total of 0 cells.

12.3. Executing OPT_MUXTREE pass (detect dead branches in mux trees).
Running muxtree optimizer on module \fft16_r4..
  Creating internal representation of mux trees.
  No muxes found in this module.
Removed 0 multiplexer ports.

12.4. Executing OPT_REDUCE pass (consolidate $*mux and $reduce_* inputs).
  Optimizing cells in module \fft16_r4.
Performed a total of 0 changes.

12.5. Executing OPT_MERGE pass (detect identical cells).
Finding identical cells in module `\fft16_r4'.
Removed a total of 0 cells.

12.6. Executing OPT_DFF pass (perform DFF optimizations).

12.7. Executing OPT_CLEAN pass (remove unused cells and wires).
Finding unused cells or wires in module \fft16_r4..

12.8. Executing OPT_EXPR pass (perform const folding).
Optimizing module fft16_r4.

12.9. Finished OPT passes. (There is nothing left to do.)

13. Executing OPT_CLEAN pass (remove unused cells and wires).
Finding unused cells or wires in module \fft16_r4..
Removed 0 unused cells and 104 unused wires.
<suppressed ~104 debug messages>

14. Printing statistics.

=== fft16_r4 ===

   Number of wires:              12295
   Number of wire bits:          13272
   Number of public wires:          25
   Number of public wire bits:     695
   Number of memories:               0
   Number of memory bits:            0
   Number of processes:              0
   Number of cells:              13160
     $_ANDNOT_                    4052
     $_AND_                         58
     $_DFFE_PN0P_                  654
     $_DFF_PN0_                      1
     $_MUX_                        301
     $_NAND_                        82
     $_NOR_                       1288
     $_NOT_                        715
     $_ORNOT_                      776
     $_OR_                        1363
     $_XNOR_                      1262
     $_XOR_                       2608

mapping tbuf

15. Executing TECHMAP pass (map to technology primitives).

15.1. Executing Verilog-2005 frontend: /home/vsduser/Desktop/work/tools/openlane_working_dir/pdks/sky130A/libs.tech/openlane/sky130_fd_sc_hd/tribuff_map.v
Parsing Verilog input from `/home/vsduser/Desktop/work/tools/openlane_working_dir/pdks/sky130A/libs.tech/openlane/sky130_fd_sc_hd/tribuff_map.v' to AST representation.
Generating RTLIL representation for module `\$_TBUF_'.
Successfully finished Verilog frontend.

15.2. Continuing TECHMAP pass.
No more expansions possible.
<suppressed ~3 debug messages>

16. Executing SIMPLEMAP pass (map simple cells to gate primitives).

17. Executing MUXCOVER pass (mapping to wider MUXes).
Covering MUX trees in module fft16_r4..
  Treeifying 301 MUXes:
    Found tree with 1 MUXes at root $0\mem_real[0][15:0] [0].
    Found tree with 1 MUXes at root $0\mem_real[0][15:0] [1].
    Found tree with 1 MUXes at root $0\mem_real[0][15:0] [2].
    Found tree with 1 MUXes at root $0\mem_real[0][15:0] [3].
    Found tree with 1 MUXes at root $0\mem_real[0][15:0] [4].
    Found tree with 1 MUXes at root $0\mem_real[0][15:0] [5].
    Found tree with 1 MUXes at root $0\mem_real[0][15:0] [6].
    Found tree with 1 MUXes at root $0\mem_real[0][15:0] [7].
    Found tree with 1 MUXes at root $0\mem_real[0][15:0] [8].
    Found tree with 1 MUXes at root $0\mem_real[0][15:0] [9].
    Found tree with 1 MUXes at root $0\mem_real[0][15:0] [10].
    Found tree with 1 MUXes at root $0\mem_real[0][15:0] [11].
    Found tree with 1 MUXes at root $0\mem_real[0][15:0] [12].
    Found tree with 1 MUXes at root $0\mem_real[0][15:0] [13].
    Found tree with 1 MUXes at root $0\mem_real[0][15:0] [14].
    Found tree with 1 MUXes at root $0\mem_real[0][15:0] [15].
    Found tree with 1 MUXes at root $0\mem_real[10][15:0] [1].
    Found tree with 1 MUXes at root $0\mem_real[10][15:0] [2].
    Found tree with 1 MUXes at root $0\mem_real[10][15:0] [3].
    Found tree with 1 MUXes at root $0\mem_real[10][15:0] [4].
    Found tree with 1 MUXes at root $0\mem_real[10][15:0] [5].
    Found tree with 1 MUXes at root $0\mem_real[10][15:0] [6].
    Found tree with 1 MUXes at root $0\mem_real[10][15:0] [7].
    Found tree with 1 MUXes at root $0\mem_real[10][15:0] [8].
    Found tree with 1 MUXes at root $0\mem_real[10][15:0] [9].
    Found tree with 1 MUXes at root $0\mem_real[10][15:0] [10].
    Found tree with 1 MUXes at root $0\mem_real[10][15:0] [11].
    Found tree with 1 MUXes at root $0\mem_real[10][15:0] [12].
    Found tree with 1 MUXes at root $0\mem_real[10][15:0] [13].
    Found tree with 1 MUXes at root $0\mem_real[10][15:0] [14].
    Found tree with 1 MUXes at root $0\mem_real[10][15:0] [15].
    Found tree with 1 MUXes at root $0\mem_real[11][15:0] [0].
    Found tree with 1 MUXes at root $0\mem_real[11][15:0] [1].
    Found tree with 1 MUXes at root $0\mem_real[11][15:0] [2].
    Found tree with 1 MUXes at root $0\mem_real[11][15:0] [3].
    Found tree with 1 MUXes at root $0\mem_real[11][15:0] [4].
    Found tree with 1 MUXes at root $0\mem_real[11][15:0] [5].
    Found tree with 1 MUXes at root $0\mem_real[11][15:0] [6].
    Found tree with 1 MUXes at root $0\mem_real[11][15:0] [7].
    Found tree with 1 MUXes at root $0\mem_real[11][15:0] [8].
    Found tree with 1 MUXes at root $0\mem_real[11][15:0] [9].
    Found tree with 1 MUXes at root $0\mem_real[11][15:0] [10].
    Found tree with 1 MUXes at root $0\mem_real[11][15:0] [11].
    Found tree with 1 MUXes at root $0\mem_real[11][15:0] [12].
    Found tree with 1 MUXes at root $0\mem_real[11][15:0] [13].
    Found tree with 1 MUXes at root $0\mem_real[11][15:0] [14].
    Found tree with 1 MUXes at root $0\mem_real[11][15:0] [15].
    Found tree with 1 MUXes at root $0\mem_real[13][15:0] [1].
    Found tree with 1 MUXes at root $0\mem_real[13][15:0] [2].
    Found tree with 1 MUXes at root $0\mem_real[13][15:0] [3].
    Found tree with 1 MUXes at root $0\mem_real[13][15:0] [4].
    Found tree with 1 MUXes at root $0\mem_real[13][15:0] [5].
    Found tree with 1 MUXes at root $0\mem_real[13][15:0] [6].
    Found tree with 1 MUXes at root $0\mem_real[13][15:0] [7].
    Found tree with 1 MUXes at root $0\mem_real[13][15:0] [8].
    Found tree with 1 MUXes at root $0\mem_real[13][15:0] [9].
    Found tree with 1 MUXes at root $0\mem_real[13][15:0] [10].
    Found tree with 1 MUXes at root $0\mem_real[13][15:0] [11].
    Found tree with 1 MUXes at root $0\mem_real[13][15:0] [12].
    Found tree with 1 MUXes at root $0\mem_real[13][15:0] [13].
    Found tree with 1 MUXes at root $0\mem_real[13][15:0] [14].
    Found tree with 1 MUXes at root $0\mem_real[13][15:0] [15].
    Found tree with 1 MUXes at root $0\mem_imag[0][15:0] [0].
    Found tree with 1 MUXes at root $0\mem_imag[0][15:0] [1].
    Found tree with 1 MUXes at root $0\mem_imag[0][15:0] [2].
    Found tree with 1 MUXes at root $0\mem_imag[0][15:0] [3].
    Found tree with 1 MUXes at root $0\mem_imag[0][15:0] [4].
    Found tree with 1 MUXes at root $0\mem_imag[0][15:0] [5].
    Found tree with 1 MUXes at root $0\mem_imag[0][15:0] [6].
    Found tree with 1 MUXes at root $0\mem_imag[0][15:0] [7].
    Found tree with 1 MUXes at root $0\mem_imag[0][15:0] [8].
    Found tree with 1 MUXes at root $0\mem_imag[0][15:0] [9].
    Found tree with 1 MUXes at root $0\mem_imag[0][15:0] [10].
    Found tree with 1 MUXes at root $0\mem_imag[0][15:0] [11].
    Found tree with 1 MUXes at root $0\mem_imag[0][15:0] [12].
    Found tree with 1 MUXes at root $0\mem_imag[0][15:0] [13].
    Found tree with 1 MUXes at root $0\mem_imag[0][15:0] [14].
    Found tree with 1 MUXes at root $0\mem_imag[0][15:0] [15].
    Found tree with 1 MUXes at root $0\mem_imag[10][15:0] [1].
    Found tree with 1 MUXes at root $0\mem_imag[10][15:0] [2].
    Found tree with 1 MUXes at root $0\mem_imag[10][15:0] [3].
    Found tree with 1 MUXes at root $0\mem_imag[10][15:0] [4].
    Found tree with 1 MUXes at root $0\mem_imag[10][15:0] [5].
    Found tree with 1 MUXes at root $0\mem_imag[10][15:0] [6].
    Found tree with 1 MUXes at root $0\mem_imag[10][15:0] [7].
    Found tree with 1 MUXes at root $0\mem_imag[10][15:0] [8].
    Found tree with 1 MUXes at root $0\mem_imag[10][15:0] [9].
    Found tree with 1 MUXes at root $0\mem_imag[10][15:0] [10].
    Found tree with 1 MUXes at root $0\mem_imag[10][15:0] [11].
    Found tree with 1 MUXes at root $0\mem_imag[10][15:0] [12].
    Found tree with 1 MUXes at root $0\mem_imag[10][15:0] [13].
    Found tree with 1 MUXes at root $0\mem_imag[10][15:0] [14].
    Found tree with 1 MUXes at root $0\mem_imag[10][15:0] [15].
    Found tree with 1 MUXes at root $0\mem_imag[11][15:0] [0].
    Found tree with 1 MUXes at root $0\mem_imag[11][15:0] [1].
    Found tree with 1 MUXes at root $0\mem_imag[11][15:0] [2].
    Found tree with 1 MUXes at root $0\mem_imag[11][15:0] [3].
    Found tree with 1 MUXes at root $0\mem_imag[11][15:0] [4].
    Found tree with 1 MUXes at root $0\mem_imag[11][15:0] [5].
    Found tree with 1 MUXes at root $0\mem_imag[11][15:0] [6].
    Found tree with 1 MUXes at root $0\mem_imag[11][15:0] [7].
    Found tree with 1 MUXes at root $0\mem_imag[11][15:0] [8].
    Found tree with 1 MUXes at root $0\mem_imag[11][15:0] [9].
    Found tree with 1 MUXes at root $0\mem_imag[11][15:0] [10].
    Found tree with 1 MUXes at root $0\mem_imag[11][15:0] [11].
    Found tree with 1 MUXes at root $0\mem_imag[11][15:0] [12].
    Found tree with 1 MUXes at root $0\mem_imag[11][15:0] [13].
    Found tree with 1 MUXes at root $0\mem_imag[11][15:0] [14].
    Found tree with 1 MUXes at root $0\mem_imag[11][15:0] [15].
    Found tree with 1 MUXes at root $0\mem_imag[13][15:0] [1].
    Found tree with 1 MUXes at root $0\mem_imag[13][15:0] [2].
    Found tree with 1 MUXes at root $0\mem_imag[13][15:0] [3].
    Found tree with 1 MUXes at root $0\mem_imag[13][15:0] [4].
    Found tree with 1 MUXes at root $0\mem_imag[13][15:0] [5].
    Found tree with 1 MUXes at root $0\mem_imag[13][15:0] [6].
    Found tree with 1 MUXes at root $0\mem_imag[13][15:0] [7].
    Found tree with 1 MUXes at root $0\mem_imag[13][15:0] [8].
    Found tree with 1 MUXes at root $0\mem_imag[13][15:0] [9].
    Found tree with 1 MUXes at root $0\mem_imag[13][15:0] [10].
    Found tree with 1 MUXes at root $0\mem_imag[13][15:0] [11].
    Found tree with 1 MUXes at root $0\mem_imag[13][15:0] [12].
    Found tree with 1 MUXes at root $0\mem_imag[13][15:0] [13].
    Found tree with 1 MUXes at root $0\mem_imag[13][15:0] [14].
    Found tree with 1 MUXes at root $0\mem_imag[13][15:0] [15].
    Found tree with 1 MUXes at root $abc$41605$new_n9608_.
    Found tree with 1 MUXes at root $abc$41605$new_n2428_.
    Found tree with 1 MUXes at root $abc$41605$new_n6724_.
    Found tree with 1 MUXes at root $abc$41605$new_n8129_.
    Found tree with 1 MUXes at root $abc$41605$new_n8139_.
    Found tree with 1 MUXes at root $abc$41605$new_n12306_.
    Found tree with 1 MUXes at root $abc$41605$new_n1590_.
    Found tree with 1 MUXes at root $abc$41605$new_n1144_.
    Found tree with 1 MUXes at root $abc$41605$new_n4092_.
    Found tree with 1 MUXes at root $abc$41605$new_n6861_.
    Found tree with 1 MUXes at root $abc$41605$new_n2477_.
    Found tree with 1 MUXes at root $abc$41605$new_n2267_.
    Found tree with 1 MUXes at root $abc$41605$new_n2298_.
    Found tree with 1 MUXes at root $abc$41605$new_n2259_.
    Found tree with 1 MUXes at root $abc$41605$new_n2314_.
    Found tree with 1 MUXes at root $abc$41605$new_n5200_.
    Found tree with 1 MUXes at root $abc$41605$new_n5094_.
    Found tree with 1 MUXes at root $abc$41605$new_n3177_.
    Found tree with 1 MUXes at root $abc$41605$new_n3329_.
    Found tree with 1 MUXes at root $abc$41605$new_n5087_.
    Found tree with 1 MUXes at root $abc$41605$new_n3193_.
    Found tree with 1 MUXes at root $abc$41605$new_n3297_.
    Found tree with 1 MUXes at root $abc$41605$new_n3127_.
    Found tree with 1 MUXes at root $abc$41605$new_n3457_.
    Found tree with 1 MUXes at root $abc$41605$new_n5687_.
    Found tree with 1 MUXes at root $abc$41605$new_n8710_.
    Found tree with 1 MUXes at root $abc$41605$new_n8334_.
    Found tree with 1 MUXes at root $abc$41605$new_n8667_.
    Found tree with 1 MUXes at root $abc$41605$new_n8888_.
    Found tree with 1 MUXes at root $abc$41605$new_n8893_.
    Found tree with 1 MUXes at root $abc$41605$new_n7659_.
    Found tree with 1 MUXes at root $abc$41605$new_n10402_.
    Found tree with 1 MUXes at root $abc$41605$new_n10732_.
    Found tree with 1 MUXes at root $abc$41605$new_n12310_.
    Found tree with 1 MUXes at root $abc$41605$new_n12360_.
    Found tree with 1 MUXes at root $abc$41605$new_n10189_.
    Found tree with 1 MUXes at root $abc$41605$new_n12562_.
    Found tree with 1 MUXes at root $abc$41605$new_n11453_.
    Found tree with 1 MUXes at root $abc$41605$new_n11946_.
    Found tree with 1 MUXes at root $abc$41605$new_n1029_.
    Found tree with 1 MUXes at root $abc$41605$new_n1010_.
    Found tree with 1 MUXes at root $abc$41605$new_n1019_.
    Found tree with 1 MUXes at root $abc$41605$new_n1129_.
    Found tree with 1 MUXes at root $abc$41605$new_n1153_.
    Found tree with 1 MUXes at root $abc$41605$new_n1579_.
    Found tree with 1 MUXes at root $abc$41605$new_n2902_.
    Found tree with 1 MUXes at root $abc$41605$new_n2443_.
    Found tree with 1 MUXes at root $abc$41605$new_n2016_.
    Found tree with 1 MUXes at root $abc$41605$new_n2007_.
    Found tree with 1 MUXes at root $abc$41605$new_n1999_.
    Found tree with 1 MUXes at root $abc$41605$new_n4144_.
    Found tree with 1 MUXes at root $abc$41605$new_n4117_.
    Found tree with 1 MUXes at root $abc$41605$new_n2519_.
    Found tree with 1 MUXes at root $abc$41605$new_n2330_.
    Found tree with 1 MUXes at root $abc$41605$new_n2376_.
    Found tree with 1 MUXes at root $abc$41605$new_n2349_.
    Found tree with 1 MUXes at root $abc$41605$new_n2276_.
    Found tree with 1 MUXes at root $abc$41605$new_n2394_.
    Found tree with 1 MUXes at root $abc$41605$new_n2338_.
    Found tree with 1 MUXes at root $abc$41605$new_n2285_.
    Found tree with 1 MUXes at root $abc$41605$new_n3168_.
    Found tree with 1 MUXes at root $abc$41605$new_n5193_.
    Found tree with 1 MUXes at root $abc$41605$new_n5389_.
    Found tree with 1 MUXes at root $abc$41605$new_n3251_.
    Found tree with 1 MUXes at root $abc$41605$new_n3333_.
    Found tree with 1 MUXes at root $abc$41605$new_n3293_.
    Found tree with 1 MUXes at root $abc$41605$new_n3119_.
    Found tree with 1 MUXes at root $abc$41605$new_n3281_.
    Found tree with 1 MUXes at root $abc$41605$new_n3145_.
    Found tree with 1 MUXes at root $abc$41605$new_n5444_.
    Found tree with 1 MUXes at root $abc$41605$new_n3137_.
    Found tree with 1 MUXes at root $abc$41605$new_n3154_.
    Found tree with 1 MUXes at root $abc$41605$new_n3221_.
    Found tree with 1 MUXes at root $abc$41605$new_n5529_.
    Found tree with 1 MUXes at root $abc$41605$new_n3209_.
    Found tree with 1 MUXes at root $abc$41605$new_n3255_.
    Found tree with 1 MUXes at root $abc$41605$new_n5380_.
    Found tree with 1 MUXes at root $abc$41605$new_n9905_.
    Found tree with 1 MUXes at root $abc$41605$new_n5195_.
    Found tree with 1 MUXes at root $abc$41605$new_n5586_.
    Found tree with 1 MUXes at root $abc$41605$new_n6034_.
    Found tree with 1 MUXes at root $abc$41605$new_n10122_.
    Found tree with 1 MUXes at root $abc$41605$new_n5815_.
    Found tree with 1 MUXes at root $abc$41605$new_n6322_.
    Found tree with 1 MUXes at root $abc$41605$new_n8708_.
    Found tree with 1 MUXes at root $abc$41605$new_n8497_.
    Found tree with 1 MUXes at root $abc$41605$new_n8713_.
    Found tree with 1 MUXes at root $abc$41605$new_n8543_.
    Found tree with 1 MUXes at root $abc$41605$new_n8342_.
    Found tree with 1 MUXes at root $abc$41605$new_n8435_.
    Found tree with 1 MUXes at root $abc$41605$new_n8545_.
    Found tree with 1 MUXes at root $abc$41605$new_n8546_.
    Found tree with 1 MUXes at root $abc$41605$new_n8796_.
    Found tree with 1 MUXes at root $abc$41605$new_n8825_.
    Found tree with 1 MUXes at root $abc$41605$new_n8849_.
    Found tree with 1 MUXes at root $abc$41605$new_n8619_.
    Found tree with 1 MUXes at root $abc$41605$new_n8945_.
    Found tree with 1 MUXes at root $abc$41605$new_n9025_.
    Found tree with 1 MUXes at root $abc$41605$new_n7871_.
    Found tree with 1 MUXes at root $abc$41605$new_n7151_.
    Found tree with 1 MUXes at root $abc$41605$new_n7407_.
    Found tree with 1 MUXes at root $abc$41605$new_n7400_.
    Found tree with 1 MUXes at root $abc$41605$new_n9297_.
    Found tree with 1 MUXes at root $abc$41605$new_n7518_.
    Found tree with 1 MUXes at root $abc$41605$new_n12414_.
    Found tree with 1 MUXes at root $abc$41605$new_n10989_.
    Found tree with 1 MUXes at root $abc$41605$new_n12373_.
    Found tree with 1 MUXes at root $abc$41605$new_n10768_.
    Found tree with 1 MUXes at root $abc$41605$new_n12283_.
    Found tree with 1 MUXes at root $abc$41605$new_n11033_.
    Found tree with 1 MUXes at root $abc$41605$new_n12472_.
    Found tree with 1 MUXes at root $abc$41605$new_n10454_.
    Found tree with 1 MUXes at root $abc$41605$new_n12459_.
    Found tree with 1 MUXes at root $abc$41605$new_n12520_.
    Found tree with 1 MUXes at root $abc$41605$new_n11910_.
    Found tree with 1 MUXes at root $abc$41605$new_n11760_.
    Found tree with 1 MUXes at root $abc$41605$new_n11176_.
    Found tree with 1 MUXes at root $abc$41605$new_n11995_.
    Found tree with 1 MUXes at root $abc$41605$new_n11238_.
    Found tree with 1 MUXes at root $abc$41605$new_n11698_.
    Found tree with 1 MUXes at root $abc$41605$new_n11732_.
    Found tree with 1 MUXes at root $abc$41605$new_n12063_.
    Found tree with 1 MUXes at root $abc$41605$new_n11989_.
    Found tree with 1 MUXes at root $abc$41605$new_n12056_.
    Found tree with 1 MUXes at root $abc$41605$new_n12135_.
    Found tree with 1 MUXes at root $abc$41605$new_n12139_.
    Found tree with 1 MUXes at root $abc$41605$new_n12168_.
    Found tree with 1 MUXes at root $abc$41605$new_n12114_.
    Found tree with 1 MUXes at root $abc$41605$new_n11857_.
    Found tree with 1 MUXes at root $abc$41605$new_n12238_.
    Found tree with 1 MUXes at root $abc$41605$new_n12245_.
    Found tree with 1 MUXes at root $abc$41605$new_n12174_.
    Found tree with 1 MUXes at root $abc$41605$new_n12191_.
    Found tree with 1 MUXes at root $abc$41605$new_n1099_.
    Found tree with 1 MUXes at root $abc$41605$new_n1622_.
    Found tree with 1 MUXes at root $abc$41605$new_n1053_.
    Found tree with 1 MUXes at root $abc$41605$new_n1039_.
    Found tree with 1 MUXes at root $abc$41605$new_n1603_.
    Found tree with 1 MUXes at root $abc$41605$new_n1654_.
    Found tree with 1 MUXes at root $abc$41605$new_n1173_.
    Found tree with 1 MUXes at root $abc$41605$new_n1217_.
    Found tree with 1 MUXes at root $abc$41605$new_n1555_.
    Found tree with 1 MUXes at root $abc$41605$new_n1569_.
    Found tree with 1 MUXes at root $abc$41605$new_n1208_.
    Found tree with 1 MUXes at root $abc$41605$new_n1070_.
    Found tree with 1 MUXes at root $abc$41605$new_n995_.
    Found tree with 1 MUXes at root $abc$41605$new_n1164_.
    Found tree with 1 MUXes at root $abc$41605$new_n1544_.
    Found tree with 1 MUXes at root $abc$41605$new_n1080_.
    Found tree with 1 MUXes at root $abc$41605$new_n1512_.
    Found tree with 1 MUXes at root $abc$41605$new_n1686_.
    Found tree with 1 MUXes at root $abc$41605$new_n1721_.
    Found tree with 1 MUXes at root $abc$41605$new_n1504_.
    Found tree with 1 MUXes at root $abc$41605$new_n1531_.
    Found tree with 1 MUXes at root $abc$41605$new_n1522_.
    Found tree with 1 MUXes at root $abc$41605$new_n1842_.
    Found tree with 1 MUXes at root $abc$41605$new_n2884_.
    Found tree with 1 MUXes at root $abc$41605$new_n2915_.
    Found tree with 1 MUXes at root $abc$41605$new_n2846_.
    Found tree with 1 MUXes at root $abc$41605$new_n2873_.
    Found tree with 1 MUXes at root $abc$41605$new_n2855_.
    Found tree with 1 MUXes at root $abc$41605$new_n2932_.
    Found tree with 1 MUXes at root $abc$41605$new_n2924_.
    Found tree with 1 MUXes at root $abc$41605$new_n2957_.
    Found tree with 1 MUXes at root $abc$41605$new_n2820_.
    Found tree with 1 MUXes at root $abc$41605$new_n2942_.
    Found tree with 1 MUXes at root $abc$41605$new_n3007_.
    Found tree with 1 MUXes at root $abc$41605$new_n2974_.
    Found tree with 1 MUXes at root $abc$41605$new_n6606_.
    Found tree with 1 MUXes at root $abc$41605$new_n2027_.
    Found tree with 1 MUXes at root $abc$41605$new_n1953_.
    Found tree with 1 MUXes at root $abc$41605$new_n2077_.
    Found tree with 1 MUXes at root $abc$41605$new_n1934_.
    Found tree with 1 MUXes at root $abc$41605$new_n1925_.
    Found tree with 1 MUXes at root $abc$41605$new_n1913_.
    Found tree with 1 MUXes at root $abc$41605$new_n1978_.
    Found tree with 1 MUXes at root $abc$41605$new_n2044_.
    Finished treeification: Found 301 trees.
  Covering trees:
    Replaced tree at $0\mem_real[0][15:0] [0]: 1 MUX2, 0 MUX4, 0 MUX8, 0 MUX16
    Replaced tree at $0\mem_real[0][15:0] [1]: 1 MUX2, 0 MUX4, 0 MUX8, 0 MUX16
    Replaced tree at $0\mem_real[0][15:0] [2]: 1 MUX2, 0 MUX4, 0 MUX8, 0 MUX16
    Replaced tree at $0\mem_real[0][15:0] [3]: 1 MUX2, 0 MUX4, 0 MUX8, 0 MUX16
    Replaced tree at $0\mem_real[0][15:0] [4]: 1 MUX2, 0 MUX4, 0 MUX8, 0 MUX16
    Replaced tree at $0\mem_real[0][15:0] [5]: 1 MUX2, 0 MUX4, 0 MUX8, 0 MUX16
    Replaced tree at $0\mem_real[0][15:0] [6]: 1 MUX2, 0 MUX4, 0 MUX8, 0 MUX16
    Replaced tree at $0\mem_real[0][15:0] [7]: 1 MUX2, 0 MUX4, 0 MUX8, 0 MUX16
    Replaced tree at $0\mem_real[0][15:0] [8]: 1 MUX2, 0 MUX4, 0 MUX8, 0 MUX16
    Replaced tree at $0\mem_real[0][15:0] [9]: 1 MUX2, 0 MUX4, 0 MUX8, 0 MUX16
    Replaced tree at $0\mem_real[0][15:0] [10]: 1 MUX2, 0 MUX4, 0 MUX8, 0 MUX16
    Replaced tree at $0\mem_real[0][15:0] [11]: 1 MUX2, 0 MUX4, 0 MUX8, 0 MUX16
    Replaced tree at $0\mem_real[0][15:0] [12]: 1 MUX2, 0 MUX4, 0 MUX8, 0 MUX16
    Replaced tree at $0\mem_real[0][15:0] [13]: 1 MUX2, 0 MUX4, 0 MUX8, 0 MUX16
    Replaced tree at $0\mem_real[0][15:0] [14]: 1 MUX2, 0 MUX4, 0 MUX8, 0 MUX16
    Replaced tree at $0\mem_real[0][15:0] [15]: 1 MUX2, 0 MUX4, 0 MUX8, 0 MUX16
    Replaced tree at $0\mem_real[10][15:0] [1]: 1 MUX2, 0 MUX4, 0 MUX8, 0 MUX16
    Replaced tree at $0\mem_real[10][15:0] [2]: 1 MUX2, 0 MUX4, 0 MUX8, 0 MUX16
    Replaced tree at $0\mem_real[10][15:0] [3]: 1 MUX2, 0 MUX4, 0 MUX8, 0 MUX16
    Replaced tree at $0\mem_real[10][15:0] [4]: 1 MUX2, 0 MUX4, 0 MUX8, 0 MUX16
    Replaced tree at $0\mem_real[10][15:0] [5]: 1 MUX2, 0 MUX4, 0 MUX8, 0 MUX16
    Replaced tree at $0\mem_real[10][15:0] [6]: 1 MUX2, 0 MUX4, 0 MUX8, 0 MUX16
    Replaced tree at $0\mem_real[10][15:0] [7]: 1 MUX2, 0 MUX4, 0 MUX8, 0 MUX16
    Replaced tree at $0\mem_real[10][15:0] [8]: 1 MUX2, 0 MUX4, 0 MUX8, 0 MUX16
    Replaced tree at $0\mem_real[10][15:0] [9]: 1 MUX2, 0 MUX4, 0 MUX8, 0 MUX16
    Replaced tree at $0\mem_real[10][15:0] [10]: 1 MUX2, 0 MUX4, 0 MUX8, 0 MUX16
    Replaced tree at $0\mem_real[10][15:0] [11]: 1 MUX2, 0 MUX4, 0 MUX8, 0 MUX16
    Replaced tree at $0\mem_real[10][15:0] [12]: 1 MUX2, 0 MUX4, 0 MUX8, 0 MUX16
    Replaced tree at $0\mem_real[10][15:0] [13]: 1 MUX2, 0 MUX4, 0 MUX8, 0 MUX16
    Replaced tree at $0\mem_real[10][15:0] [14]: 1 MUX2, 0 MUX4, 0 MUX8, 0 MUX16
    Replaced tree at $0\mem_real[10][15:0] [15]: 1 MUX2, 0 MUX4, 0 MUX8, 0 MUX16
    Replaced tree at $0\mem_real[11][15:0] [0]: 1 MUX2, 0 MUX4, 0 MUX8, 0 MUX16
    Replaced tree at $0\mem_real[11][15:0] [1]: 1 MUX2, 0 MUX4, 0 MUX8, 0 MUX16
    Replaced tree at $0\mem_real[11][15:0] [2]: 1 MUX2, 0 MUX4, 0 MUX8, 0 MUX16
    Replaced tree at $0\mem_real[11][15:0] [3]: 1 MUX2, 0 MUX4, 0 MUX8, 0 MUX16
    Replaced tree at $0\mem_real[11][15:0] [4]: 1 MUX2, 0 MUX4, 0 MUX8, 0 MUX16
    Replaced tree at $0\mem_real[11][15:0] [5]: 1 MUX2, 0 MUX4, 0 MUX8, 0 MUX16
    Replaced tree at $0\mem_real[11][15:0] [6]: 1 MUX2, 0 MUX4, 0 MUX8, 0 MUX16
    Replaced tree at $0\mem_real[11][15:0] [7]: 1 MUX2, 0 MUX4, 0 MUX8, 0 MUX16
    Replaced tree at $0\mem_real[11][15:0] [8]: 1 MUX2, 0 MUX4, 0 MUX8, 0 MUX16
    Replaced tree at $0\mem_real[11][15:0] [9]: 1 MUX2, 0 MUX4, 0 MUX8, 0 MUX16
    Replaced tree at $0\mem_real[11][15:0] [10]: 1 MUX2, 0 MUX4, 0 MUX8, 0 MUX16
    Replaced tree at $0\mem_real[11][15:0] [11]: 1 MUX2, 0 MUX4, 0 MUX8, 0 MUX16
    Replaced tree at $0\mem_real[11][15:0] [12]: 1 MUX2, 0 MUX4, 0 MUX8, 0 MUX16
    Replaced tree at $0\mem_real[11][15:0] [13]: 1 MUX2, 0 MUX4, 0 MUX8, 0 MUX16
    Replaced tree at $0\mem_real[11][15:0] [14]: 1 MUX2, 0 MUX4, 0 MUX8, 0 MUX16
    Replaced tree at $0\mem_real[11][15:0] [15]: 1 MUX2, 0 MUX4, 0 MUX8, 0 MUX16
    Replaced tree at $0\mem_real[13][15:0] [1]: 1 MUX2, 0 MUX4, 0 MUX8, 0 MUX16
    Replaced tree at $0\mem_real[13][15:0] [2]: 1 MUX2, 0 MUX4, 0 MUX8, 0 MUX16
    Replaced tree at $0\mem_real[13][15:0] [3]: 1 MUX2, 0 MUX4, 0 MUX8, 0 MUX16
    Replaced tree at $0\mem_real[13][15:0] [4]: 1 MUX2, 0 MUX4, 0 MUX8, 0 MUX16
    Replaced tree at $0\mem_real[13][15:0] [5]: 1 MUX2, 0 MUX4, 0 MUX8, 0 MUX16
    Replaced tree at $0\mem_real[13][15:0] [6]: 1 MUX2, 0 MUX4, 0 MUX8, 0 MUX16
    Replaced tree at $0\mem_real[13][15:0] [7]: 1 MUX2, 0 MUX4, 0 MUX8, 0 MUX16
    Replaced tree at $0\mem_real[13][15:0] [8]: 1 MUX2, 0 MUX4, 0 MUX8, 0 MUX16
    Replaced tree at $0\mem_real[13][15:0] [9]: 1 MUX2, 0 MUX4, 0 MUX8, 0 MUX16
    Replaced tree at $0\mem_real[13][15:0] [10]: 1 MUX2, 0 MUX4, 0 MUX8, 0 MUX16
    Replaced tree at $0\mem_real[13][15:0] [11]: 1 MUX2, 0 MUX4, 0 MUX8, 0 MUX16
    Replaced tree at $0\mem_real[13][15:0] [12]: 1 MUX2, 0 MUX4, 0 MUX8, 0 MUX16
    Replaced tree at $0\mem_real[13][15:0] [13]: 1 MUX2, 0 MUX4, 0 MUX8, 0 MUX16
    Replaced tree at $0\mem_real[13][15:0] [14]: 1 MUX2, 0 MUX4, 0 MUX8, 0 MUX16
    Replaced tree at $0\mem_real[13][15:0] [15]: 1 MUX2, 0 MUX4, 0 MUX8, 0 MUX16
    Replaced tree at $0\mem_imag[0][15:0] [0]: 1 MUX2, 0 MUX4, 0 MUX8, 0 MUX16
    Replaced tree at $0\mem_imag[0][15:0] [1]: 1 MUX2, 0 MUX4, 0 MUX8, 0 MUX16
    Replaced tree at $0\mem_imag[0][15:0] [2]: 1 MUX2, 0 MUX4, 0 MUX8, 0 MUX16
    Replaced tree at $0\mem_imag[0][15:0] [3]: 1 MUX2, 0 MUX4, 0 MUX8, 0 MUX16
    Replaced tree at $0\mem_imag[0][15:0] [4]: 1 MUX2, 0 MUX4, 0 MUX8, 0 MUX16
    Replaced tree at $0\mem_imag[0][15:0] [5]: 1 MUX2, 0 MUX4, 0 MUX8, 0 MUX16
    Replaced tree at $0\mem_imag[0][15:0] [6]: 1 MUX2, 0 MUX4, 0 MUX8, 0 MUX16
    Replaced tree at $0\mem_imag[0][15:0] [7]: 1 MUX2, 0 MUX4, 0 MUX8, 0 MUX16
    Replaced tree at $0\mem_imag[0][15:0] [8]: 1 MUX2, 0 MUX4, 0 MUX8, 0 MUX16
    Replaced tree at $0\mem_imag[0][15:0] [9]: 1 MUX2, 0 MUX4, 0 MUX8, 0 MUX16
    Replaced tree at $0\mem_imag[0][15:0] [10]: 1 MUX2, 0 MUX4, 0 MUX8, 0 MUX16
    Replaced tree at $0\mem_imag[0][15:0] [11]: 1 MUX2, 0 MUX4, 0 MUX8, 0 MUX16
    Replaced tree at $0\mem_imag[0][15:0] [12]: 1 MUX2, 0 MUX4, 0 MUX8, 0 MUX16
    Replaced tree at $0\mem_imag[0][15:0] [13]: 1 MUX2, 0 MUX4, 0 MUX8, 0 MUX16
    Replaced tree at $0\mem_imag[0][15:0] [14]: 1 MUX2, 0 MUX4, 0 MUX8, 0 MUX16
    Replaced tree at $0\mem_imag[0][15:0] [15]: 1 MUX2, 0 MUX4, 0 MUX8, 0 MUX16
    Replaced tree at $0\mem_imag[10][15:0] [1]: 1 MUX2, 0 MUX4, 0 MUX8, 0 MUX16
    Replaced tree at $0\mem_imag[10][15:0] [2]: 1 MUX2, 0 MUX4, 0 MUX8, 0 MUX16
    Replaced tree at $0\mem_imag[10][15:0] [3]: 1 MUX2, 0 MUX4, 0 MUX8, 0 MUX16
    Replaced tree at $0\mem_imag[10][15:0] [4]: 1 MUX2, 0 MUX4, 0 MUX8, 0 MUX16
    Replaced tree at $0\mem_imag[10][15:0] [5]: 1 MUX2, 0 MUX4, 0 MUX8, 0 MUX16
    Replaced tree at $0\mem_imag[10][15:0] [6]: 1 MUX2, 0 MUX4, 0 MUX8, 0 MUX16
    Replaced tree at $0\mem_imag[10][15:0] [7]: 1 MUX2, 0 MUX4, 0 MUX8, 0 MUX16
    Replaced tree at $0\mem_imag[10][15:0] [8]: 1 MUX2, 0 MUX4, 0 MUX8, 0 MUX16
    Replaced tree at $0\mem_imag[10][15:0] [9]: 1 MUX2, 0 MUX4, 0 MUX8, 0 MUX16
    Replaced tree at $0\mem_imag[10][15:0] [10]: 1 MUX2, 0 MUX4, 0 MUX8, 0 MUX16
    Replaced tree at $0\mem_imag[10][15:0] [11]: 1 MUX2, 0 MUX4, 0 MUX8, 0 MUX16
    Replaced tree at $0\mem_imag[10][15:0] [12]: 1 MUX2, 0 MUX4, 0 MUX8, 0 MUX16
    Replaced tree at $0\mem_imag[10][15:0] [13]: 1 MUX2, 0 MUX4, 0 MUX8, 0 MUX16
    Replaced tree at $0\mem_imag[10][15:0] [14]: 1 MUX2, 0 MUX4, 0 MUX8, 0 MUX16
    Replaced tree at $0\mem_imag[10][15:0] [15]: 1 MUX2, 0 MUX4, 0 MUX8, 0 MUX16
    Replaced tree at $0\mem_imag[11][15:0] [0]: 1 MUX2, 0 MUX4, 0 MUX8, 0 MUX16
    Replaced tree at $0\mem_imag[11][15:0] [1]: 1 MUX2, 0 MUX4, 0 MUX8, 0 MUX16
    Replaced tree at $0\mem_imag[11][15:0] [2]: 1 MUX2, 0 MUX4, 0 MUX8, 0 MUX16
    Replaced tree at $0\mem_imag[11][15:0] [3]: 1 MUX2, 0 MUX4, 0 MUX8, 0 MUX16
    Replaced tree at $0\mem_imag[11][15:0] [4]: 1 MUX2, 0 MUX4, 0 MUX8, 0 MUX16
    Replaced tree at $0\mem_imag[11][15:0] [5]: 1 MUX2, 0 MUX4, 0 MUX8, 0 MUX16
    Replaced tree at $0\mem_imag[11][15:0] [6]: 1 MUX2, 0 MUX4, 0 MUX8, 0 MUX16
    Replaced tree at $0\mem_imag[11][15:0] [7]: 1 MUX2, 0 MUX4, 0 MUX8, 0 MUX16
    Replaced tree at $0\mem_imag[11][15:0] [8]: 1 MUX2, 0 MUX4, 0 MUX8, 0 MUX16
    Replaced tree at $0\mem_imag[11][15:0] [9]: 1 MUX2, 0 MUX4, 0 MUX8, 0 MUX16
    Replaced tree at $0\mem_imag[11][15:0] [10]: 1 MUX2, 0 MUX4, 0 MUX8, 0 MUX16
    Replaced tree at $0\mem_imag[11][15:0] [11]: 1 MUX2, 0 MUX4, 0 MUX8, 0 MUX16
    Replaced tree at $0\mem_imag[11][15:0] [12]: 1 MUX2, 0 MUX4, 0 MUX8, 0 MUX16
    Replaced tree at $0\mem_imag[11][15:0] [13]: 1 MUX2, 0 MUX4, 0 MUX8, 0 MUX16
    Replaced tree at $0\mem_imag[11][15:0] [14]: 1 MUX2, 0 MUX4, 0 MUX8, 0 MUX16
    Replaced tree at $0\mem_imag[11][15:0] [15]: 1 MUX2, 0 MUX4, 0 MUX8, 0 MUX16
    Replaced tree at $0\mem_imag[13][15:0] [1]: 1 MUX2, 0 MUX4, 0 MUX8, 0 MUX16
    Replaced tree at $0\mem_imag[13][15:0] [2]: 1 MUX2, 0 MUX4, 0 MUX8, 0 MUX16
    Replaced tree at $0\mem_imag[13][15:0] [3]: 1 MUX2, 0 MUX4, 0 MUX8, 0 MUX16
    Replaced tree at $0\mem_imag[13][15:0] [4]: 1 MUX2, 0 MUX4, 0 MUX8, 0 MUX16
    Replaced tree at $0\mem_imag[13][15:0] [5]: 1 MUX2, 0 MUX4, 0 MUX8, 0 MUX16
    Replaced tree at $0\mem_imag[13][15:0] [6]: 1 MUX2, 0 MUX4, 0 MUX8, 0 MUX16
    Replaced tree at $0\mem_imag[13][15:0] [7]: 1 MUX2, 0 MUX4, 0 MUX8, 0 MUX16
    Replaced tree at $0\mem_imag[13][15:0] [8]: 1 MUX2, 0 MUX4, 0 MUX8, 0 MUX16
    Replaced tree at $0\mem_imag[13][15:0] [9]: 1 MUX2, 0 MUX4, 0 MUX8, 0 MUX16
    Replaced tree at $0\mem_imag[13][15:0] [10]: 1 MUX2, 0 MUX4, 0 MUX8, 0 MUX16
    Replaced tree at $0\mem_imag[13][15:0] [11]: 1 MUX2, 0 MUX4, 0 MUX8, 0 MUX16
    Replaced tree at $0\mem_imag[13][15:0] [12]: 1 MUX2, 0 MUX4, 0 MUX8, 0 MUX16
    Replaced tree at $0\mem_imag[13][15:0] [13]: 1 MUX2, 0 MUX4, 0 MUX8, 0 MUX16
    Replaced tree at $0\mem_imag[13][15:0] [14]: 1 MUX2, 0 MUX4, 0 MUX8, 0 MUX16
    Replaced tree at $0\mem_imag[13][15:0] [15]: 1 MUX2, 0 MUX4, 0 MUX8, 0 MUX16
    Replaced tree at $abc$41605$new_n9608_: 1 MUX2, 0 MUX4, 0 MUX8, 0 MUX16
    Replaced tree at $abc$41605$new_n2428_: 1 MUX2, 0 MUX4, 0 MUX8, 0 MUX16
    Replaced tree at $abc$41605$new_n6724_: 1 MUX2, 0 MUX4, 0 MUX8, 0 MUX16
    Replaced tree at $abc$41605$new_n8129_: 1 MUX2, 0 MUX4, 0 MUX8, 0 MUX16
    Replaced tree at $abc$41605$new_n8139_: 1 MUX2, 0 MUX4, 0 MUX8, 0 MUX16
    Replaced tree at $abc$41605$new_n12306_: 1 MUX2, 0 MUX4, 0 MUX8, 0 MUX16
    Replaced tree at $abc$41605$new_n1590_: 1 MUX2, 0 MUX4, 0 MUX8, 0 MUX16
    Replaced tree at $abc$41605$new_n1144_: 1 MUX2, 0 MUX4, 0 MUX8, 0 MUX16
    Replaced tree at $abc$41605$new_n4092_: 1 MUX2, 0 MUX4, 0 MUX8, 0 MUX16
    Replaced tree at $abc$41605$new_n6861_: 1 MUX2, 0 MUX4, 0 MUX8, 0 MUX16
    Replaced tree at $abc$41605$new_n2477_: 1 MUX2, 0 MUX4, 0 MUX8, 0 MUX16
    Replaced tree at $abc$41605$new_n2267_: 1 MUX2, 0 MUX4, 0 MUX8, 0 MUX16
    Replaced tree at $abc$41605$new_n2298_: 1 MUX2, 0 MUX4, 0 MUX8, 0 MUX16
    Replaced tree at $abc$41605$new_n2259_: 1 MUX2, 0 MUX4, 0 MUX8, 0 MUX16
    Replaced tree at $abc$41605$new_n2314_: 1 MUX2, 0 MUX4, 0 MUX8, 0 MUX16
    Replaced tree at $abc$41605$new_n5200_: 1 MUX2, 0 MUX4, 0 MUX8, 0 MUX16
    Replaced tree at $abc$41605$new_n5094_: 1 MUX2, 0 MUX4, 0 MUX8, 0 MUX16
    Replaced tree at $abc$41605$new_n3177_: 1 MUX2, 0 MUX4, 0 MUX8, 0 MUX16
    Replaced tree at $abc$41605$new_n3329_: 1 MUX2, 0 MUX4, 0 MUX8, 0 MUX16
    Replaced tree at $abc$41605$new_n5087_: 1 MUX2, 0 MUX4, 0 MUX8, 0 MUX16
    Replaced tree at $abc$41605$new_n3193_: 1 MUX2, 0 MUX4, 0 MUX8, 0 MUX16
    Replaced tree at $abc$41605$new_n3297_: 1 MUX2, 0 MUX4, 0 MUX8, 0 MUX16
    Replaced tree at $abc$41605$new_n3127_: 1 MUX2, 0 MUX4, 0 MUX8, 0 MUX16
    Replaced tree at $abc$41605$new_n3457_: 1 MUX2, 0 MUX4, 0 MUX8, 0 MUX16
    Replaced tree at $abc$41605$new_n5687_: 1 MUX2, 0 MUX4, 0 MUX8, 0 MUX16
    Replaced tree at $abc$41605$new_n8710_: 1 MUX2, 0 MUX4, 0 MUX8, 0 MUX16
    Replaced tree at $abc$41605$new_n8334_: 1 MUX2, 0 MUX4, 0 MUX8, 0 MUX16
    Replaced tree at $abc$41605$new_n8667_: 1 MUX2, 0 MUX4, 0 MUX8, 0 MUX16
    Replaced tree at $abc$41605$new_n8888_: 1 MUX2, 0 MUX4, 0 MUX8, 0 MUX16
    Replaced tree at $abc$41605$new_n8893_: 1 MUX2, 0 MUX4, 0 MUX8, 0 MUX16
    Replaced tree at $abc$41605$new_n7659_: 1 MUX2, 0 MUX4, 0 MUX8, 0 MUX16
    Replaced tree at $abc$41605$new_n10402_: 1 MUX2, 0 MUX4, 0 MUX8, 0 MUX16
    Replaced tree at $abc$41605$new_n10732_: 1 MUX2, 0 MUX4, 0 MUX8, 0 MUX16
    Replaced tree at $abc$41605$new_n12310_: 1 MUX2, 0 MUX4, 0 MUX8, 0 MUX16
    Replaced tree at $abc$41605$new_n12360_: 1 MUX2, 0 MUX4, 0 MUX8, 0 MUX16
    Replaced tree at $abc$41605$new_n10189_: 1 MUX2, 0 MUX4, 0 MUX8, 0 MUX16
    Replaced tree at $abc$41605$new_n12562_: 1 MUX2, 0 MUX4, 0 MUX8, 0 MUX16
    Replaced tree at $abc$41605$new_n11453_: 1 MUX2, 0 MUX4, 0 MUX8, 0 MUX16
    Replaced tree at $abc$41605$new_n11946_: 1 MUX2, 0 MUX4, 0 MUX8, 0 MUX16
    Replaced tree at $abc$41605$new_n1029_: 1 MUX2, 0 MUX4, 0 MUX8, 0 MUX16
    Replaced tree at $abc$41605$new_n1010_: 1 MUX2, 0 MUX4, 0 MUX8, 0 MUX16
    Replaced tree at $abc$41605$new_n1019_: 1 MUX2, 0 MUX4, 0 MUX8, 0 MUX16
    Replaced tree at $abc$41605$new_n1129_: 1 MUX2, 0 MUX4, 0 MUX8, 0 MUX16
    Replaced tree at $abc$41605$new_n1153_: 1 MUX2, 0 MUX4, 0 MUX8, 0 MUX16
    Replaced tree at $abc$41605$new_n1579_: 1 MUX2, 0 MUX4, 0 MUX8, 0 MUX16
    Replaced tree at $abc$41605$new_n2902_: 1 MUX2, 0 MUX4, 0 MUX8, 0 MUX16
    Replaced tree at $abc$41605$new_n2443_: 1 MUX2, 0 MUX4, 0 MUX8, 0 MUX16
    Replaced tree at $abc$41605$new_n2016_: 1 MUX2, 0 MUX4, 0 MUX8, 0 MUX16
    Replaced tree at $abc$41605$new_n2007_: 1 MUX2, 0 MUX4, 0 MUX8, 0 MUX16
    Replaced tree at $abc$41605$new_n1999_: 1 MUX2, 0 MUX4, 0 MUX8, 0 MUX16
    Replaced tree at $abc$41605$new_n4144_: 1 MUX2, 0 MUX4, 0 MUX8, 0 MUX16
    Replaced tree at $abc$41605$new_n4117_: 1 MUX2, 0 MUX4, 0 MUX8, 0 MUX16
    Replaced tree at $abc$41605$new_n2519_: 1 MUX2, 0 MUX4, 0 MUX8, 0 MUX16
    Replaced tree at $abc$41605$new_n2330_: 1 MUX2, 0 MUX4, 0 MUX8, 0 MUX16
    Replaced tree at $abc$41605$new_n2376_: 1 MUX2, 0 MUX4, 0 MUX8, 0 MUX16
    Replaced tree at $abc$41605$new_n2349_: 1 MUX2, 0 MUX4, 0 MUX8, 0 MUX16
    Replaced tree at $abc$41605$new_n2276_: 1 MUX2, 0 MUX4, 0 MUX8, 0 MUX16
    Replaced tree at $abc$41605$new_n2394_: 1 MUX2, 0 MUX4, 0 MUX8, 0 MUX16
    Replaced tree at $abc$41605$new_n2338_: 1 MUX2, 0 MUX4, 0 MUX8, 0 MUX16
    Replaced tree at $abc$41605$new_n2285_: 1 MUX2, 0 MUX4, 0 MUX8, 0 MUX16
    Replaced tree at $abc$41605$new_n3168_: 1 MUX2, 0 MUX4, 0 MUX8, 0 MUX16
    Replaced tree at $abc$41605$new_n5193_: 1 MUX2, 0 MUX4, 0 MUX8, 0 MUX16
    Replaced tree at $abc$41605$new_n5389_: 1 MUX2, 0 MUX4, 0 MUX8, 0 MUX16
    Replaced tree at $abc$41605$new_n3251_: 1 MUX2, 0 MUX4, 0 MUX8, 0 MUX16
    Replaced tree at $abc$41605$new_n3333_: 1 MUX2, 0 MUX4, 0 MUX8, 0 MUX16
    Replaced tree at $abc$41605$new_n3293_: 1 MUX2, 0 MUX4, 0 MUX8, 0 MUX16
    Replaced tree at $abc$41605$new_n3119_: 1 MUX2, 0 MUX4, 0 MUX8, 0 MUX16
    Replaced tree at $abc$41605$new_n3281_: 1 MUX2, 0 MUX4, 0 MUX8, 0 MUX16
    Replaced tree at $abc$41605$new_n3145_: 1 MUX2, 0 MUX4, 0 MUX8, 0 MUX16
    Replaced tree at $abc$41605$new_n5444_: 1 MUX2, 0 MUX4, 0 MUX8, 0 MUX16
    Replaced tree at $abc$41605$new_n3137_: 1 MUX2, 0 MUX4, 0 MUX8, 0 MUX16
    Replaced tree at $abc$41605$new_n3154_: 1 MUX2, 0 MUX4, 0 MUX8, 0 MUX16
    Replaced tree at $abc$41605$new_n3221_: 1 MUX2, 0 MUX4, 0 MUX8, 0 MUX16
    Replaced tree at $abc$41605$new_n5529_: 1 MUX2, 0 MUX4, 0 MUX8, 0 MUX16
    Replaced tree at $abc$41605$new_n3209_: 1 MUX2, 0 MUX4, 0 MUX8, 0 MUX16
    Replaced tree at $abc$41605$new_n3255_: 1 MUX2, 0 MUX4, 0 MUX8, 0 MUX16
    Replaced tree at $abc$41605$new_n5380_: 1 MUX2, 0 MUX4, 0 MUX8, 0 MUX16
    Replaced tree at $abc$41605$new_n9905_: 1 MUX2, 0 MUX4, 0 MUX8, 0 MUX16
    Replaced tree at $abc$41605$new_n5195_: 1 MUX2, 0 MUX4, 0 MUX8, 0 MUX16
    Replaced tree at $abc$41605$new_n5586_: 1 MUX2, 0 MUX4, 0 MUX8, 0 MUX16
    Replaced tree at $abc$41605$new_n6034_: 1 MUX2, 0 MUX4, 0 MUX8, 0 MUX16
    Replaced tree at $abc$41605$new_n10122_: 1 MUX2, 0 MUX4, 0 MUX8, 0 MUX16
    Replaced tree at $abc$41605$new_n5815_: 1 MUX2, 0 MUX4, 0 MUX8, 0 MUX16
    Replaced tree at $abc$41605$new_n6322_: 1 MUX2, 0 MUX4, 0 MUX8, 0 MUX16
    Replaced tree at $abc$41605$new_n8708_: 1 MUX2, 0 MUX4, 0 MUX8, 0 MUX16
    Replaced tree at $abc$41605$new_n8497_: 1 MUX2, 0 MUX4, 0 MUX8, 0 MUX16
    Replaced tree at $abc$41605$new_n8713_: 1 MUX2, 0 MUX4, 0 MUX8, 0 MUX16
    Replaced tree at $abc$41605$new_n8543_: 1 MUX2, 0 MUX4, 0 MUX8, 0 MUX16
    Replaced tree at $abc$41605$new_n8342_: 1 MUX2, 0 MUX4, 0 MUX8, 0 MUX16
    Replaced tree at $abc$41605$new_n8435_: 1 MUX2, 0 MUX4, 0 MUX8, 0 MUX16
    Replaced tree at $abc$41605$new_n8545_: 1 MUX2, 0 MUX4, 0 MUX8, 0 MUX16
    Replaced tree at $abc$41605$new_n8546_: 1 MUX2, 0 MUX4, 0 MUX8, 0 MUX16
    Replaced tree at $abc$41605$new_n8796_: 1 MUX2, 0 MUX4, 0 MUX8, 0 MUX16
    Replaced tree at $abc$41605$new_n8825_: 1 MUX2, 0 MUX4, 0 MUX8, 0 MUX16
    Replaced tree at $abc$41605$new_n8849_: 1 MUX2, 0 MUX4, 0 MUX8, 0 MUX16
    Replaced tree at $abc$41605$new_n8619_: 1 MUX2, 0 MUX4, 0 MUX8, 0 MUX16
    Replaced tree at $abc$41605$new_n8945_: 1 MUX2, 0 MUX4, 0 MUX8, 0 MUX16
    Replaced tree at $abc$41605$new_n9025_: 1 MUX2, 0 MUX4, 0 MUX8, 0 MUX16
    Replaced tree at $abc$41605$new_n7871_: 1 MUX2, 0 MUX4, 0 MUX8, 0 MUX16
    Replaced tree at $abc$41605$new_n7151_: 1 MUX2, 0 MUX4, 0 MUX8, 0 MUX16
    Replaced tree at $abc$41605$new_n7407_: 1 MUX2, 0 MUX4, 0 MUX8, 0 MUX16
    Replaced tree at $abc$41605$new_n7400_: 1 MUX2, 0 MUX4, 0 MUX8, 0 MUX16
    Replaced tree at $abc$41605$new_n9297_: 1 MUX2, 0 MUX4, 0 MUX8, 0 MUX16
    Replaced tree at $abc$41605$new_n7518_: 1 MUX2, 0 MUX4, 0 MUX8, 0 MUX16
    Replaced tree at $abc$41605$new_n12414_: 1 MUX2, 0 MUX4, 0 MUX8, 0 MUX16
    Replaced tree at $abc$41605$new_n10989_: 1 MUX2, 0 MUX4, 0 MUX8, 0 MUX16
    Replaced tree at $abc$41605$new_n12373_: 1 MUX2, 0 MUX4, 0 MUX8, 0 MUX16
    Replaced tree at $abc$41605$new_n10768_: 1 MUX2, 0 MUX4, 0 MUX8, 0 MUX16
    Replaced tree at $abc$41605$new_n12283_: 1 MUX2, 0 MUX4, 0 MUX8, 0 MUX16
    Replaced tree at $abc$41605$new_n11033_: 1 MUX2, 0 MUX4, 0 MUX8, 0 MUX16
    Replaced tree at $abc$41605$new_n12472_: 1 MUX2, 0 MUX4, 0 MUX8, 0 MUX16
    Replaced tree at $abc$41605$new_n10454_: 1 MUX2, 0 MUX4, 0 MUX8, 0 MUX16
    Replaced tree at $abc$41605$new_n12459_: 1 MUX2, 0 MUX4, 0 MUX8, 0 MUX16
    Replaced tree at $abc$41605$new_n12520_: 1 MUX2, 0 MUX4, 0 MUX8, 0 MUX16
    Replaced tree at $abc$41605$new_n11910_: 1 MUX2, 0 MUX4, 0 MUX8, 0 MUX16
    Replaced tree at $abc$41605$new_n11760_: 1 MUX2, 0 MUX4, 0 MUX8, 0 MUX16
    Replaced tree at $abc$41605$new_n11176_: 1 MUX2, 0 MUX4, 0 MUX8, 0 MUX16
    Replaced tree at $abc$41605$new_n11995_: 1 MUX2, 0 MUX4, 0 MUX8, 0 MUX16
    Replaced tree at $abc$41605$new_n11238_: 1 MUX2, 0 MUX4, 0 MUX8, 0 MUX16
    Replaced tree at $abc$41605$new_n11698_: 1 MUX2, 0 MUX4, 0 MUX8, 0 MUX16
    Replaced tree at $abc$41605$new_n11732_: 1 MUX2, 0 MUX4, 0 MUX8, 0 MUX16
    Replaced tree at $abc$41605$new_n12063_: 1 MUX2, 0 MUX4, 0 MUX8, 0 MUX16
    Replaced tree at $abc$41605$new_n11989_: 1 MUX2, 0 MUX4, 0 MUX8, 0 MUX16
    Replaced tree at $abc$41605$new_n12056_: 1 MUX2, 0 MUX4, 0 MUX8, 0 MUX16
    Replaced tree at $abc$41605$new_n12135_: 1 MUX2, 0 MUX4, 0 MUX8, 0 MUX16
    Replaced tree at $abc$41605$new_n12139_: 1 MUX2, 0 MUX4, 0 MUX8, 0 MUX16
    Replaced tree at $abc$41605$new_n12168_: 1 MUX2, 0 MUX4, 0 MUX8, 0 MUX16
    Replaced tree at $abc$41605$new_n12114_: 1 MUX2, 0 MUX4, 0 MUX8, 0 MUX16
    Replaced tree at $abc$41605$new_n11857_: 1 MUX2, 0 MUX4, 0 MUX8, 0 MUX16
    Replaced tree at $abc$41605$new_n12238_: 1 MUX2, 0 MUX4, 0 MUX8, 0 MUX16
    Replaced tree at $abc$41605$new_n12245_: 1 MUX2, 0 MUX4, 0 MUX8, 0 MUX16
    Replaced tree at $abc$41605$new_n12174_: 1 MUX2, 0 MUX4, 0 MUX8, 0 MUX16
    Replaced tree at $abc$41605$new_n12191_: 1 MUX2, 0 MUX4, 0 MUX8, 0 MUX16
    Replaced tree at $abc$41605$new_n1099_: 1 MUX2, 0 MUX4, 0 MUX8, 0 MUX16
    Replaced tree at $abc$41605$new_n1622_: 1 MUX2, 0 MUX4, 0 MUX8, 0 MUX16
    Replaced tree at $abc$41605$new_n1053_: 1 MUX2, 0 MUX4, 0 MUX8, 0 MUX16
    Replaced tree at $abc$41605$new_n1039_: 1 MUX2, 0 MUX4, 0 MUX8, 0 MUX16
    Replaced tree at $abc$41605$new_n1603_: 1 MUX2, 0 MUX4, 0 MUX8, 0 MUX16
    Replaced tree at $abc$41605$new_n1654_: 1 MUX2, 0 MUX4, 0 MUX8, 0 MUX16
    Replaced tree at $abc$41605$new_n1173_: 1 MUX2, 0 MUX4, 0 MUX8, 0 MUX16
    Replaced tree at $abc$41605$new_n1217_: 1 MUX2, 0 MUX4, 0 MUX8, 0 MUX16
    Replaced tree at $abc$41605$new_n1555_: 1 MUX2, 0 MUX4, 0 MUX8, 0 MUX16
    Replaced tree at $abc$41605$new_n1569_: 1 MUX2, 0 MUX4, 0 MUX8, 0 MUX16
    Replaced tree at $abc$41605$new_n1208_: 1 MUX2, 0 MUX4, 0 MUX8, 0 MUX16
    Replaced tree at $abc$41605$new_n1070_: 1 MUX2, 0 MUX4, 0 MUX8, 0 MUX16
    Replaced tree at $abc$41605$new_n995_: 1 MUX2, 0 MUX4, 0 MUX8, 0 MUX16
    Replaced tree at $abc$41605$new_n1164_: 1 MUX2, 0 MUX4, 0 MUX8, 0 MUX16
    Replaced tree at $abc$41605$new_n1544_: 1 MUX2, 0 MUX4, 0 MUX8, 0 MUX16
    Replaced tree at $abc$41605$new_n1080_: 1 MUX2, 0 MUX4, 0 MUX8, 0 MUX16
    Replaced tree at $abc$41605$new_n1512_: 1 MUX2, 0 MUX4, 0 MUX8, 0 MUX16
    Replaced tree at $abc$41605$new_n1686_: 1 MUX2, 0 MUX4, 0 MUX8, 0 MUX16
    Replaced tree at $abc$41605$new_n1721_: 1 MUX2, 0 MUX4, 0 MUX8, 0 MUX16
    Replaced tree at $abc$41605$new_n1504_: 1 MUX2, 0 MUX4, 0 MUX8, 0 MUX16
    Replaced tree at $abc$41605$new_n1531_: 1 MUX2, 0 MUX4, 0 MUX8, 0 MUX16
    Replaced tree at $abc$41605$new_n1522_: 1 MUX2, 0 MUX4, 0 MUX8, 0 MUX16
    Replaced tree at $abc$41605$new_n1842_: 1 MUX2, 0 MUX4, 0 MUX8, 0 MUX16
    Replaced tree at $abc$41605$new_n2884_: 1 MUX2, 0 MUX4, 0 MUX8, 0 MUX16
    Replaced tree at $abc$41605$new_n2915_: 1 MUX2, 0 MUX4, 0 MUX8, 0 MUX16
    Replaced tree at $abc$41605$new_n2846_: 1 MUX2, 0 MUX4, 0 MUX8, 0 MUX16
    Replaced tree at $abc$41605$new_n2873_: 1 MUX2, 0 MUX4, 0 MUX8, 0 MUX16
    Replaced tree at $abc$41605$new_n2855_: 1 MUX2, 0 MUX4, 0 MUX8, 0 MUX16
    Replaced tree at $abc$41605$new_n2932_: 1 MUX2, 0 MUX4, 0 MUX8, 0 MUX16
    Replaced tree at $abc$41605$new_n2924_: 1 MUX2, 0 MUX4, 0 MUX8, 0 MUX16
    Replaced tree at $abc$41605$new_n2957_: 1 MUX2, 0 MUX4, 0 MUX8, 0 MUX16
    Replaced tree at $abc$41605$new_n2820_: 1 MUX2, 0 MUX4, 0 MUX8, 0 MUX16
    Replaced tree at $abc$41605$new_n2942_: 1 MUX2, 0 MUX4, 0 MUX8, 0 MUX16
    Replaced tree at $abc$41605$new_n3007_: 1 MUX2, 0 MUX4, 0 MUX8, 0 MUX16
    Replaced tree at $abc$41605$new_n2974_: 1 MUX2, 0 MUX4, 0 MUX8, 0 MUX16
    Replaced tree at $abc$41605$new_n6606_: 1 MUX2, 0 MUX4, 0 MUX8, 0 MUX16
    Replaced tree at $abc$41605$new_n2027_: 1 MUX2, 0 MUX4, 0 MUX8, 0 MUX16
    Replaced tree at $abc$41605$new_n1953_: 1 MUX2, 0 MUX4, 0 MUX8, 0 MUX16
    Replaced tree at $abc$41605$new_n2077_: 1 MUX2, 0 MUX4, 0 MUX8, 0 MUX16
    Replaced tree at $abc$41605$new_n1934_: 1 MUX2, 0 MUX4, 0 MUX8, 0 MUX16
    Replaced tree at $abc$41605$new_n1925_: 1 MUX2, 0 MUX4, 0 MUX8, 0 MUX16
    Replaced tree at $abc$41605$new_n1913_: 1 MUX2, 0 MUX4, 0 MUX8, 0 MUX16
    Replaced tree at $abc$41605$new_n1978_: 1 MUX2, 0 MUX4, 0 MUX8, 0 MUX16
    Replaced tree at $abc$41605$new_n2044_: 1 MUX2, 0 MUX4, 0 MUX8, 0 MUX16
  Added a total of 0 decoder MUXes.
<suppressed ~5118 debug messages>

18. Executing TECHMAP pass (map to technology primitives).

18.1. Executing Verilog-2005 frontend: /home/vsduser/Desktop/work/tools/openlane_working_dir/pdks/sky130A/libs.tech/openlane/sky130_fd_sc_hd/mux4_map.v
Parsing Verilog input from `/home/vsduser/Desktop/work/tools/openlane_working_dir/pdks/sky130A/libs.tech/openlane/sky130_fd_sc_hd/mux4_map.v' to AST representation.
Generating RTLIL representation for module `\$_MUX4_'.
Successfully finished Verilog frontend.

18.2. Continuing TECHMAP pass.
No more expansions possible.
<suppressed ~3 debug messages>

19. Executing SIMPLEMAP pass (map simple cells to gate primitives).

20. Executing TECHMAP pass (map to technology primitives).

20.1. Executing Verilog-2005 frontend: /home/vsduser/Desktop/work/tools/openlane_working_dir/pdks/sky130A/libs.tech/openlane/sky130_fd_sc_hd/mux2_map.v
Parsing Verilog input from `/home/vsduser/Desktop/work/tools/openlane_working_dir/pdks/sky130A/libs.tech/openlane/sky130_fd_sc_hd/mux2_map.v' to AST representation.
Generating RTLIL representation for module `\$_MUX_'.
Successfully finished Verilog frontend.

20.2. Continuing TECHMAP pass.
Using template \$_MUX_ for cells of type $_MUX_.
No more expansions possible.
<suppressed ~304 debug messages>

21. Executing SIMPLEMAP pass (map simple cells to gate primitives).

22. Executing TECHMAP pass (map to technology primitives).

22.1. Executing Verilog-2005 frontend: /home/vsduser/Desktop/work/tools/openlane_working_dir/pdks/sky130A/libs.tech/openlane/sky130_fd_sc_hd/latch_map.v
Parsing Verilog input from `/home/vsduser/Desktop/work/tools/openlane_working_dir/pdks/sky130A/libs.tech/openlane/sky130_fd_sc_hd/latch_map.v' to AST representation.
Generating RTLIL representation for module `\$_DLATCH_P_'.
Generating RTLIL representation for module `\$_DLATCH_N_'.
Successfully finished Verilog frontend.

22.2. Continuing TECHMAP pass.
No more expansions possible.
<suppressed ~4 debug messages>

23. Executing SIMPLEMAP pass (map simple cells to gate primitives).

24. Executing DFFLIBMAP pass (mapping DFF cells to sequential cells from liberty file).
  cell sky130_fd_sc_hd__dfxtp_2 (noninv, pins=3, area=21.27) is a direct match for cell type $_DFF_P_.
  cell sky130_fd_sc_hd__dfrtp_2 (noninv, pins=4, area=26.28) is a direct match for cell type $_DFF_PN0_.
  cell sky130_fd_sc_hd__dfstp_2 (noninv, pins=4, area=26.28) is a direct match for cell type $_DFF_PN1_.
  cell sky130_fd_sc_hd__dfbbn_2 (noninv, pins=6, area=35.03) is a direct match for cell type $_DFFSR_NNN_.
  final dff cell mappings:
    unmapped dff cell: $_DFF_N_
    \sky130_fd_sc_hd__dfxtp_2 _DFF_P_ (.CLK( C), .D( D), .Q( Q));
    unmapped dff cell: $_DFF_NN0_
    unmapped dff cell: $_DFF_NN1_
    unmapped dff cell: $_DFF_NP0_
    unmapped dff cell: $_DFF_NP1_
    \sky130_fd_sc_hd__dfrtp_2 _DFF_PN0_ (.CLK( C), .D( D), .Q( Q), .RESET_B( R));
    \sky130_fd_sc_hd__dfstp_2 _DFF_PN1_ (.CLK( C), .D( D), .Q( Q), .SET_B( R));
    unmapped dff cell: $_DFF_PP0_
    unmapped dff cell: $_DFF_PP1_
    \sky130_fd_sc_hd__dfbbn_2 _DFFSR_NNN_ (.CLK_N( C), .D( D), .Q( Q), .Q_N(~Q), .RESET_B( R), .SET_B( S));
    unmapped dff cell: $_DFFSR_NNP_
    unmapped dff cell: $_DFFSR_NPN_
    unmapped dff cell: $_DFFSR_NPP_
    unmapped dff cell: $_DFFSR_PNN_
    unmapped dff cell: $_DFFSR_PNP_
    unmapped dff cell: $_DFFSR_PPN_
    unmapped dff cell: $_DFFSR_PPP_

24.1. Executing DFFLEGALIZE pass (convert FFs to types supported by the target).
Mapping DFF cells in module `\fft16_r4':
  mapped 655 $_DFF_PN0_ cells to \sky130_fd_sc_hd__dfrtp_2 cells.

25. Printing statistics.

=== fft16_r4 ===

   Number of wires:              14153
   Number of wire bits:          15130
   Number of public wires:          25
   Number of public wire bits:     695
   Number of memories:               0
   Number of memory bits:            0
   Number of processes:              0
   Number of cells:              13814
     $_ANDNOT_                    4052
     $_AND_                         58
     $_MUX_                        654
     $_NAND_                        82
     $_NOR_                       1288
     $_NOT_                        715
     $_ORNOT_                      776
     $_OR_                        1363
     $_XNOR_                      1262
     $_XOR_                       2608
     sky130_fd_sc_hd__dfrtp_2      655
     sky130_fd_sc_hd__mux2_1       301

[INFO]: ABC: WireLoad : S_2

26. Executing ABC pass (technology mapping using ABC).

26.1. Extracting gate netlist of module `\fft16_r4' to `/tmp/yosys-abc-dQseln/input.blif'..
Extracted 12858 gates and 13815 wires to a netlist network with 957 inputs and 888 outputs.

26.1.1. Executing ABC.
Running ABC command: /build/bin/yosys-abc -s -f /tmp/yosys-abc-dQseln/abc.script 2>&1
ABC: ABC command line: "source /tmp/yosys-abc-dQseln/abc.script".
ABC: 
ABC: + read_blif /tmp/yosys-abc-dQseln/input.blif 
ABC: + read_lib -w /openLANE_flow/designs/fft_project/radix4/runs/best_run/tmp/trimmed.lib 
ABC: Parsing finished successfully.  Parsing time =     0.04 sec
ABC: Scl_LibertyReadGenlib() skipped sequential cell "sky130_fd_sc_hd__dfbbn_2".
ABC: Scl_LibertyReadGenlib() skipped sequential cell "sky130_fd_sc_hd__dfrbp_2".
ABC: Scl_LibertyReadGenlib() skipped sequential cell "sky130_fd_sc_hd__dfrtp_2".
ABC: Scl_LibertyReadGenlib() skipped sequential cell "sky130_fd_sc_hd__dfrtp_4".
ABC: Scl_LibertyReadGenlib() skipped sequential cell "sky130_fd_sc_hd__dfsbp_2".
ABC: Scl_LibertyReadGenlib() skipped sequential cell "sky130_fd_sc_hd__dfstp_2".
ABC: Scl_LibertyReadGenlib() skipped sequential cell "sky130_fd_sc_hd__dfstp_4".
ABC: Scl_LibertyReadGenlib() skipped sequential cell "sky130_fd_sc_hd__dfxbp_2".
ABC: Scl_LibertyReadGenlib() skipped sequential cell "sky130_fd_sc_hd__dfxtp_2".
ABC: Scl_LibertyReadGenlib() skipped sequential cell "sky130_fd_sc_hd__dfxtp_4".
ABC: Scl_LibertyReadGenlib() skipped sequential cell "sky130_fd_sc_hd__dlxtn_1".
ABC: Scl_LibertyReadGenlib() skipped sequential cell "sky130_fd_sc_hd__dlxtn_2".
ABC: Scl_LibertyReadGenlib() skipped sequential cell "sky130_fd_sc_hd__dlxtn_4".
ABC: Scl_LibertyReadGenlib() skipped sequential cell "sky130_fd_sc_hd__dlxtp_1".
ABC: Scl_LibertyReadGenlib() skipped three-state cell "sky130_fd_sc_hd__ebufn_2".
ABC: Scl_LibertyReadGenlib() skipped three-state cell "sky130_fd_sc_hd__ebufn_4".
ABC: Scl_LibertyReadGenlib() skipped three-state cell "sky130_fd_sc_hd__ebufn_8".
ABC: Library "sky130_fd_sc_hd__tt_025C_1v80" from "/openLANE_flow/designs/fft_project/radix4/runs/best_run/tmp/trimmed.lib" has 175 cells (17 skipped: 14 seq; 3 tri-state; 0 no func; 0 dont_use).  Time =     0.06 sec
ABC: Memory =    7.77 MB. Time =     0.06 sec
ABC: Warning: Detected 2 multi-output gates (for example, "sky130_fd_sc_hd__fa_1").
ABC: + read_constr -v /openLANE_flow/designs/fft_project/radix4/runs/best_run/tmp/synthesis/yosys.sdc 
ABC: Setting driving cell to be "sky130_fd_sc_hd__inv_8".
ABC: Setting output load to be 17.650000.
ABC: + read_constr /openLANE_flow/designs/fft_project/radix4/runs/best_run/tmp/synthesis/yosys.sdc 
ABC: + fx 
ABC: + mfs 
ABC: + strash 
ABC: + refactor 
ABC: + balance 
ABC: + rewrite 
ABC: + refactor 
ABC: + balance 
ABC: + rewrite 
ABC: + rewrite -z 
ABC: + balance 
ABC: + refactor -z 
ABC: + rewrite -z 
ABC: + balance 
ABC: + retime -D -D 25000.0 -M 6 
ABC: + scleanup 
ABC: Error: The network is combinational.
ABC: + fraig_store 
ABC: + balance 
ABC: + rewrite 
ABC: + refactor 
ABC: + balance 
ABC: + rewrite 
ABC: + rewrite -z 
ABC: + balance 
ABC: + refactor -z 
ABC: + rewrite -z 
ABC: + balance 
ABC: + fraig_store 
ABC: + balance 
ABC: + rewrite 
ABC: + refactor 
ABC: + balance 
ABC: + rewrite 
ABC: + rewrite -z 
ABC: + balance 
ABC: + refactor -z 
ABC: + rewrite -z 
ABC: + balance 
ABC: + fraig_store 
ABC: + fraig_restore 
ABC: + map -p -B 0.2 -A 0.9 -M 0 
ABC: The cell areas are multiplied by the factor: <num_fanins> ^ (0.90).
ABC: The cell delays are multiplied by the factor: <num_fanins> ^ (0.20).
ABC: + fraig_store 
ABC: + balance 
ABC: + rewrite 
ABC: + refactor 
ABC: + balance 
ABC: + rewrite 
ABC: + rewrite -z 
ABC: + balance 
ABC: + refactor -z 
ABC: + rewrite -z 
ABC: + balance 
ABC: + fraig_store 
ABC: + balance 
ABC: + rewrite 
ABC: + refactor 
ABC: + balance 
ABC: + rewrite 
ABC: + rewrite -z 
ABC: + balance 
ABC: + refactor -z 
ABC: + rewrite -z 
ABC: + balance 
ABC: + fraig_store 
ABC: + fraig_restore 
ABC: + map 
ABC: + 
ABC: + retime -D -D 25000.0 
ABC: + buffer -N 5 -S 2500.0 
ABC: + upsize -D 25000.0 
ABC: Current delay (7428.33 ps) does not exceed the target delay (25000.00 ps). Upsizing is not performed.
ABC: + dnsize -D 25000.0 
ABC: + stime -p 
ABC: WireLoad = "none"  Gates =  16775 ( 14.9 %)   Cap =  9.6 ff (  2.8 %)   Area =   131897.75 ( 85.1 %)   Delay =  7466.25 ps  (  3.9 %)               
ABC: Path  0 --     813 : 0    2 pi                         A =   0.00  Df =   8.8   -6.1 ps  S =  21.0 ps  Cin =  0.0 ff  Cout =   6.8 ff  Cmax =   0.0 ff  G =    0  
ABC: Path  1 --    1862 : 1    5 sky130_fd_sc_hd__buf_1     A =   3.75  Df = 197.0  -63.7 ps  S = 213.2 ps  Cin =  2.1 ff  Cout =  17.5 ff  Cmax = 130.0 ff  G =  798  
ABC: Path  2 --    1863 : 1    5 sky130_fd_sc_hd__buf_1     A =   3.75  Df = 431.2 -127.4 ps  S = 216.9 ps  Cin =  2.1 ff  Cout =  17.8 ff  Cmax = 130.0 ff  G =  807  
ABC: Path  3 --    2129 : 2    1 sky130_fd_sc_hd__and2b_2   A =   8.76  Df = 679.3 -143.8 ps  S =  45.0 ps  Cin =  1.6 ff  Cout =   4.7 ff  Cmax = 310.4 ff  G =  279  
ABC: Path  4 --    2130 : 3    3 sky130_fd_sc_hd__o21ai_2   A =   8.76  Df = 859.8 -252.6 ps  S = 197.6 ps  Cin =  4.5 ff  Cout =  13.8 ff  Cmax = 139.2 ff  G =  290  
ABC: Path  5 --    2171 : 3    3 sky130_fd_sc_hd__nand3_2   A =  10.01  Df = 981.9  -45.4 ps  S = 103.1 ps  Cin =  4.4 ff  Cout =  11.4 ff  Cmax = 260.0 ff  G =  248  
ABC: Path  6 --    2172 : 1    5 sky130_fd_sc_hd__buf_1     A =   3.75  Df =1172.6   -4.9 ps  S = 252.4 ps  Cin =  2.1 ff  Cout =  20.8 ff  Cmax = 130.0 ff  G =  956  
ABC: Path  7 --   11714 : 3    2 sky130_fd_sc_hd__a21oi_2   A =   8.76  Df =1354.9  -75.6 ps  S = 147.7 ps  Cin =  4.6 ff  Cout =   9.1 ff  Cmax = 128.2 ff  G =  193  
ABC: Path  8 --   11716 : 3    3 sky130_fd_sc_hd__nand3_2   A =  10.01  Df =1483.7  -87.8 ps  S = 102.9 ps  Cin =  4.4 ff  Cout =  13.5 ff  Cmax = 260.0 ff  G =  293  
ABC: Path  9 --   11720 : 4    3 sky130_fd_sc_hd__a22oi_2   A =  12.51  Df =1700.6 -146.3 ps  S = 240.0 ps  Cin =  4.3 ff  Cout =  13.7 ff  Cmax = 170.3 ff  G =  308  
ABC: Path 10 --   11723 : 3    5 sky130_fd_sc_hd__nand3_2   A =  10.01  Df =1877.2 -185.9 ps  S = 156.2 ps  Cin =  4.4 ff  Cout =  21.8 ff  Cmax = 260.0 ff  G =  472  
ABC: Path 11 --   12003 : 4    2 sky130_fd_sc_hd__o211a_2   A =  10.01  Df =2073.1  -53.2 ps  S =  77.7 ps  Cin =  2.4 ff  Cout =   9.3 ff  Cmax = 268.3 ff  G =  372  
ABC: Path 12 --   12015 : 3    4 sky130_fd_sc_hd__o21ai_2   A =   8.76  Df =2277.5 -113.6 ps  S = 222.3 ps  Cin =  4.5 ff  Cout =  16.2 ff  Cmax = 139.2 ff  G =  342  
ABC: Path 13 --   12018 : 4    1 sky130_fd_sc_hd__o2bb2ai_2 A =  15.01  Df =2406.0 -104.8 ps  S = 107.1 ps  Cin =  4.6 ff  Cout =   4.6 ff  Cmax = 134.6 ff  G =   96  
ABC: Path 14 --   12020 : 3    4 sky130_fd_sc_hd__nand3_2   A =  10.01  Df =2533.4  -32.7 ps  S = 110.3 ps  Cin =  4.4 ff  Cout =  16.4 ff  Cmax = 260.0 ff  G =  350  
ABC: Path 15 --   12037 : 5    5 sky130_fd_sc_hd__o2111a_2  A =  12.51  Df =2792.6  -30.1 ps  S = 142.5 ps  Cin =  2.4 ff  Cout =  23.7 ff  Cmax = 299.4 ff  G =  933  
ABC: Path 16 --   12038 : 2    4 sky130_fd_sc_hd__nor2_2    A =   6.26  Df =2963.5  -86.9 ps  S = 221.1 ps  Cin =  4.4 ff  Cout =  18.4 ff  Cmax = 141.9 ff  G =  399  
ABC: Path 17 --   12039 : 3    1 sky130_fd_sc_hd__nand3_2   A =  10.01  Df =3061.6 -102.6 ps  S =  60.5 ps  Cin =  4.4 ff  Cout =   4.6 ff  Cmax = 260.0 ff  G =   98  
ABC: Path 18 --   12195 : 3    4 sky130_fd_sc_hd__o21bai_2  A =  11.26  Df =3282.0  -92.0 ps  S = 214.1 ps  Cin =  3.4 ff  Cout =  15.2 ff  Cmax = 140.1 ff  G =  433  
ABC: Path 19 --   12204 : 3    3 sky130_fd_sc_hd__a21oi_2   A =   8.76  Df =3408.4  -13.5 ps  S = 198.2 ps  Cin =  4.6 ff  Cout =  13.9 ff  Cmax = 128.2 ff  G =  288  
ABC: Path 20 --   12206 : 3    2 sky130_fd_sc_hd__o21bai_2  A =  11.26  Df =3538.1  -41.6 ps  S = 129.2 ps  Cin =  3.4 ff  Cout =   6.7 ff  Cmax = 140.1 ff  G =  193  
ABC: Path 21 --   12207 : 1    5 sky130_fd_sc_hd__buf_1     A =   3.75  Df =3800.5 -128.9 ps  S = 275.4 ps  Cin =  2.1 ff  Cout =  22.8 ff  Cmax = 130.0 ff  G = 1049  
ABC: Path 22 --   12211 : 4    3 sky130_fd_sc_hd__o2bb2ai_2 A =  15.01  Df =3976.0 -127.0 ps  S = 201.7 ps  Cin =  4.6 ff  Cout =  13.6 ff  Cmax = 134.6 ff  G =  285  
ABC: Path 23 --   12224 : 3    4 sky130_fd_sc_hd__nand3_2   A =  10.01  Df =4119.6 -163.4 ps  S = 125.8 ps  Cin =  4.4 ff  Cout =  16.1 ff  Cmax = 260.0 ff  G =  351  
ABC: Path 24 --   12232 : 3    3 sky130_fd_sc_hd__a21oi_2   A =   8.76  Df =4350.1 -305.8 ps  S = 197.7 ps  Cin =  4.6 ff  Cout =  13.9 ff  Cmax = 128.2 ff  G =  288  
ABC: Path 25 --   12236 : 3    2 sky130_fd_sc_hd__o21ai_2   A =   8.76  Df =4432.0 -250.5 ps  S = 125.3 ps  Cin =  4.5 ff  Cout =   6.7 ff  Cmax = 139.2 ff  G =  143  
ABC: Path 26 --   12237 : 1    5 sky130_fd_sc_hd__buf_1     A =   3.75  Df =4593.0 -171.7 ps  S = 243.4 ps  Cin =  2.1 ff  Cout =  20.0 ff  Cmax = 130.0 ff  G =  924  
ABC: Path 27 --   12273 : 4    3 sky130_fd_sc_hd__o2bb2ai_2 A =  15.01  Df =4763.6 -161.6 ps  S = 202.0 ps  Cin =  4.6 ff  Cout =  13.6 ff  Cmax = 134.6 ff  G =  286  
ABC: Path 28 --   12275 : 3    1 sky130_fd_sc_hd__a21oi_2   A =   8.76  Df =4892.5 -211.8 ps  S =  99.4 ps  Cin =  4.6 ff  Cout =   4.5 ff  Cmax = 128.2 ff  G =   94  
ABC: Path 29 --   12276 : 4    2 sky130_fd_sc_hd__o22ai_2   A =  12.51  Df =4963.3 -186.8 ps  S = 127.9 ps  Cin =  4.3 ff  Cout =   4.6 ff  Cmax = 137.3 ff  G =  103  
ABC: Path 30 --   12277 : 1    5 sky130_fd_sc_hd__buf_1     A =   3.75  Df =5131.7 -111.2 ps  S = 248.9 ps  Cin =  2.1 ff  Cout =  20.5 ff  Cmax = 130.0 ff  G =  947  
ABC: Path 31 --   13159 : 3    1 sky130_fd_sc_hd__a21oi_2   A =   8.76  Df =5281.6 -175.7 ps  S = 101.2 ps  Cin =  4.6 ff  Cout =   4.7 ff  Cmax = 128.2 ff  G =   96  
ABC: Path 32 --   13172 : 3    2 sky130_fd_sc_hd__o21bai_2  A =  11.26  Df =5348.0 -123.7 ps  S = 108.0 ps  Cin =  3.4 ff  Cout =   4.6 ff  Cmax = 140.1 ff  G =  132  
ABC: Path 33 --   13173 : 1    5 sky130_fd_sc_hd__buf_1     A =   3.75  Df =5503.0  -56.5 ps  S = 223.9 ps  Cin =  2.1 ff  Cout =  18.3 ff  Cmax = 130.0 ff  G =  848  
ABC: Path 34 --   13177 : 3    1 sky130_fd_sc_hd__a21o_2    A =   8.76  Df =5714.4 -102.8 ps  S =  44.0 ps  Cin =  2.4 ff  Cout =   4.7 ff  Cmax = 309.5 ff  G =  191  
ABC: Path 35 --   13178 : 3    3 sky130_fd_sc_hd__nand3_2   A =  10.01  Df =5796.8  -55.0 ps  S =  82.9 ps  Cin =  4.4 ff  Cout =   9.2 ff  Cmax = 260.0 ff  G =  200  
ABC: Path 36 --   13179 : 1    5 sky130_fd_sc_hd__buf_1     A =   3.75  Df =6047.2 -122.9 ps  S = 274.6 ps  Cin =  2.1 ff  Cout =  22.8 ff  Cmax = 130.0 ff  G = 1047  
ABC: Path 37 --   13495 : 4    2 sky130_fd_sc_hd__a22oi_2   A =  12.51  Df =6143.4  -45.9 ps  S = 168.4 ps  Cin =  4.3 ff  Cout =   7.2 ff  Cmax = 170.3 ff  G =  156  
ABC: Path 38 --   16218 : 4    3 sky130_fd_sc_hd__o22ai_2   A =  12.51  Df =6374.1  -22.2 ps  S = 195.3 ps  Cin =  4.3 ff  Cout =  11.2 ff  Cmax = 137.3 ff  G =  250  
ABC: Path 39 --   16219 : 1    5 sky130_fd_sc_hd__buf_1     A =   3.75  Df =6588.0  -49.4 ps  S = 223.2 ps  Cin =  2.1 ff  Cout =  18.3 ff  Cmax = 130.0 ff  G =  839  
ABC: Path 40 --   16501 : 5    3 sky130_fd_sc_hd__o2111ai_2 A =  15.01  Df =6759.3 -110.4 ps  S = 228.0 ps  Cin =  4.3 ff  Cout =  10.9 ff  Cmax = 129.1 ff  G =  239  
ABC: Path 41 --   16506 : 2    3 sky130_fd_sc_hd__and2_2    A =   7.51  Df =7016.7 -152.5 ps  S =  79.7 ps  Cin =  1.5 ff  Cout =  11.7 ff  Cmax = 303.0 ff  G =  764  
ABC: Path 42 --   16520 : 3    1 sky130_fd_sc_hd__o21a_2    A =   8.76  Df =7219.9 -206.6 ps  S =  32.2 ps  Cin =  2.4 ff  Cout =   2.5 ff  Cmax = 294.8 ff  G =   99  
ABC: Path 43 --   16521 : 4    1 sky130_fd_sc_hd__a22o_2    A =  10.01  Df =7466.2 -191.0 ps  S = 104.8 ps  Cin =  2.3 ff  Cout =  17.6 ff  Cmax = 301.2 ff  G =  751  
ABC: Start-point = pi812 ($abc$41605$new_n1913_).  End-point = po31 ($auto$rtlil.cc:2290:MuxGate$55744).
ABC: + print_stats -m 
ABC: netlist                       : i/o =  957/  888  lat =    0  nd = 16775  edge =  40846  area =60066.55  delay =5772.66  lev = 53
ABC: + write_blif /tmp/yosys-abc-dQseln/output.blif 

26.1.2. Re-integrating ABC results.
ABC RESULTS:          _const0_ cells:        1
ABC RESULTS:   sky130_fd_sc_hd__a2111o_2 cells:        1
ABC RESULTS:   sky130_fd_sc_hd__a211o_2 cells:       24
ABC RESULTS:   sky130_fd_sc_hd__a211oi_2 cells:       24
ABC RESULTS:   sky130_fd_sc_hd__a21bo_2 cells:       62
ABC RESULTS:   sky130_fd_sc_hd__a21boi_2 cells:      113
ABC RESULTS:   sky130_fd_sc_hd__a21o_2 cells:      578
ABC RESULTS:   sky130_fd_sc_hd__a21oi_2 cells:      915
ABC RESULTS:   sky130_fd_sc_hd__a221o_2 cells:       22
ABC RESULTS:   sky130_fd_sc_hd__a221oi_2 cells:      115
ABC RESULTS:   sky130_fd_sc_hd__a22o_2 cells:      172
ABC RESULTS:   sky130_fd_sc_hd__a22oi_2 cells:      218
ABC RESULTS:   sky130_fd_sc_hd__a2bb2o_2 cells:       31
ABC RESULTS:   sky130_fd_sc_hd__a2bb2oi_2 cells:       24
ABC RESULTS:   sky130_fd_sc_hd__a311o_2 cells:        3
ABC RESULTS:   sky130_fd_sc_hd__a311oi_2 cells:        2
ABC RESULTS:   sky130_fd_sc_hd__a31o_2 cells:      107
ABC RESULTS:   sky130_fd_sc_hd__a31oi_2 cells:       73
ABC RESULTS:   sky130_fd_sc_hd__a32o_2 cells:        8
ABC RESULTS:   sky130_fd_sc_hd__a32oi_2 cells:       11
ABC RESULTS:   sky130_fd_sc_hd__a41o_2 cells:        5
ABC RESULTS:   sky130_fd_sc_hd__a41oi_2 cells:        3
ABC RESULTS:   sky130_fd_sc_hd__and2_2 cells:      475
ABC RESULTS:   sky130_fd_sc_hd__and2b_2 cells:       26
ABC RESULTS:   sky130_fd_sc_hd__and3_2 cells:      317
ABC RESULTS:   sky130_fd_sc_hd__and3b_2 cells:        4
ABC RESULTS:   sky130_fd_sc_hd__and4_2 cells:       17
ABC RESULTS:   sky130_fd_sc_hd__and4b_2 cells:        2
ABC RESULTS:   sky130_fd_sc_hd__buf_1 cells:     1262
ABC RESULTS:   sky130_fd_sc_hd__buf_2 cells:        5
ABC RESULTS:   sky130_fd_sc_hd__inv_2 cells:     1225
ABC RESULTS:   sky130_fd_sc_hd__mux2_2 cells:      527
ABC RESULTS:   sky130_fd_sc_hd__nand2_2 cells:     3931
ABC RESULTS:   sky130_fd_sc_hd__nand2b_2 cells:        1
ABC RESULTS:   sky130_fd_sc_hd__nand3_2 cells:     1768
ABC RESULTS:   sky130_fd_sc_hd__nand3b_2 cells:      230
ABC RESULTS:   sky130_fd_sc_hd__nor2_2 cells:     1469
ABC RESULTS:   sky130_fd_sc_hd__nor2b_2 cells:       10
ABC RESULTS:   sky130_fd_sc_hd__nor3_2 cells:       45
ABC RESULTS:   sky130_fd_sc_hd__nor3b_2 cells:        5
ABC RESULTS:   sky130_fd_sc_hd__o2111a_2 cells:       20
ABC RESULTS:   sky130_fd_sc_hd__o2111ai_2 cells:      127
ABC RESULTS:   sky130_fd_sc_hd__o211a_2 cells:      138
ABC RESULTS:   sky130_fd_sc_hd__o211ai_2 cells:      118
ABC RESULTS:   sky130_fd_sc_hd__o21a_2 cells:      160
ABC RESULTS:   sky130_fd_sc_hd__o21ai_2 cells:      696
ABC RESULTS:   sky130_fd_sc_hd__o21ba_2 cells:        3
ABC RESULTS:   sky130_fd_sc_hd__o21bai_2 cells:      156
ABC RESULTS:   sky130_fd_sc_hd__o221a_2 cells:        6
ABC RESULTS:   sky130_fd_sc_hd__o221ai_2 cells:       10
ABC RESULTS:   sky130_fd_sc_hd__o22a_2 cells:       31
ABC RESULTS:   sky130_fd_sc_hd__o22ai_2 cells:      293
ABC RESULTS:   sky130_fd_sc_hd__o2bb2a_2 cells:        7
ABC RESULTS:   sky130_fd_sc_hd__o2bb2ai_2 cells:      247
ABC RESULTS:   sky130_fd_sc_hd__o311a_2 cells:        1
ABC RESULTS:   sky130_fd_sc_hd__o31a_2 cells:       23
ABC RESULTS:   sky130_fd_sc_hd__o31ai_2 cells:        5
ABC RESULTS:   sky130_fd_sc_hd__o32a_2 cells:        3
ABC RESULTS:   sky130_fd_sc_hd__o41a_2 cells:        1
ABC RESULTS:   sky130_fd_sc_hd__or2_2 cells:      562
ABC RESULTS:   sky130_fd_sc_hd__or2b_2 cells:       52
ABC RESULTS:   sky130_fd_sc_hd__or3_2 cells:       45
ABC RESULTS:   sky130_fd_sc_hd__or3b_2 cells:       28
ABC RESULTS:   sky130_fd_sc_hd__or4_2 cells:        7
ABC RESULTS:   sky130_fd_sc_hd__or4b_2 cells:        1
ABC RESULTS:   sky130_fd_sc_hd__xnor2_2 cells:       72
ABC RESULTS:   sky130_fd_sc_hd__xor2_2 cells:      132
ABC RESULTS:        internal signals:    11970
ABC RESULTS:           input signals:      957
ABC RESULTS:          output signals:      888
Removing temp directory.

27. Executing SETUNDEF pass (replace undef values with defined constants).

28. Executing HILOMAP pass (mapping to constant drivers).

29. Executing SPLITNETS pass (splitting up multi-bit signals).

30. Executing OPT_CLEAN pass (remove unused cells and wires).
Finding unused cells or wires in module \fft16_r4..
Removed 0 unused cells and 15097 unused wires.
<suppressed ~5 debug messages>

31. Executing INSBUF pass (insert buffer cells for connected wires).

32. Executing CHECK pass (checking for obvious problems).
checking module fft16_r4..
Warning: Wire fft16_r4.\valid_out is used but has no driver.
Warning: Wire fft16_r4.\X_real [255] is used but has no driver.
Warning: Wire fft16_r4.\X_real [254] is used but has no driver.
Warning: Wire fft16_r4.\X_real [253] is used but has no driver.
Warning: Wire fft16_r4.\X_real [252] is used but has no driver.
Warning: Wire fft16_r4.\X_real [251] is used but has no driver.
Warning: Wire fft16_r4.\X_real [250] is used but has no driver.
Warning: Wire fft16_r4.\X_real [249] is used but has no driver.
Warning: Wire fft16_r4.\X_real [248] is used but has no driver.
Warning: Wire fft16_r4.\X_real [247] is used but has no driver.
Warning: Wire fft16_r4.\X_real [246] is used but has no driver.
Warning: Wire fft16_r4.\X_real [245] is used but has no driver.
Warning: Wire fft16_r4.\X_real [244] is used but has no driver.
Warning: Wire fft16_r4.\X_real [243] is used but has no driver.
Warning: Wire fft16_r4.\X_real [242] is used but has no driver.
Warning: Wire fft16_r4.\X_real [241] is used but has no driver.
Warning: Wire fft16_r4.\X_real [240] is used but has no driver.
Warning: Wire fft16_r4.\X_real [239] is used but has no driver.
Warning: Wire fft16_r4.\X_real [238] is used but has no driver.
Warning: Wire fft16_r4.\X_real [237] is used but has no driver.
Warning: Wire fft16_r4.\X_real [236] is used but has no driver.
Warning: Wire fft16_r4.\X_real [235] is used but has no driver.
Warning: Wire fft16_r4.\X_real [234] is used but has no driver.
Warning: Wire fft16_r4.\X_real [233] is used but has no driver.
Warning: Wire fft16_r4.\X_real [232] is used but has no driver.
Warning: Wire fft16_r4.\X_real [231] is used but has no driver.
Warning: Wire fft16_r4.\X_real [230] is used but has no driver.
Warning: Wire fft16_r4.\X_real [229] is used but has no driver.
Warning: Wire fft16_r4.\X_real [228] is used but has no driver.
Warning: Wire fft16_r4.\X_real [227] is used but has no driver.
Warning: Wire fft16_r4.\X_real [226] is used but has no driver.
Warning: Wire fft16_r4.\X_real [225] is used but has no driver.
Warning: Wire fft16_r4.\X_real [224] is used but has no driver.
Warning: Wire fft16_r4.\X_real [223] is used but has no driver.
Warning: Wire fft16_r4.\X_real [222] is used but has no driver.
Warning: Wire fft16_r4.\X_real [221] is used but has no driver.
Warning: Wire fft16_r4.\X_real [220] is used but has no driver.
Warning: Wire fft16_r4.\X_real [219] is used but has no driver.
Warning: Wire fft16_r4.\X_real [218] is used but has no driver.
Warning: Wire fft16_r4.\X_real [217] is used but has no driver.
Warning: Wire fft16_r4.\X_real [216] is used but has no driver.
Warning: Wire fft16_r4.\X_real [215] is used but has no driver.
Warning: Wire fft16_r4.\X_real [214] is used but has no driver.
Warning: Wire fft16_r4.\X_real [213] is used but has no driver.
Warning: Wire fft16_r4.\X_real [212] is used but has no driver.
Warning: Wire fft16_r4.\X_real [211] is used but has no driver.
Warning: Wire fft16_r4.\X_real [210] is used but has no driver.
Warning: Wire fft16_r4.\X_real [209] is used but has no driver.
Warning: Wire fft16_r4.\X_real [208] is used but has no driver.
Warning: Wire fft16_r4.\X_real [207] is used but has no driver.
Warning: Wire fft16_r4.\X_real [206] is used but has no driver.
Warning: Wire fft16_r4.\X_real [205] is used but has no driver.
Warning: Wire fft16_r4.\X_real [204] is used but has no driver.
Warning: Wire fft16_r4.\X_real [203] is used but has no driver.
Warning: Wire fft16_r4.\X_real [202] is used but has no driver.
Warning: Wire fft16_r4.\X_real [201] is used but has no driver.
Warning: Wire fft16_r4.\X_real [200] is used but has no driver.
Warning: Wire fft16_r4.\X_real [199] is used but has no driver.
Warning: Wire fft16_r4.\X_real [198] is used but has no driver.
Warning: Wire fft16_r4.\X_real [197] is used but has no driver.
Warning: Wire fft16_r4.\X_real [196] is used but has no driver.
Warning: Wire fft16_r4.\X_real [195] is used but has no driver.
Warning: Wire fft16_r4.\X_real [194] is used but has no driver.
Warning: Wire fft16_r4.\X_real [193] is used but has no driver.
Warning: Wire fft16_r4.\X_real [192] is used but has no driver.
Warning: Wire fft16_r4.\X_real [191] is used but has no driver.
Warning: Wire fft16_r4.\X_real [190] is used but has no driver.
Warning: Wire fft16_r4.\X_real [189] is used but has no driver.
Warning: Wire fft16_r4.\X_real [188] is used but has no driver.
Warning: Wire fft16_r4.\X_real [187] is used but has no driver.
Warning: Wire fft16_r4.\X_real [186] is used but has no driver.
Warning: Wire fft16_r4.\X_real [185] is used but has no driver.
Warning: Wire fft16_r4.\X_real [184] is used but has no driver.
Warning: Wire fft16_r4.\X_real [183] is used but has no driver.
Warning: Wire fft16_r4.\X_real [182] is used but has no driver.
Warning: Wire fft16_r4.\X_real [181] is used but has no driver.
Warning: Wire fft16_r4.\X_real [180] is used but has no driver.
Warning: Wire fft16_r4.\X_real [179] is used but has no driver.
Warning: Wire fft16_r4.\X_real [178] is used but has no driver.
Warning: Wire fft16_r4.\X_real [177] is used but has no driver.
Warning: Wire fft16_r4.\X_real [176] is used but has no driver.
Warning: Wire fft16_r4.\X_real [175] is used but has no driver.
Warning: Wire fft16_r4.\X_real [174] is used but has no driver.
Warning: Wire fft16_r4.\X_real [173] is used but has no driver.
Warning: Wire fft16_r4.\X_real [172] is used but has no driver.
Warning: Wire fft16_r4.\X_real [171] is used but has no driver.
Warning: Wire fft16_r4.\X_real [170] is used but has no driver.
Warning: Wire fft16_r4.\X_real [169] is used but has no driver.
Warning: Wire fft16_r4.\X_real [168] is used but has no driver.
Warning: Wire fft16_r4.\X_real [167] is used but has no driver.
Warning: Wire fft16_r4.\X_real [166] is used but has no driver.
Warning: Wire fft16_r4.\X_real [165] is used but has no driver.
Warning: Wire fft16_r4.\X_real [164] is used but has no driver.
Warning: Wire fft16_r4.\X_real [163] is used but has no driver.
Warning: Wire fft16_r4.\X_real [162] is used but has no driver.
Warning: Wire fft16_r4.\X_real [161] is used but has no driver.
Warning: Wire fft16_r4.\X_real [160] is used but has no driver.
Warning: Wire fft16_r4.\X_real [159] is used but has no driver.
Warning: Wire fft16_r4.\X_real [158] is used but has no driver.
Warning: Wire fft16_r4.\X_real [157] is used but has no driver.
Warning: Wire fft16_r4.\X_real [156] is used but has no driver.
Warning: Wire fft16_r4.\X_real [155] is used but has no driver.
Warning: Wire fft16_r4.\X_real [154] is used but has no driver.
Warning: Wire fft16_r4.\X_real [153] is used but has no driver.
Warning: Wire fft16_r4.\X_real [152] is used but has no driver.
Warning: Wire fft16_r4.\X_real [151] is used but has no driver.
Warning: Wire fft16_r4.\X_real [150] is used but has no driver.
Warning: Wire fft16_r4.\X_real [149] is used but has no driver.
Warning: Wire fft16_r4.\X_real [148] is used but has no driver.
Warning: Wire fft16_r4.\X_real [147] is used but has no driver.
Warning: Wire fft16_r4.\X_real [146] is used but has no driver.
Warning: Wire fft16_r4.\X_real [145] is used but has no driver.
Warning: Wire fft16_r4.\X_real [144] is used but has no driver.
Warning: Wire fft16_r4.\X_real [143] is used but has no driver.
Warning: Wire fft16_r4.\X_real [142] is used but has no driver.
Warning: Wire fft16_r4.\X_real [141] is used but has no driver.
Warning: Wire fft16_r4.\X_real [140] is used but has no driver.
Warning: Wire fft16_r4.\X_real [139] is used but has no driver.
Warning: Wire fft16_r4.\X_real [138] is used but has no driver.
Warning: Wire fft16_r4.\X_real [137] is used but has no driver.
Warning: Wire fft16_r4.\X_real [136] is used but has no driver.
Warning: Wire fft16_r4.\X_real [135] is used but has no driver.
Warning: Wire fft16_r4.\X_real [134] is used but has no driver.
Warning: Wire fft16_r4.\X_real [133] is used but has no driver.
Warning: Wire fft16_r4.\X_real [132] is used but has no driver.
Warning: Wire fft16_r4.\X_real [131] is used but has no driver.
Warning: Wire fft16_r4.\X_real [130] is used but has no driver.
Warning: Wire fft16_r4.\X_real [129] is used but has no driver.
Warning: Wire fft16_r4.\X_real [128] is used but has no driver.
Warning: Wire fft16_r4.\X_real [127] is used but has no driver.
Warning: Wire fft16_r4.\X_real [126] is used but has no driver.
Warning: Wire fft16_r4.\X_real [125] is used but has no driver.
Warning: Wire fft16_r4.\X_real [124] is used but has no driver.
Warning: Wire fft16_r4.\X_real [123] is used but has no driver.
Warning: Wire fft16_r4.\X_real [122] is used but has no driver.
Warning: Wire fft16_r4.\X_real [121] is used but has no driver.
Warning: Wire fft16_r4.\X_real [120] is used but has no driver.
Warning: Wire fft16_r4.\X_real [119] is used but has no driver.
Warning: Wire fft16_r4.\X_real [118] is used but has no driver.
Warning: Wire fft16_r4.\X_real [117] is used but has no driver.
Warning: Wire fft16_r4.\X_real [116] is used but has no driver.
Warning: Wire fft16_r4.\X_real [115] is used but has no driver.
Warning: Wire fft16_r4.\X_real [114] is used but has no driver.
Warning: Wire fft16_r4.\X_real [113] is used but has no driver.
Warning: Wire fft16_r4.\X_real [112] is used but has no driver.
Warning: Wire fft16_r4.\X_real [111] is used but has no driver.
Warning: Wire fft16_r4.\X_real [110] is used but has no driver.
Warning: Wire fft16_r4.\X_real [109] is used but has no driver.
Warning: Wire fft16_r4.\X_real [108] is used but has no driver.
Warning: Wire fft16_r4.\X_real [107] is used but has no driver.
Warning: Wire fft16_r4.\X_real [106] is used but has no driver.
Warning: Wire fft16_r4.\X_real [105] is used but has no driver.
Warning: Wire fft16_r4.\X_real [104] is used but has no driver.
Warning: Wire fft16_r4.\X_real [103] is used but has no driver.
Warning: Wire fft16_r4.\X_real [102] is used but has no driver.
Warning: Wire fft16_r4.\X_real [101] is used but has no driver.
Warning: Wire fft16_r4.\X_real [100] is used but has no driver.
Warning: Wire fft16_r4.\X_real [99] is used but has no driver.
Warning: Wire fft16_r4.\X_real [98] is used but has no driver.
Warning: Wire fft16_r4.\X_real [97] is used but has no driver.
Warning: Wire fft16_r4.\X_real [96] is used but has no driver.
Warning: Wire fft16_r4.\X_real [95] is used but has no driver.
Warning: Wire fft16_r4.\X_real [94] is used but has no driver.
Warning: Wire fft16_r4.\X_real [93] is used but has no driver.
Warning: Wire fft16_r4.\X_real [92] is used but has no driver.
Warning: Wire fft16_r4.\X_real [91] is used but has no driver.
Warning: Wire fft16_r4.\X_real [90] is used but has no driver.
Warning: Wire fft16_r4.\X_real [89] is used but has no driver.
Warning: Wire fft16_r4.\X_real [88] is used but has no driver.
Warning: Wire fft16_r4.\X_real [87] is used but has no driver.
Warning: Wire fft16_r4.\X_real [86] is used but has no driver.
Warning: Wire fft16_r4.\X_real [85] is used but has no driver.
Warning: Wire fft16_r4.\X_real [84] is used but has no driver.
Warning: Wire fft16_r4.\X_real [83] is used but has no driver.
Warning: Wire fft16_r4.\X_real [82] is used but has no driver.
Warning: Wire fft16_r4.\X_real [81] is used but has no driver.
Warning: Wire fft16_r4.\X_real [80] is used but has no driver.
Warning: Wire fft16_r4.\X_real [79] is used but has no driver.
Warning: Wire fft16_r4.\X_real [78] is used but has no driver.
Warning: Wire fft16_r4.\X_real [77] is used but has no driver.
Warning: Wire fft16_r4.\X_real [76] is used but has no driver.
Warning: Wire fft16_r4.\X_real [75] is used but has no driver.
Warning: Wire fft16_r4.\X_real [74] is used but has no driver.
Warning: Wire fft16_r4.\X_real [73] is used but has no driver.
Warning: Wire fft16_r4.\X_real [72] is used but has no driver.
Warning: Wire fft16_r4.\X_real [71] is used but has no driver.
Warning: Wire fft16_r4.\X_real [70] is used but has no driver.
Warning: Wire fft16_r4.\X_real [69] is used but has no driver.
Warning: Wire fft16_r4.\X_real [68] is used but has no driver.
Warning: Wire fft16_r4.\X_real [67] is used but has no driver.
Warning: Wire fft16_r4.\X_real [66] is used but has no driver.
Warning: Wire fft16_r4.\X_real [65] is used but has no driver.
Warning: Wire fft16_r4.\X_real [64] is used but has no driver.
Warning: Wire fft16_r4.\X_real [63] is used but has no driver.
Warning: Wire fft16_r4.\X_real [62] is used but has no driver.
Warning: Wire fft16_r4.\X_real [61] is used but has no driver.
Warning: Wire fft16_r4.\X_real [60] is used but has no driver.
Warning: Wire fft16_r4.\X_real [59] is used but has no driver.
Warning: Wire fft16_r4.\X_real [58] is used but has no driver.
Warning: Wire fft16_r4.\X_real [57] is used but has no driver.
Warning: Wire fft16_r4.\X_real [56] is used but has no driver.
Warning: Wire fft16_r4.\X_real [55] is used but has no driver.
Warning: Wire fft16_r4.\X_real [54] is used but has no driver.
Warning: Wire fft16_r4.\X_real [53] is used but has no driver.
Warning: Wire fft16_r4.\X_real [52] is used but has no driver.
Warning: Wire fft16_r4.\X_real [51] is used but has no driver.
Warning: Wire fft16_r4.\X_real [50] is used but has no driver.
Warning: Wire fft16_r4.\X_real [49] is used but has no driver.
Warning: Wire fft16_r4.\X_real [48] is used but has no driver.
Warning: Wire fft16_r4.\X_real [47] is used but has no driver.
Warning: Wire fft16_r4.\X_real [46] is used but has no driver.
Warning: Wire fft16_r4.\X_real [45] is used but has no driver.
Warning: Wire fft16_r4.\X_real [44] is used but has no driver.
Warning: Wire fft16_r4.\X_real [43] is used but has no driver.
Warning: Wire fft16_r4.\X_real [42] is used but has no driver.
Warning: Wire fft16_r4.\X_real [41] is used but has no driver.
Warning: Wire fft16_r4.\X_real [40] is used but has no driver.
Warning: Wire fft16_r4.\X_real [39] is used but has no driver.
Warning: Wire fft16_r4.\X_real [38] is used but has no driver.
Warning: Wire fft16_r4.\X_real [37] is used but has no driver.
Warning: Wire fft16_r4.\X_real [36] is used but has no driver.
Warning: Wire fft16_r4.\X_real [35] is used but has no driver.
Warning: Wire fft16_r4.\X_real [34] is used but has no driver.
Warning: Wire fft16_r4.\X_real [33] is used but has no driver.
Warning: Wire fft16_r4.\X_real [32] is used but has no driver.
Warning: Wire fft16_r4.\X_real [31] is used but has no driver.
Warning: Wire fft16_r4.\X_real [30] is used but has no driver.
Warning: Wire fft16_r4.\X_real [29] is used but has no driver.
Warning: Wire fft16_r4.\X_real [28] is used but has no driver.
Warning: Wire fft16_r4.\X_real [27] is used but has no driver.
Warning: Wire fft16_r4.\X_real [26] is used but has no driver.
Warning: Wire fft16_r4.\X_real [25] is used but has no driver.
Warning: Wire fft16_r4.\X_real [24] is used but has no driver.
Warning: Wire fft16_r4.\X_real [23] is used but has no driver.
Warning: Wire fft16_r4.\X_real [22] is used but has no driver.
Warning: Wire fft16_r4.\X_real [21] is used but has no driver.
Warning: Wire fft16_r4.\X_real [20] is used but has no driver.
Warning: Wire fft16_r4.\X_real [19] is used but has no driver.
Warning: Wire fft16_r4.\X_real [18] is used but has no driver.
Warning: Wire fft16_r4.\X_real [17] is used but has no driver.
Warning: Wire fft16_r4.\X_real [16] is used but has no driver.
Warning: Wire fft16_r4.\X_real [15] is used but has no driver.
Warning: Wire fft16_r4.\X_real [14] is used but has no driver.
Warning: Wire fft16_r4.\X_real [13] is used but has no driver.
Warning: Wire fft16_r4.\X_real [12] is used but has no driver.
Warning: Wire fft16_r4.\X_real [11] is used but has no driver.
Warning: Wire fft16_r4.\X_real [10] is used but has no driver.
Warning: Wire fft16_r4.\X_real [9] is used but has no driver.
Warning: Wire fft16_r4.\X_real [8] is used but has no driver.
Warning: Wire fft16_r4.\X_real [7] is used but has no driver.
Warning: Wire fft16_r4.\X_real [6] is used but has no driver.
Warning: Wire fft16_r4.\X_real [5] is used but has no driver.
Warning: Wire fft16_r4.\X_real [4] is used but has no driver.
Warning: Wire fft16_r4.\X_real [3] is used but has no driver.
Warning: Wire fft16_r4.\X_real [2] is used but has no driver.
Warning: Wire fft16_r4.\X_real [1] is used but has no driver.
Warning: Wire fft16_r4.\X_real [0] is used but has no driver.
Warning: Wire fft16_r4.\X_imag [255] is used but has no driver.
Warning: Wire fft16_r4.\X_imag [254] is used but has no driver.
Warning: Wire fft16_r4.\X_imag [253] is used but has no driver.
Warning: Wire fft16_r4.\X_imag [252] is used but has no driver.
Warning: Wire fft16_r4.\X_imag [251] is used but has no driver.
Warning: Wire fft16_r4.\X_imag [250] is used but has no driver.
Warning: Wire fft16_r4.\X_imag [249] is used but has no driver.
Warning: Wire fft16_r4.\X_imag [248] is used but has no driver.
Warning: Wire fft16_r4.\X_imag [247] is used but has no driver.
Warning: Wire fft16_r4.\X_imag [246] is used but has no driver.
Warning: Wire fft16_r4.\X_imag [245] is used but has no driver.
Warning: Wire fft16_r4.\X_imag [244] is used but has no driver.
Warning: Wire fft16_r4.\X_imag [243] is used but has no driver.
Warning: Wire fft16_r4.\X_imag [242] is used but has no driver.
Warning: Wire fft16_r4.\X_imag [241] is used but has no driver.
Warning: Wire fft16_r4.\X_imag [240] is used but has no driver.
Warning: Wire fft16_r4.\X_imag [239] is used but has no driver.
Warning: Wire fft16_r4.\X_imag [238] is used but has no driver.
Warning: Wire fft16_r4.\X_imag [237] is used but has no driver.
Warning: Wire fft16_r4.\X_imag [236] is used but has no driver.
Warning: Wire fft16_r4.\X_imag [235] is used but has no driver.
Warning: Wire fft16_r4.\X_imag [234] is used but has no driver.
Warning: Wire fft16_r4.\X_imag [233] is used but has no driver.
Warning: Wire fft16_r4.\X_imag [232] is used but has no driver.
Warning: Wire fft16_r4.\X_imag [231] is used but has no driver.
Warning: Wire fft16_r4.\X_imag [230] is used but has no driver.
Warning: Wire fft16_r4.\X_imag [229] is used but has no driver.
Warning: Wire fft16_r4.\X_imag [228] is used but has no driver.
Warning: Wire fft16_r4.\X_imag [227] is used but has no driver.
Warning: Wire fft16_r4.\X_imag [226] is used but has no driver.
Warning: Wire fft16_r4.\X_imag [225] is used but has no driver.
Warning: Wire fft16_r4.\X_imag [224] is used but has no driver.
Warning: Wire fft16_r4.\X_imag [223] is used but has no driver.
Warning: Wire fft16_r4.\X_imag [222] is used but has no driver.
Warning: Wire fft16_r4.\X_imag [221] is used but has no driver.
Warning: Wire fft16_r4.\X_imag [220] is used but has no driver.
Warning: Wire fft16_r4.\X_imag [219] is used but has no driver.
Warning: Wire fft16_r4.\X_imag [218] is used but has no driver.
Warning: Wire fft16_r4.\X_imag [217] is used but has no driver.
Warning: Wire fft16_r4.\X_imag [216] is used but has no driver.
Warning: Wire fft16_r4.\X_imag [215] is used but has no driver.
Warning: Wire fft16_r4.\X_imag [214] is used but has no driver.
Warning: Wire fft16_r4.\X_imag [213] is used but has no driver.
Warning: Wire fft16_r4.\X_imag [212] is used but has no driver.
Warning: Wire fft16_r4.\X_imag [211] is used but has no driver.
Warning: Wire fft16_r4.\X_imag [210] is used but has no driver.
Warning: Wire fft16_r4.\X_imag [209] is used but has no driver.
Warning: Wire fft16_r4.\X_imag [208] is used but has no driver.
Warning: Wire fft16_r4.\X_imag [207] is used but has no driver.
Warning: Wire fft16_r4.\X_imag [206] is used but has no driver.
Warning: Wire fft16_r4.\X_imag [205] is used but has no driver.
Warning: Wire fft16_r4.\X_imag [204] is used but has no driver.
Warning: Wire fft16_r4.\X_imag [203] is used but has no driver.
Warning: Wire fft16_r4.\X_imag [202] is used but has no driver.
Warning: Wire fft16_r4.\X_imag [201] is used but has no driver.
Warning: Wire fft16_r4.\X_imag [200] is used but has no driver.
Warning: Wire fft16_r4.\X_imag [199] is used but has no driver.
Warning: Wire fft16_r4.\X_imag [198] is used but has no driver.
Warning: Wire fft16_r4.\X_imag [197] is used but has no driver.
Warning: Wire fft16_r4.\X_imag [196] is used but has no driver.
Warning: Wire fft16_r4.\X_imag [195] is used but has no driver.
Warning: Wire fft16_r4.\X_imag [194] is used but has no driver.
Warning: Wire fft16_r4.\X_imag [193] is used but has no driver.
Warning: Wire fft16_r4.\X_imag [192] is used but has no driver.
Warning: Wire fft16_r4.\X_imag [191] is used but has no driver.
Warning: Wire fft16_r4.\X_imag [190] is used but has no driver.
Warning: Wire fft16_r4.\X_imag [189] is used but has no driver.
Warning: Wire fft16_r4.\X_imag [188] is used but has no driver.
Warning: Wire fft16_r4.\X_imag [187] is used but has no driver.
Warning: Wire fft16_r4.\X_imag [186] is used but has no driver.
Warning: Wire fft16_r4.\X_imag [185] is used but has no driver.
Warning: Wire fft16_r4.\X_imag [184] is used but has no driver.
Warning: Wire fft16_r4.\X_imag [183] is used but has no driver.
Warning: Wire fft16_r4.\X_imag [182] is used but has no driver.
Warning: Wire fft16_r4.\X_imag [181] is used but has no driver.
Warning: Wire fft16_r4.\X_imag [180] is used but has no driver.
Warning: Wire fft16_r4.\X_imag [179] is used but has no driver.
Warning: Wire fft16_r4.\X_imag [178] is used but has no driver.
Warning: Wire fft16_r4.\X_imag [177] is used but has no driver.
Warning: Wire fft16_r4.\X_imag [176] is used but has no driver.
Warning: Wire fft16_r4.\X_imag [175] is used but has no driver.
Warning: Wire fft16_r4.\X_imag [174] is used but has no driver.
Warning: Wire fft16_r4.\X_imag [173] is used but has no driver.
Warning: Wire fft16_r4.\X_imag [172] is used but has no driver.
Warning: Wire fft16_r4.\X_imag [171] is used but has no driver.
Warning: Wire fft16_r4.\X_imag [170] is used but has no driver.
Warning: Wire fft16_r4.\X_imag [169] is used but has no driver.
Warning: Wire fft16_r4.\X_imag [168] is used but has no driver.
Warning: Wire fft16_r4.\X_imag [167] is used but has no driver.
Warning: Wire fft16_r4.\X_imag [166] is used but has no driver.
Warning: Wire fft16_r4.\X_imag [165] is used but has no driver.
Warning: Wire fft16_r4.\X_imag [164] is used but has no driver.
Warning: Wire fft16_r4.\X_imag [163] is used but has no driver.
Warning: Wire fft16_r4.\X_imag [162] is used but has no driver.
Warning: Wire fft16_r4.\X_imag [161] is used but has no driver.
Warning: Wire fft16_r4.\X_imag [160] is used but has no driver.
Warning: Wire fft16_r4.\X_imag [159] is used but has no driver.
Warning: Wire fft16_r4.\X_imag [158] is used but has no driver.
Warning: Wire fft16_r4.\X_imag [157] is used but has no driver.
Warning: Wire fft16_r4.\X_imag [156] is used but has no driver.
Warning: Wire fft16_r4.\X_imag [155] is used but has no driver.
Warning: Wire fft16_r4.\X_imag [154] is used but has no driver.
Warning: Wire fft16_r4.\X_imag [153] is used but has no driver.
Warning: Wire fft16_r4.\X_imag [152] is used but has no driver.
Warning: Wire fft16_r4.\X_imag [151] is used but has no driver.
Warning: Wire fft16_r4.\X_imag [150] is used but has no driver.
Warning: Wire fft16_r4.\X_imag [149] is used but has no driver.
Warning: Wire fft16_r4.\X_imag [148] is used but has no driver.
Warning: Wire fft16_r4.\X_imag [147] is used but has no driver.
Warning: Wire fft16_r4.\X_imag [146] is used but has no driver.
Warning: Wire fft16_r4.\X_imag [145] is used but has no driver.
Warning: Wire fft16_r4.\X_imag [144] is used but has no driver.
Warning: Wire fft16_r4.\X_imag [143] is used but has no driver.
Warning: Wire fft16_r4.\X_imag [142] is used but has no driver.
Warning: Wire fft16_r4.\X_imag [141] is used but has no driver.
Warning: Wire fft16_r4.\X_imag [140] is used but has no driver.
Warning: Wire fft16_r4.\X_imag [139] is used but has no driver.
Warning: Wire fft16_r4.\X_imag [138] is used but has no driver.
Warning: Wire fft16_r4.\X_imag [137] is used but has no driver.
Warning: Wire fft16_r4.\X_imag [136] is used but has no driver.
Warning: Wire fft16_r4.\X_imag [135] is used but has no driver.
Warning: Wire fft16_r4.\X_imag [134] is used but has no driver.
Warning: Wire fft16_r4.\X_imag [133] is used but has no driver.
Warning: Wire fft16_r4.\X_imag [132] is used but has no driver.
Warning: Wire fft16_r4.\X_imag [131] is used but has no driver.
Warning: Wire fft16_r4.\X_imag [130] is used but has no driver.
Warning: Wire fft16_r4.\X_imag [129] is used but has no driver.
Warning: Wire fft16_r4.\X_imag [128] is used but has no driver.
Warning: Wire fft16_r4.\X_imag [127] is used but has no driver.
Warning: Wire fft16_r4.\X_imag [126] is used but has no driver.
Warning: Wire fft16_r4.\X_imag [125] is used but has no driver.
Warning: Wire fft16_r4.\X_imag [124] is used but has no driver.
Warning: Wire fft16_r4.\X_imag [123] is used but has no driver.
Warning: Wire fft16_r4.\X_imag [122] is used but has no driver.
Warning: Wire fft16_r4.\X_imag [121] is used but has no driver.
Warning: Wire fft16_r4.\X_imag [120] is used but has no driver.
Warning: Wire fft16_r4.\X_imag [119] is used but has no driver.
Warning: Wire fft16_r4.\X_imag [118] is used but has no driver.
Warning: Wire fft16_r4.\X_imag [117] is used but has no driver.
Warning: Wire fft16_r4.\X_imag [116] is used but has no driver.
Warning: Wire fft16_r4.\X_imag [115] is used but has no driver.
Warning: Wire fft16_r4.\X_imag [114] is used but has no driver.
Warning: Wire fft16_r4.\X_imag [113] is used but has no driver.
Warning: Wire fft16_r4.\X_imag [112] is used but has no driver.
Warning: Wire fft16_r4.\X_imag [111] is used but has no driver.
Warning: Wire fft16_r4.\X_imag [110] is used but has no driver.
Warning: Wire fft16_r4.\X_imag [109] is used but has no driver.
Warning: Wire fft16_r4.\X_imag [108] is used but has no driver.
Warning: Wire fft16_r4.\X_imag [107] is used but has no driver.
Warning: Wire fft16_r4.\X_imag [106] is used but has no driver.
Warning: Wire fft16_r4.\X_imag [105] is used but has no driver.
Warning: Wire fft16_r4.\X_imag [104] is used but has no driver.
Warning: Wire fft16_r4.\X_imag [103] is used but has no driver.
Warning: Wire fft16_r4.\X_imag [102] is used but has no driver.
Warning: Wire fft16_r4.\X_imag [101] is used but has no driver.
Warning: Wire fft16_r4.\X_imag [100] is used but has no driver.
Warning: Wire fft16_r4.\X_imag [99] is used but has no driver.
Warning: Wire fft16_r4.\X_imag [98] is used but has no driver.
Warning: Wire fft16_r4.\X_imag [97] is used but has no driver.
Warning: Wire fft16_r4.\X_imag [96] is used but has no driver.
Warning: Wire fft16_r4.\X_imag [95] is used but has no driver.
Warning: Wire fft16_r4.\X_imag [94] is used but has no driver.
Warning: Wire fft16_r4.\X_imag [93] is used but has no driver.
Warning: Wire fft16_r4.\X_imag [92] is used but has no driver.
Warning: Wire fft16_r4.\X_imag [91] is used but has no driver.
Warning: Wire fft16_r4.\X_imag [90] is used but has no driver.
Warning: Wire fft16_r4.\X_imag [89] is used but has no driver.
Warning: Wire fft16_r4.\X_imag [88] is used but has no driver.
Warning: Wire fft16_r4.\X_imag [87] is used but has no driver.
Warning: Wire fft16_r4.\X_imag [86] is used but has no driver.
Warning: Wire fft16_r4.\X_imag [85] is used but has no driver.
Warning: Wire fft16_r4.\X_imag [84] is used but has no driver.
Warning: Wire fft16_r4.\X_imag [83] is used but has no driver.
Warning: Wire fft16_r4.\X_imag [82] is used but has no driver.
Warning: Wire fft16_r4.\X_imag [81] is used but has no driver.
Warning: Wire fft16_r4.\X_imag [80] is used but has no driver.
Warning: Wire fft16_r4.\X_imag [79] is used but has no driver.
Warning: Wire fft16_r4.\X_imag [78] is used but has no driver.
Warning: Wire fft16_r4.\X_imag [77] is used but has no driver.
Warning: Wire fft16_r4.\X_imag [76] is used but has no driver.
Warning: Wire fft16_r4.\X_imag [75] is used but has no driver.
Warning: Wire fft16_r4.\X_imag [74] is used but has no driver.
Warning: Wire fft16_r4.\X_imag [73] is used but has no driver.
Warning: Wire fft16_r4.\X_imag [72] is used but has no driver.
Warning: Wire fft16_r4.\X_imag [71] is used but has no driver.
Warning: Wire fft16_r4.\X_imag [70] is used but has no driver.
Warning: Wire fft16_r4.\X_imag [69] is used but has no driver.
Warning: Wire fft16_r4.\X_imag [68] is used but has no driver.
Warning: Wire fft16_r4.\X_imag [67] is used but has no driver.
Warning: Wire fft16_r4.\X_imag [66] is used but has no driver.
Warning: Wire fft16_r4.\X_imag [65] is used but has no driver.
Warning: Wire fft16_r4.\X_imag [64] is used but has no driver.
Warning: Wire fft16_r4.\X_imag [63] is used but has no driver.
Warning: Wire fft16_r4.\X_imag [62] is used but has no driver.
Warning: Wire fft16_r4.\X_imag [61] is used but has no driver.
Warning: Wire fft16_r4.\X_imag [60] is used but has no driver.
Warning: Wire fft16_r4.\X_imag [59] is used but has no driver.
Warning: Wire fft16_r4.\X_imag [58] is used but has no driver.
Warning: Wire fft16_r4.\X_imag [57] is used but has no driver.
Warning: Wire fft16_r4.\X_imag [56] is used but has no driver.
Warning: Wire fft16_r4.\X_imag [55] is used but has no driver.
Warning: Wire fft16_r4.\X_imag [54] is used but has no driver.
Warning: Wire fft16_r4.\X_imag [53] is used but has no driver.
Warning: Wire fft16_r4.\X_imag [52] is used but has no driver.
Warning: Wire fft16_r4.\X_imag [51] is used but has no driver.
Warning: Wire fft16_r4.\X_imag [50] is used but has no driver.
Warning: Wire fft16_r4.\X_imag [49] is used but has no driver.
Warning: Wire fft16_r4.\X_imag [48] is used but has no driver.
Warning: Wire fft16_r4.\X_imag [47] is used but has no driver.
Warning: Wire fft16_r4.\X_imag [46] is used but has no driver.
Warning: Wire fft16_r4.\X_imag [45] is used but has no driver.
Warning: Wire fft16_r4.\X_imag [44] is used but has no driver.
Warning: Wire fft16_r4.\X_imag [43] is used but has no driver.
Warning: Wire fft16_r4.\X_imag [42] is used but has no driver.
Warning: Wire fft16_r4.\X_imag [41] is used but has no driver.
Warning: Wire fft16_r4.\X_imag [40] is used but has no driver.
Warning: Wire fft16_r4.\X_imag [39] is used but has no driver.
Warning: Wire fft16_r4.\X_imag [38] is used but has no driver.
Warning: Wire fft16_r4.\X_imag [37] is used but has no driver.
Warning: Wire fft16_r4.\X_imag [36] is used but has no driver.
Warning: Wire fft16_r4.\X_imag [35] is used but has no driver.
Warning: Wire fft16_r4.\X_imag [34] is used but has no driver.
Warning: Wire fft16_r4.\X_imag [33] is used but has no driver.
Warning: Wire fft16_r4.\X_imag [32] is used but has no driver.
Warning: Wire fft16_r4.\X_imag [31] is used but has no driver.
Warning: Wire fft16_r4.\X_imag [30] is used but has no driver.
Warning: Wire fft16_r4.\X_imag [29] is used but has no driver.
Warning: Wire fft16_r4.\X_imag [28] is used but has no driver.
Warning: Wire fft16_r4.\X_imag [27] is used but has no driver.
Warning: Wire fft16_r4.\X_imag [26] is used but has no driver.
Warning: Wire fft16_r4.\X_imag [25] is used but has no driver.
Warning: Wire fft16_r4.\X_imag [24] is used but has no driver.
Warning: Wire fft16_r4.\X_imag [23] is used but has no driver.
Warning: Wire fft16_r4.\X_imag [22] is used but has no driver.
Warning: Wire fft16_r4.\X_imag [21] is used but has no driver.
Warning: Wire fft16_r4.\X_imag [20] is used but has no driver.
Warning: Wire fft16_r4.\X_imag [19] is used but has no driver.
Warning: Wire fft16_r4.\X_imag [18] is used but has no driver.
Warning: Wire fft16_r4.\X_imag [17] is used but has no driver.
Warning: Wire fft16_r4.\X_imag [16] is used but has no driver.
Warning: Wire fft16_r4.\X_imag [15] is used but has no driver.
Warning: Wire fft16_r4.\X_imag [14] is used but has no driver.
Warning: Wire fft16_r4.\X_imag [13] is used but has no driver.
Warning: Wire fft16_r4.\X_imag [12] is used but has no driver.
Warning: Wire fft16_r4.\X_imag [11] is used but has no driver.
Warning: Wire fft16_r4.\X_imag [10] is used but has no driver.
Warning: Wire fft16_r4.\X_imag [9] is used but has no driver.
Warning: Wire fft16_r4.\X_imag [8] is used but has no driver.
Warning: Wire fft16_r4.\X_imag [7] is used but has no driver.
Warning: Wire fft16_r4.\X_imag [6] is used but has no driver.
Warning: Wire fft16_r4.\X_imag [5] is used but has no driver.
Warning: Wire fft16_r4.\X_imag [4] is used but has no driver.
Warning: Wire fft16_r4.\X_imag [3] is used but has no driver.
Warning: Wire fft16_r4.\X_imag [2] is used but has no driver.
Warning: Wire fft16_r4.\X_imag [1] is used but has no driver.
Warning: Wire fft16_r4.\X_imag [0] is used but has no driver.
found and reported 513 problems.

33. Printing statistics.

=== fft16_r4 ===

   Number of wires:              17226
   Number of wire bits:          17766
   Number of public wires:         151
   Number of public wire bits:     691
   Number of memories:               0
   Number of memory bits:            0
   Number of processes:              0
   Number of cells:              17731
     sky130_fd_sc_hd__a2111o_2       1
     sky130_fd_sc_hd__a211o_2       24
     sky130_fd_sc_hd__a211oi_2      24
     sky130_fd_sc_hd__a21bo_2       62
     sky130_fd_sc_hd__a21boi_2     113
     sky130_fd_sc_hd__a21o_2       578
     sky130_fd_sc_hd__a21oi_2      915
     sky130_fd_sc_hd__a221o_2       22
     sky130_fd_sc_hd__a221oi_2     115
     sky130_fd_sc_hd__a22o_2       172
     sky130_fd_sc_hd__a22oi_2      218
     sky130_fd_sc_hd__a2bb2o_2      31
     sky130_fd_sc_hd__a2bb2oi_2     24
     sky130_fd_sc_hd__a311o_2        3
     sky130_fd_sc_hd__a311oi_2       2
     sky130_fd_sc_hd__a31o_2       107
     sky130_fd_sc_hd__a31oi_2       73
     sky130_fd_sc_hd__a32o_2         8
     sky130_fd_sc_hd__a32oi_2       11
     sky130_fd_sc_hd__a41o_2         5
     sky130_fd_sc_hd__a41oi_2        3
     sky130_fd_sc_hd__and2_2       475
     sky130_fd_sc_hd__and2b_2       26
     sky130_fd_sc_hd__and3_2       317
     sky130_fd_sc_hd__and3b_2        4
     sky130_fd_sc_hd__and4_2        17
     sky130_fd_sc_hd__and4b_2        2
     sky130_fd_sc_hd__buf_1       1262
     sky130_fd_sc_hd__buf_2          5
     sky130_fd_sc_hd__conb_1         1
     sky130_fd_sc_hd__dfrtp_2      655
     sky130_fd_sc_hd__inv_2       1225
     sky130_fd_sc_hd__mux2_1       301
     sky130_fd_sc_hd__mux2_2       527
     sky130_fd_sc_hd__nand2_2     3931
     sky130_fd_sc_hd__nand2b_2       1
     sky130_fd_sc_hd__nand3_2     1768
     sky130_fd_sc_hd__nand3b_2     230
     sky130_fd_sc_hd__nor2_2      1469
     sky130_fd_sc_hd__nor2b_2       10
     sky130_fd_sc_hd__nor3_2        45
     sky130_fd_sc_hd__nor3b_2        5
     sky130_fd_sc_hd__o2111a_2      20
     sky130_fd_sc_hd__o2111ai_2    127
     sky130_fd_sc_hd__o211a_2      138
     sky130_fd_sc_hd__o211ai_2     118
     sky130_fd_sc_hd__o21a_2       160
     sky130_fd_sc_hd__o21ai_2      696
     sky130_fd_sc_hd__o21ba_2        3
     sky130_fd_sc_hd__o21bai_2     156
     sky130_fd_sc_hd__o221a_2        6
     sky130_fd_sc_hd__o221ai_2      10
     sky130_fd_sc_hd__o22a_2        31
     sky130_fd_sc_hd__o22ai_2      293
     sky130_fd_sc_hd__o2bb2a_2       7
     sky130_fd_sc_hd__o2bb2ai_2    247
     sky130_fd_sc_hd__o311a_2        1
     sky130_fd_sc_hd__o31a_2        23
     sky130_fd_sc_hd__o31ai_2        5
     sky130_fd_sc_hd__o32a_2         3
     sky130_fd_sc_hd__o41a_2         1
     sky130_fd_sc_hd__or2_2        562
     sky130_fd_sc_hd__or2b_2        52
     sky130_fd_sc_hd__or3_2         45
     sky130_fd_sc_hd__or3b_2        28
     sky130_fd_sc_hd__or4_2          7
     sky130_fd_sc_hd__or4b_2         1
     sky130_fd_sc_hd__xnor2_2       72
     sky130_fd_sc_hd__xor2_2       132

   Chip area for module '\fft16_r4': 152501.260800

34. Executing Verilog backend.
Dumping module `\fft16_r4'.

Warnings: 515 unique messages, 515 total
End of script. Logfile hash: 3e95e3ab78, CPU: user 7.88s system 0.20s, MEM: 122.64 MB peak
Yosys 0.9+3621 (git sha1 84e9fa7, gcc 8.3.1 -fPIC -Os)
Time spent: 74% 2x abc (22 sec), 6% 23x opt_expr (1 sec), ...
