OpenROAD 0.9.0 1415572a73
This program is licensed under the BSD-3 license. See the LICENSE file for details.
Components of this program may be licensed under more restrictive licenses which must be honored.
Warning: /home/vsduser/Desktop/work/tools/openlane_working_dir/pdks/sky130A/libs.ref/sky130_fd_sc_hd/lib/sky130_fd_sc_hd__tt_025C_1v80.lib line 31, default_operating_condition tt_025C_1v80 not found.
Notice 0: Reading LEF file:  /openLANE_flow/designs/fft_project/radix2/runs/final_run/tmp/merged_unpadded.lef
Notice 0:     Created 13 technology layers
Notice 0:     Created 25 technology vias
Notice 0:     Created 440 library cells
Notice 0: Finished LEF file:  /openLANE_flow/designs/fft_project/radix2/runs/final_run/tmp/merged_unpadded.lef
Notice 0: 
Reading DEF file: /openLANE_flow/designs/fft_project/radix2/runs/final_run/results/cts/fft16_r2.cts.def
Notice 0: Design: fft16_r2
Notice 0:     Created 550 pins.
Notice 0:     Created 22072 components and 129868 component-terminals.
Notice 0:     Created 2 special nets and 0 connections.
Notice 0:     Created 15525 nets and 53776 connections.
Notice 0: Finished DEF file: /openLANE_flow/designs/fft_project/radix2/runs/final_run/results/cts/fft16_r2.cts.def
Min routing layer: 2
Max routing layer: 6
Global adjustment: 0.0
Unidirectional routing: true
Grid origin: (0, 0)
[INFO GRT-0004] #DB Obstructions: 0
[INFO GRT-0005] #DB Obstacles: 583589
[INFO GRT-0006] #DB Macros: 0
[INFO GRT-0017] Found 0 clock nets
[INFO GRT-0001] Minimum degree: 2
[INFO GRT-0002] Maximum degree: 64
[INFO GRT-0018] Processing 439250 obstacles on layer 1
[INFO GRT-0019] Processing 58008 obstacles on layer 2
[INFO GRT-0022] Processing 9 obstacles on layer 5
[INFO GRT-0023] Processing 9 obstacles on layer 6
[INFO GRT-0020] Reducing resources of layer 1 by 99%
[INFO] WIRELEN : 138496, WIRELEN1 : 0
[INFO] NumSeg  : 35924
[INFO] NumShift: 0
First L Route
[INFO] WIRELEN : 138761, WIRELEN1 : 138761
[INFO] NumSeg  : 35865
[INFO] NumShift: 1223
[Overflow Report] Total hCap    : 262326
[Overflow Report] Total vCap    : 206619
[Overflow Report] Total Usage   : 138761
[Overflow Report] Max H Overflow: 0
[Overflow Report] Max V Overflow: 2
[Overflow Report] Max Overflow  : 2
[Overflow Report] Num Overflow e: 5
[Overflow Report] H   Overflow  : 0
[Overflow Report] V   Overflow  : 6
[Overflow Report] Final Overflow: 6

Second L Route
[Overflow Report] Total hCap    : 262326
[Overflow Report] Total vCap    : 206619
[Overflow Report] Total Usage   : 138761
[Overflow Report] Max H Overflow: 0
[Overflow Report] Max V Overflow: 0
[Overflow Report] Max Overflow  : 0
[Overflow Report] Num Overflow e: 0
[Overflow Report] H   Overflow  : 0
[Overflow Report] V   Overflow  : 0
[Overflow Report] Final Overflow: 0

First Z Route
[Overflow Report] Total hCap    : 262326
[Overflow Report] Total vCap    : 206619
[Overflow Report] Total Usage   : 138761
[Overflow Report] Max H Overflow: 0
[Overflow Report] Max V Overflow: 0
[Overflow Report] Max Overflow  : 0
[Overflow Report] Num Overflow e: 0
[Overflow Report] H   Overflow  : 0
[Overflow Report] V   Overflow  : 0
[Overflow Report] Final Overflow: 0

[INFO] LV routing round 0, enlarge 10 
[INFO] 10 threshold, 10 expand
[Overflow Report] total Usage   : 138761
[Overflow Report] Max H Overflow: 11
[Overflow Report] Max V Overflow: 14
[Overflow Report] Max Overflow  : 14
[Overflow Report] Num Overflow e: 196
[Overflow Report] H   Overflow  : 258
[Overflow Report] V   Overflow  : 522
[Overflow Report] Final Overflow: 780

[INFO] LV routing round 1, enlarge 15 
[INFO] 5 threshold, 15 expand
[Overflow Report] total Usage   : 138801
[Overflow Report] Max H Overflow: 0
[Overflow Report] Max V Overflow: 2
[Overflow Report] Max Overflow  : 2
[Overflow Report] Num Overflow e: 11
[Overflow Report] H   Overflow  : 0
[Overflow Report] V   Overflow  : 13
[Overflow Report] Final Overflow: 13

[INFO] LV routing round 2, enlarge 20 
[INFO] 1 threshold, 20 expand
[Overflow Report] total Usage   : 138791
[Overflow Report] Max H Overflow: 0
[Overflow Report] Max V Overflow: 2
[Overflow Report] Max Overflow  : 2
[Overflow Report] Num Overflow e: 2
[Overflow Report] H   Overflow  : 0
[Overflow Report] V   Overflow  : 3
[Overflow Report] Final Overflow: 3

Running extra iterations to remove overflow...
Update congestion history type 1
[INFO] iteration 1, enlarge 20, costheight 9, threshold 10 via cost 2 
[INFO] log_coef 1.181232, healingTrigger 0 cost_step 5 L 1 cost_type 1 updatetype 1
[Overflow Report] total Usage   : 138802
[Overflow Report] Max H Overflow: 0
[Overflow Report] Max V Overflow: 0
[Overflow Report] Max Overflow  : 0
[Overflow Report] Num Overflow e: 0
[Overflow Report] H   Overflow  : 0
[Overflow Report] V   Overflow  : 0
[Overflow Report] Final Overflow: 0

Usage checked
Maze routing finished
[INFO] P3 runtime: 0.010000 sec
[INFO] Final 2D results: 
[Overflow Report] total Usage   : 138802
[Overflow Report] Max H Overflow: 0
[Overflow Report] Max V Overflow: 0
[Overflow Report] Max Overflow  : 0
[Overflow Report] Num Overflow e: 0
[Overflow Report] H   Overflow  : 0
[Overflow Report] V   Overflow  : 0
[Overflow Report] Final Overflow: 0

Layer Assignment Begins
Layer assignment finished
[INFO] 2D + Layer Assignment Runtime: 2.280000 sec
Post Processing Begins 
Post Processsing finished
 Starting via filling
[INFO] Via related to pin nodes 72806
[INFO] Via related stiner nodes 4294
Via filling finished

Final usage/overflow report: 
[INFO] Usage per layer: 
    Layer 1 usage: 0
    Layer 2 usage: 57454
    Layer 3 usage: 67593
    Layer 4 usage: 7745
    Layer 5 usage: 6197
    Layer 6 usage: 0

[INFO] Capacity per layer: 
    Layer 1 capacity: 0
    Layer 2 capacity: 148662
    Layer 3 capacity: 141426
    Layer 4 capacity: 94848
    Layer 5 capacity: 65193
    Layer 6 capacity: 18816

[INFO] Use percentage per layer: 
    Layer 1 use percentage: 0.0%
    Layer 2 use percentage: 38.65%
    Layer 3 use percentage: 47.79%
    Layer 4 use percentage: 8.17%
    Layer 5 use percentage: 9.51%
    Layer 6 use percentage: 0.00%

[INFO] Overflow per layer: 
    Layer 1 overflow: 0
    Layer 2 overflow: 0
    Layer 3 overflow: 0
    Layer 4 overflow: 0
    Layer 5 overflow: 0
    Layer 6 overflow: 0

[Overflow Report] Total Usage   : 138989
[Overflow Report] Total Capacity: 468945
[Overflow Report] Max H Overflow: 0
[Overflow Report] Max V Overflow: 0
[Overflow Report] Max Overflow  : 0
[Overflow Report] H   Overflow  : 0
[Overflow Report] V   Overflow  : 0
[Overflow Report] Final Overflow: 0

[INFO] Final usage          : 138989
[INFO] Final number of vias : 84580
[INFO] Final usage 3D       : 392729
[INFO GRT-0018] Total wirelength: 1268206 um
Repairing antennas...
[WARNING GRT-0025] No OR_DEFAULT vias defined
Notice 0: Split top of 1 T shapes.
Notice 0: Split top of 1 T shapes.
Notice 0: Split top of 1 T shapes.
Notice 0: Split top of 1 T shapes.
Notice 0: Split top of 1 T shapes.
Notice 0: Split top of 1 T shapes.
Notice 0: Split top of 1 T shapes.
Notice 0: Split top of 1 T shapes.
Notice 0: Split top of 1 T shapes.
Notice 0: Split top of 1 T shapes.
Notice 0: Split top of 1 T shapes.
Notice 0: Split top of 1 T shapes.
Notice 0: Split top of 1 T shapes.
Notice 0: Split top of 1 T shapes.
Notice 0: Split top of 1 T shapes.
Notice 0: Split top of 1 T shapes.
Notice 0: Split top of 1 T shapes.
Notice 0: Split top of 1 T shapes.
Notice 0: Split top of 1 T shapes.
Notice 0: Split top of 1 T shapes.
Notice 0: Split top of 1 T shapes.
Notice 0: Split top of 1 T shapes.
Notice 0: Split top of 1 T shapes.
Notice 0: Split top of 1 T shapes.
Notice 0: Split top of 1 T shapes.
Notice 0: Split top of 1 T shapes.
Notice 0: Split top of 1 T shapes.
Notice 0: Split top of 1 T shapes.
Notice 0: Split top of 1 T shapes.
Notice 0: Split top of 1 T shapes.
Notice 0: Split top of 1 T shapes.
Notice 0: Split top of 1 T shapes.
Notice 0: Split top of 1 T shapes.
Notice 0: Split top of 1 T shapes.
Notice 0: Split top of 1 T shapes.
Notice 0: Split top of 1 T shapes.
Notice 0: Split top of 1 T shapes.
Notice 0: Split top of 1 T shapes.
Notice 0: Split top of 1 T shapes.
Notice 0: Split top of 1 T shapes.
Notice 0: Split top of 1 T shapes.
Notice 0: Split top of 1 T shapes.
Notice 0: Split top of 1 T shapes.
Notice 0: Split top of 1 T shapes.
Notice 0: Split top of 1 T shapes.
Notice 0: Split top of 1 T shapes.
Notice 0: Split top of 1 T shapes.
Notice 0: Split top of 1 T shapes.
Notice 0: Split top of 1 T shapes.
Notice 0: Split top of 1 T shapes.
Notice 0: Split top of 1 T shapes.
Notice 0: Split top of 1 T shapes.
Notice 0: Split top of 1 T shapes.
Notice 0: Split top of 1 T shapes.
Notice 0: Split top of 1 T shapes.
Notice 0: Split top of 1 T shapes.
Notice 0: Split top of 1 T shapes.
Notice 0: Split top of 1 T shapes.
Notice 0: Split top of 1 T shapes.
Notice 0: Split top of 1 T shapes.
Notice 0: Split top of 1 T shapes.
Notice 0: Split top of 1 T shapes.
Notice 0: Split top of 1 T shapes.
Notice 0: Split top of 1 T shapes.
Notice 0: Split top of 1 T shapes.
Notice 0: Split top of 1 T shapes.
Notice 0: Split top of 1 T shapes.
Notice 0: Split top of 1 T shapes.
Notice 0: Split top of 1 T shapes.
Notice 0: Split top of 1 T shapes.
Notice 0: Split top of 1 T shapes.
Notice 0: Split top of 1 T shapes.
Notice 0: Split top of 1 T shapes.
Notice 0: Split top of 1 T shapes.
Notice 0: Split top of 1 T shapes.
Notice 0: Split top of 1 T shapes.
Notice 0: Split top of 1 T shapes.
Notice 0: Split top of 1 T shapes.
Notice 0: Split top of 1 T shapes.
Notice 0: Split top of 1 T shapes.
Notice 0: Split top of 1 T shapes.
Notice 0: Split top of 1 T shapes.
Notice 0: Split top of 1 T shapes.
Notice 0: Split top of 1 T shapes.
Notice 0: Split top of 1 T shapes.
Notice 0: Split top of 1 T shapes.
Notice 0: Split top of 1 T shapes.
Notice 0: Split top of 1 T shapes.
Notice 0: Split top of 1 T shapes.
Notice 0: Split top of 1 T shapes.
Notice 0: Split top of 1 T shapes.
Notice 0: Split top of 1 T shapes.
Notice 0: Split top of 1 T shapes.
Notice 0: Split top of 1 T shapes.
Notice 0: Split top of 1 T shapes.
Notice 0: Split top of 1 T shapes.
Notice 0: Split top of 1 T shapes.
Notice 0: Split top of 1 T shapes.
Notice 0: Split top of 1 T shapes.
Notice 0: Split top of 1 T shapes.
Notice 0: Split top of 1 T shapes.
Notice 0: Split top of 1 T shapes.
Notice 0: Split top of 1 T shapes.
Notice 0: Split top of 1 T shapes.
Notice 0: Split top of 1 T shapes.
Notice 0: Split top of 1 T shapes.
Notice 0: Split top of 1 T shapes.
Notice 0: Split top of 1 T shapes.
Notice 0: Split top of 1 T shapes.
Notice 0: Split top of 1 T shapes.
Notice 0: Split top of 1 T shapes.
Notice 0: Split top of 1 T shapes.
Notice 0: Split top of 1 T shapes.
Notice 0: Split top of 1 T shapes.
Notice 0: Split top of 1 T shapes.
Notice 0: Split top of 1 T shapes.
Notice 0: Split top of 1 T shapes.
Notice 0: Split top of 1 T shapes.
Notice 0: Split top of 1 T shapes.
Notice 0: Split top of 1 T shapes.
Notice 0: Split top of 1 T shapes.
Notice 0: Split top of 1 T shapes.
Notice 0: Split top of 1 T shapes.
Notice 0: Split top of 1 T shapes.
Notice 0: Split top of 1 T shapes.
Notice 0: Split top of 1 T shapes.
Notice 0: Split top of 1 T shapes.
Notice 0: Split top of 1 T shapes.
Notice 0: Split top of 1 T shapes.
Notice 0: Split top of 1 T shapes.
Notice 0: Split top of 1 T shapes.
Notice 0: Split top of 1 T shapes.
Notice 0: Split top of 1 T shapes.
Notice 0: Split top of 1 T shapes.
Notice 0: Split top of 1 T shapes.
Notice 0: Split top of 1 T shapes.
Notice 0: Split top of 1 T shapes.
Notice 0: Split top of 1 T shapes.
Notice 0: Split top of 1 T shapes.
Notice 0: Split top of 1 T shapes.
Notice 0: Split top of 1 T shapes.
Notice 0: Split top of 1 T shapes.
Notice 0: Split top of 1 T shapes.
Notice 0: Split top of 1 T shapes.
Notice 0: Split top of 1 T shapes.
Notice 0: Split top of 1 T shapes.
Notice 0: Split top of 1 T shapes.
Notice 0: Split top of 1 T shapes.
Notice 0: Split top of 1 T shapes.
Notice 0: Split top of 1 T shapes.
Notice 0: Split top of 1 T shapes.
Notice 0: Split top of 1 T shapes.
Notice 0: Split top of 1 T shapes.
Notice 0: Split top of 1 T shapes.
Notice 0: Split top of 1 T shapes.
Notice 0: Split top of 1 T shapes.
Notice 0: Split top of 1 T shapes.
Notice 0: Split top of 1 T shapes.
Notice 0: Split top of 1 T shapes.
Notice 0: Split top of 1 T shapes.
Notice 0: Split top of 1 T shapes.
Notice 0: Split top of 1 T shapes.
Notice 0: Split top of 1 T shapes.
Notice 0: Split top of 1 T shapes.
Notice 0: Split top of 1 T shapes.
Notice 0: Split top of 1 T shapes.
Notice 0: Split top of 1 T shapes.
Notice 0: Split top of 1 T shapes.
Notice 0: Split top of 1 T shapes.
Notice 0: Split top of 1 T shapes.
Notice 0: Split top of 1 T shapes.
Notice 0: Split top of 1 T shapes.
Notice 0: Split top of 1 T shapes.
Notice 0: Split top of 1 T shapes.
Notice 0: Split top of 1 T shapes.
Notice 0: Split top of 1 T shapes.
Notice 0: Split top of 1 T shapes.
Notice 0: Split top of 1 T shapes.
Notice 0: Split top of 1 T shapes.
Notice 0: Split top of 1 T shapes.
Notice 0: Split top of 1 T shapes.
Notice 0: Split top of 1 T shapes.
Notice 0: Split top of 1 T shapes.
Notice 0: Split top of 1 T shapes.
Notice 0: Split top of 1 T shapes.
Notice 0: Split top of 1 T shapes.
Notice 0: Split top of 1 T shapes.
Notice 0: Split top of 1 T shapes.
Notice 0: Split top of 1 T shapes.
Notice 0: Split top of 1 T shapes.
Notice 0: Split top of 1 T shapes.
Notice 0: Split top of 1 T shapes.
Notice 0: Split top of 1 T shapes.
Notice 0: Split top of 1 T shapes.
Notice 0: Split top of 1 T shapes.
Notice 0: Split top of 1 T shapes.
Notice 0: Split top of 1 T shapes.
Notice 0: Split top of 1 T shapes.
Notice 0: Split top of 1 T shapes.
Notice 0: Split top of 1 T shapes.
Notice 0: Split top of 1 T shapes.
Notice 0: Split top of 1 T shapes.
Notice 0: Split top of 1 T shapes.
Notice 0: Split top of 1 T shapes.
Notice 0: Split top of 1 T shapes.
Notice 0: Split top of 1 T shapes.
Notice 0: Split top of 1 T shapes.
Notice 0: Split top of 1 T shapes.
Notice 0: Split top of 1 T shapes.
Notice 0: Split top of 1 T shapes.
Notice 0: Split top of 1 T shapes.
Notice 0: Split top of 1 T shapes.
Notice 0: Split top of 1 T shapes.
Notice 0: Split top of 1 T shapes.
Notice 0: Split top of 1 T shapes.
Notice 0: Split top of 1 T shapes.
Notice 0: Split top of 1 T shapes.
Notice 0: Split top of 1 T shapes.
Notice 0: Split top of 1 T shapes.
Notice 0: Split top of 1 T shapes.
Notice 0: Split top of 1 T shapes.
Notice 0: Split top of 1 T shapes.
Notice 0: Split top of 1 T shapes.
Notice 0: Split top of 1 T shapes.
Notice 0: Split top of 1 T shapes.
Notice 0: Split top of 1 T shapes.
Notice 0: Split top of 1 T shapes.
Notice 0: Split top of 1 T shapes.
Notice 0: Split top of 1 T shapes.
Notice 0: Split top of 1 T shapes.
Notice 0: Split top of 1 T shapes.
Notice 0: Split top of 1 T shapes.
Notice 0: Split top of 1 T shapes.
Notice 0: Split top of 1 T shapes.
Notice 0: Split top of 1 T shapes.
Notice 0: Split top of 1 T shapes.
Notice 0: Split top of 1 T shapes.
Notice 0: Split top of 1 T shapes.
Notice 0: Split top of 1 T shapes.
Notice 0: Split top of 1 T shapes.
Notice 0: Split top of 1 T shapes.
Notice 0: Split top of 1 T shapes.
Notice 0: Split top of 1 T shapes.
Notice 0: Split top of 1 T shapes.
Notice 0: Split top of 1 T shapes.
Notice 0: Split top of 1 T shapes.
Notice 0: Split top of 1 T shapes.
Notice 0: Split top of 1 T shapes.
Notice 0: Split top of 1 T shapes.
Notice 0: Split top of 1 T shapes.
Notice 0: Split top of 1 T shapes.
Notice 0: Split top of 1 T shapes.
Notice 0: Split top of 1 T shapes.
Notice 0: Split top of 1 T shapes.
Notice 0: Split top of 1 T shapes.
Notice 0: Split top of 1 T shapes.
Notice 0: Split top of 1 T shapes.
Notice 0: Split top of 1 T shapes.
Notice 0: Split top of 1 T shapes.
Notice 0: Split top of 1 T shapes.
Notice 0: Split top of 1 T shapes.
Notice 0: Split top of 1 T shapes.
Notice 0: Split top of 1 T shapes.
Notice 0: Split top of 1 T shapes.
Notice 0: Split top of 2 T shapes.
Notice 0: Split top of 1 T shapes.
Notice 0: Split top of 1 T shapes.
Notice 0: Split top of 1 T shapes.
Notice 0: Split top of 1 T shapes.
Notice 0: Split top of 1 T shapes.
Notice 0: Split top of 1 T shapes.
Notice 0: Split top of 1 T shapes.
Notice 0: Split top of 1 T shapes.
Notice 0: Split top of 1 T shapes.
Notice 0: Split top of 1 T shapes.
Notice 0: Split top of 1 T shapes.
Notice 0: Split top of 1 T shapes.
Notice 0: Split top of 1 T shapes.
Notice 0: Split top of 2 T shapes.
Notice 0: 
disconnected net 1172  _00621_
Notice 0: Split top of 1 T shapes.
Notice 0: Split top of 1 T shapes.
Notice 0: Split top of 1 T shapes.
Notice 0: Split top of 1 T shapes.
Notice 0: Split top of 1 T shapes.
Notice 0: Split top of 1 T shapes.
Notice 0: Split top of 1 T shapes.
Notice 0: Split top of 1 T shapes.
Notice 0: Split top of 1 T shapes.
Notice 0: Split top of 1 T shapes.
Notice 0: Split top of 1 T shapes.
Notice 0: Split top of 1 T shapes.
Notice 0: Split top of 1 T shapes.
Notice 0: Split top of 1 T shapes.
Notice 0: Split top of 1 T shapes.
Notice 0: Split top of 1 T shapes.
Notice 0: Split top of 1 T shapes.
Notice 0: Split top of 1 T shapes.
Notice 0: Split top of 1 T shapes.
Notice 0: Split top of 1 T shapes.
Notice 0: Split top of 1 T shapes.
Notice 0: Split top of 1 T shapes.
Notice 0: Split top of 1 T shapes.
Notice 0: Split top of 1 T shapes.
Notice 0: Split top of 1 T shapes.
Notice 0: Split top of 1 T shapes.
Notice 0: Split top of 1 T shapes.
Notice 0: Split top of 1 T shapes.
Notice 0: Split top of 1 T shapes.
Notice 0: Split top of 1 T shapes.
Notice 0: Split top of 2 T shapes.
Notice 0: Split top of 1 T shapes.
Notice 0: Split top of 1 T shapes.
Notice 0: Split top of 1 T shapes.
Notice 0: Split top of 1 T shapes.
Notice 0: Split top of 1 T shapes.
Notice 0: Split top of 1 T shapes.
Notice 0: Split top of 1 T shapes.
Notice 0: Split top of 1 T shapes.
Notice 0: Split top of 1 T shapes.
Notice 0: Split top of 1 T shapes.
Notice 0: Split top of 1 T shapes.
Notice 0: Split top of 1 T shapes.
Notice 0: Split top of 1 T shapes.
Notice 0: Split top of 1 T shapes.
Notice 0: Split top of 1 T shapes.
Notice 0: Split top of 1 T shapes.
Notice 0: Split top of 1 T shapes.
Notice 0: Split top of 1 T shapes.
Notice 0: Split top of 1 T shapes.
Notice 0: Split top of 1 T shapes.
Notice 0: Split top of 1 T shapes.
Notice 0: Split top of 1 T shapes.
Notice 0: Split top of 1 T shapes.
Notice 0: Split top of 1 T shapes.
Notice 0: Split top of 1 T shapes.
Notice 0: Split top of 1 T shapes.
Notice 0: Split top of 1 T shapes.
Notice 0: Split top of 1 T shapes.
Notice 0: Split top of 1 T shapes.
Notice 0: Split top of 1 T shapes.
Notice 0: Split top of 1 T shapes.
Notice 0: Split top of 1 T shapes.
Notice 0: Split top of 1 T shapes.
Notice 0: Split top of 1 T shapes.
Notice 0: Split top of 1 T shapes.
Notice 0: Split top of 1 T shapes.
Notice 0: Split top of 1 T shapes.
Notice 0: Split top of 1 T shapes.
Notice 0: Split top of 1 T shapes.
Notice 0: Split top of 1 T shapes.
Notice 0: Split top of 1 T shapes.
Notice 0: Split top of 1 T shapes.
Notice 0: Split top of 1 T shapes.
Notice 0: Split top of 1 T shapes.
Notice 0: Split top of 1 T shapes.
Notice 0: Split top of 1 T shapes.
Notice 0: Split top of 1 T shapes.
Notice 0: Split top of 1 T shapes.
Notice 0: Split top of 1 T shapes.
Notice 0: Split top of 1 T shapes.
Notice 0: Split top of 1 T shapes.
Notice 0: Split top of 1 T shapes.
Notice 0: Split top of 1 T shapes.
Notice 0: Split top of 1 T shapes.
Notice 0: Split top of 2 T shapes.
Notice 0: Split top of 1 T shapes.
Notice 0: Split top of 1 T shapes.
Notice 0: Split top of 1 T shapes.
Notice 0: Split top of 1 T shapes.
Notice 0: Split top of 1 T shapes.
Notice 0: Split top of 1 T shapes.
Notice 0: Split top of 1 T shapes.
Notice 0: Split top of 1 T shapes.
Notice 0: Split top of 1 T shapes.
Notice 0: Split top of 1 T shapes.
Notice 0: Split top of 1 T shapes.
Notice 0: Split top of 1 T shapes.
Notice 0: Split top of 1 T shapes.
Notice 0: Split top of 1 T shapes.
Notice 0: Split top of 1 T shapes.
Notice 0: Split top of 1 T shapes.
Notice 0: Split top of 1 T shapes.
Notice 0: Split top of 1 T shapes.
Notice 0: Split top of 1 T shapes.
Notice 0: Split top of 1 T shapes.
Notice 0: Split top of 1 T shapes.
Notice 0: Split top of 1 T shapes.
Notice 0: Split top of 1 T shapes.
Notice 0: Split top of 1 T shapes.
Notice 0: Split top of 1 T shapes.
Notice 0: Split top of 1 T shapes.
Notice 0: Split top of 1 T shapes.
Notice 0: Split top of 1 T shapes.
Notice 0: Split top of 1 T shapes.
Notice 0: Split top of 1 T shapes.
Notice 0: Split top of 1 T shapes.
Notice 0: Split top of 1 T shapes.
Notice 0: Split top of 1 T shapes.
Notice 0: Split top of 1 T shapes.
Notice 0: Split top of 1 T shapes.
Notice 0: Split top of 1 T shapes.
Notice 0: Split top of 1 T shapes.
Notice 0: Split top of 1 T shapes.
Notice 0: Split top of 1 T shapes.
Notice 0: Split top of 1 T shapes.
Notice 0: Split top of 1 T shapes.
Notice 0: Split top of 1 T shapes.
Notice 0: Split top of 1 T shapes.
Notice 0: Split top of 1 T shapes.
Notice 0: Split top of 1 T shapes.
Notice 0: Split top of 1 T shapes.
Notice 0: Split top of 1 T shapes.
Notice 0: Split top of 1 T shapes.
Notice 0: Split top of 1 T shapes.
Notice 0: Split top of 1 T shapes.
Notice 0: Split top of 1 T shapes.
Notice 0: Split top of 1 T shapes.
Notice 0: Split top of 1 T shapes.
Notice 0: Split top of 1 T shapes.
Notice 0: Split top of 1 T shapes.
Notice 0: Split top of 1 T shapes.
Notice 0: Split top of 1 T shapes.
Notice 0: Split top of 1 T shapes.
Notice 0: Split top of 1 T shapes.
Notice 0: Split top of 1 T shapes.
Notice 0: Split top of 1 T shapes.
Notice 0: Split top of 1 T shapes.
Notice 0: Split top of 1 T shapes.
Notice 0: Split top of 1 T shapes.
Notice 0: Split top of 1 T shapes.
Notice 0: Split top of 1 T shapes.
Notice 0: Split top of 1 T shapes.
Notice 0: Split top of 1 T shapes.
Notice 0: Split top of 1 T shapes.
Notice 0: Split top of 1 T shapes.
Notice 0: Split top of 1 T shapes.
Notice 0: Split top of 1 T shapes.
Notice 0: Split top of 1 T shapes.
Notice 0: Split top of 2 T shapes.
Notice 0: Split top of 1 T shapes.
Notice 0: Split top of 1 T shapes.
Notice 0: Split top of 1 T shapes.
Notice 0: Split top of 1 T shapes.
Notice 0: Split top of 1 T shapes.
Notice 0: Split top of 1 T shapes.
Notice 0: Split top of 1 T shapes.
Notice 0: Split top of 1 T shapes.
Notice 0: Split top of 1 T shapes.
Notice 0: Split top of 1 T shapes.
Notice 0: Split top of 1 T shapes.
Notice 0: Split top of 1 T shapes.
Notice 0: Split top of 1 T shapes.
Notice 0: Split top of 1 T shapes.
Notice 0: Split top of 1 T shapes.
Notice 0: Split top of 1 T shapes.
Notice 0: Split top of 1 T shapes.
Notice 0: Split top of 1 T shapes.
Notice 0: Split top of 1 T shapes.
Notice 0: Split top of 1 T shapes.
Notice 0: Split top of 1 T shapes.
Notice 0: Split top of 1 T shapes.
Notice 0: Split top of 1 T shapes.
Notice 0: Split top of 1 T shapes.
Notice 0: Split top of 1 T shapes.
Notice 0: Split top of 1 T shapes.
Notice 0: Split top of 1 T shapes.
Notice 0: Split top of 1 T shapes.
Notice 0: Split top of 1 T shapes.
Notice 0: Split top of 1 T shapes.
Notice 0: Split top of 1 T shapes.
Notice 0: Split top of 1 T shapes.
Notice 0: Split top of 1 T shapes.
Notice 0: Split top of 1 T shapes.
Notice 0: Split top of 1 T shapes.
Notice 0: Split top of 1 T shapes.
Notice 0: Split top of 1 T shapes.
Notice 0: Split top of 1 T shapes.
Notice 0: Split top of 1 T shapes.
Notice 0: Split top of 1 T shapes.
Notice 0: Split top of 1 T shapes.
Notice 0: Split top of 1 T shapes.
Notice 0: Split top of 1 T shapes.
Notice 0: Split top of 1 T shapes.
Notice 0: Split top of 1 T shapes.
Notice 0: Split top of 1 T shapes.
Notice 0: Split top of 1 T shapes.
Notice 0: Split top of 1 T shapes.
Notice 0: Split top of 1 T shapes.
Notice 0: Split top of 1 T shapes.
Notice 0: Split top of 1 T shapes.
Notice 0: Split top of 2 T shapes.
Notice 0: Split top of 1 T shapes.
Notice 0: Split top of 1 T shapes.
Notice 0: Split top of 1 T shapes.
Notice 0: Split top of 1 T shapes.
Notice 0: Split top of 1 T shapes.
Notice 0: Split top of 1 T shapes.
Notice 0: Split top of 1 T shapes.
Notice 0: Split top of 1 T shapes.
Notice 0: Split top of 1 T shapes.
Notice 0: Split top of 1 T shapes.
Notice 0: Split top of 1 T shapes.
Notice 0: Split top of 1 T shapes.
Notice 0: Split top of 1 T shapes.
Notice 0: Split top of 1 T shapes.
Notice 0: Split top of 1 T shapes.
Notice 0: Split top of 1 T shapes.
Notice 0: Split top of 1 T shapes.
Notice 0: Split top of 2 T shapes.
Notice 0: Split top of 2 T shapes.
Notice 0: Split top of 1 T shapes.
Notice 0: Split top of 2 T shapes.
Notice 0: Split top of 1 T shapes.
Notice 0: Split top of 1 T shapes.
Notice 0: Split top of 1 T shapes.
Notice 0: Split top of 1 T shapes.
Notice 0: Split top of 1 T shapes.
Notice 0: Split top of 1 T shapes.
Notice 0: Split top of 1 T shapes.
Notice 0: Split top of 1 T shapes.
Notice 0: Split top of 1 T shapes.
Notice 0: Split top of 1 T shapes.
Notice 0: Split top of 1 T shapes.
Notice 0: Split top of 1 T shapes.
Notice 0: Split top of 1 T shapes.
Notice 0: Split top of 1 T shapes.
Notice 0: Split top of 1 T shapes.
Notice 0: Split top of 1 T shapes.
Notice 0: Split top of 1 T shapes.
Notice 0: Split top of 1 T shapes.
Notice 0: Split top of 1 T shapes.
Notice 0: Split top of 1 T shapes.
Notice 0: Split top of 1 T shapes.
Notice 0: Split top of 1 T shapes.
Notice 0: Split top of 1 T shapes.
Notice 0: Split top of 1 T shapes.
Notice 0: Split top of 1 T shapes.
Notice 0: Split top of 1 T shapes.
Notice 0: Split top of 1 T shapes.
Notice 0: Split top of 1 T shapes.
Notice 0: Split top of 1 T shapes.
Notice 0: Split top of 1 T shapes.
Notice 0: Split top of 1 T shapes.
Notice 0: Split top of 1 T shapes.
Notice 0: Split top of 1 T shapes.
Notice 0: Split top of 1 T shapes.
Notice 0: Split top of 1 T shapes.
Notice 0: Split top of 1 T shapes.
Notice 0: Split top of 1 T shapes.
Notice 0: Split top of 2 T shapes.
Notice 0: Split top of 1 T shapes.
Notice 0: Split top of 1 T shapes.
Notice 0: Split top of 1 T shapes.
Notice 0: Split top of 1 T shapes.
Notice 0: Split top of 2 T shapes.
Notice 0: Split top of 1 T shapes.
Notice 0: Split top of 1 T shapes.
Notice 0: Split top of 1 T shapes.
Notice 0: Split top of 1 T shapes.
Notice 0: Split top of 1 T shapes.
Notice 0: Split top of 1 T shapes.
Notice 0: Split top of 1 T shapes.
Notice 0: Split top of 1 T shapes.
Notice 0: Split top of 1 T shapes.
Notice 0: Split top of 1 T shapes.
Notice 0: Split top of 2 T shapes.
Notice 0: Split top of 1 T shapes.
Notice 0: Split top of 1 T shapes.
Notice 0: Split top of 2 T shapes.
Notice 0: Split top of 1 T shapes.
Notice 0: Split top of 1 T shapes.
Notice 0: Split top of 1 T shapes.
Notice 0: Split top of 1 T shapes.
Notice 0: Split top of 2 T shapes.
Notice 0: Split top of 1 T shapes.
Notice 0: Split top of 1 T shapes.
Notice 0: Split top of 1 T shapes.
Notice 0: Split top of 3 T shapes.
Notice 0: Split top of 1 T shapes.
Notice 0: Split top of 1 T shapes.
Notice 0: Split top of 1 T shapes.
Notice 0: Split top of 1 T shapes.
Notice 0: Split top of 1 T shapes.
Notice 0: Split top of 1 T shapes.
Notice 0: Split top of 1 T shapes.
Notice 0: Split top of 1 T shapes.
Notice 0: Split top of 1 T shapes.
Notice 0: Split top of 1 T shapes.
Notice 0: Split top of 1 T shapes.
Notice 0: Split top of 1 T shapes.
Notice 0: Split top of 1 T shapes.
Notice 0: Split top of 1 T shapes.
Notice 0: Split top of 1 T shapes.
Notice 0: Split top of 1 T shapes.
Notice 0: Split top of 2 T shapes.
Notice 0: Split top of 1 T shapes.
Notice 0: Split top of 1 T shapes.
Notice 0: Split top of 1 T shapes.
Notice 0: Split top of 1 T shapes.
Notice 0: Split top of 2 T shapes.
Notice 0: Split top of 1 T shapes.
Notice 0: Split top of 1 T shapes.
Notice 0: Split top of 1 T shapes.
Notice 0: Split top of 1 T shapes.
Notice 0: Split top of 1 T shapes.
Notice 0: Split top of 1 T shapes.
Notice 0: Split top of 1 T shapes.
Notice 0: Split top of 1 T shapes.
Notice 0: Split top of 1 T shapes.
Notice 0: Split top of 1 T shapes.
Notice 0: Split top of 1 T shapes.
Notice 0: Split top of 1 T shapes.
Notice 0: Split top of 1 T shapes.
Notice 0: Split top of 1 T shapes.
Notice 0: Split top of 1 T shapes.
Notice 0: Split top of 1 T shapes.
Notice 0: Split top of 1 T shapes.
Notice 0: Split top of 1 T shapes.
Notice 0: Split top of 1 T shapes.
Notice 0: Split top of 1 T shapes.
Notice 0: Split top of 1 T shapes.
Notice 0: Split top of 1 T shapes.
Notice 0: Split top of 1 T shapes.
Notice 0: Split top of 1 T shapes.
Notice 0: Split top of 1 T shapes.
Notice 0: Split top of 1 T shapes.
Notice 0: Split top of 1 T shapes.
Notice 0: Split top of 1 T shapes.
Notice 0: Split top of 1 T shapes.
Notice 0: Split top of 1 T shapes.
Notice 0: Split top of 1 T shapes.
Notice 0: Split top of 1 T shapes.
Notice 0: Split top of 1 T shapes.
Notice 0: Split top of 1 T shapes.
Notice 0: Split top of 1 T shapes.
Notice 0: Split top of 1 T shapes.
Notice 0: Split top of 1 T shapes.
Notice 0: Split top of 1 T shapes.
Notice 0: Split top of 2 T shapes.
Notice 0: Split top of 1 T shapes.
Notice 0: Split top of 1 T shapes.
Notice 0: Split top of 1 T shapes.
Notice 0: Split top of 1 T shapes.
Notice 0: Split top of 1 T shapes.
Notice 0: Split top of 1 T shapes.
Notice 0: Split top of 1 T shapes.
Notice 0: Split top of 1 T shapes.
Notice 0: Split top of 1 T shapes.
Notice 0: Split top of 1 T shapes.
Notice 0: Split top of 1 T shapes.
Notice 0: Split top of 1 T shapes.
Notice 0: Split top of 1 T shapes.
Notice 0: Split top of 1 T shapes.
Notice 0: Split top of 1 T shapes.
Notice 0: Split top of 1 T shapes.
Notice 0: Split top of 1 T shapes.
Notice 0: Split top of 1 T shapes.
Notice 0: Split top of 1 T shapes.
Notice 0: Split top of 1 T shapes.
Notice 0: Split top of 1 T shapes.
Notice 0: Split top of 1 T shapes.
Notice 0: Split top of 1 T shapes.
Notice 0: Split top of 1 T shapes.
Notice 0: Split top of 1 T shapes.
Notice 0: Split top of 1 T shapes.
Notice 0: Split top of 2 T shapes.
Notice 0: Split top of 1 T shapes.
Notice 0: Split top of 1 T shapes.
Notice 0: Split top of 1 T shapes.
Notice 0: Split top of 1 T shapes.
Notice 0: Split top of 1 T shapes.
Notice 0: Split top of 1 T shapes.
Notice 0: Split top of 1 T shapes.
Notice 0: Split top of 1 T shapes.
Notice 0: Split top of 1 T shapes.
Notice 0: Split top of 1 T shapes.
Notice 0: Split top of 1 T shapes.
Notice 0: Split top of 1 T shapes.
Notice 0: Split top of 1 T shapes.
Notice 0: Split top of 1 T shapes.
Notice 0: Split top of 1 T shapes.
Notice 0: Split top of 1 T shapes.
Notice 0: Split top of 3 T shapes.
Notice 0: Split top of 1 T shapes.
Notice 0: Split top of 1 T shapes.
Notice 0: Split top of 1 T shapes.
Notice 0: Split top of 1 T shapes.
Notice 0: Split top of 1 T shapes.
Notice 0: Split top of 1 T shapes.
Notice 0: Split top of 1 T shapes.
Notice 0: Split top of 1 T shapes.
Notice 0: Split top of 1 T shapes.
Notice 0: Split top of 1 T shapes.
Notice 0: Split top of 1 T shapes.
Notice 0: Split top of 1 T shapes.
Notice 0: Split top of 3 T shapes.
Notice 0: Split top of 1 T shapes.
Notice 0: Split top of 1 T shapes.
Notice 0: Split top of 1 T shapes.
Notice 0: Split top of 1 T shapes.
Notice 0: Split top of 1 T shapes.
Notice 0: Split top of 1 T shapes.
Notice 0: Split top of 1 T shapes.
Notice 0: Split top of 1 T shapes.
Notice 0: Split top of 1 T shapes.
Notice 0: Split top of 1 T shapes.
Notice 0: Split top of 1 T shapes.
Notice 0: Split top of 1 T shapes.
Notice 0: Split top of 1 T shapes.
Notice 0: Split top of 1 T shapes.
Notice 0: Split top of 1 T shapes.
Notice 0: Split top of 1 T shapes.
Notice 0: Split top of 1 T shapes.
Notice 0: Split top of 1 T shapes.
Notice 0: Split top of 1 T shapes.
Notice 0: Split top of 1 T shapes.
Notice 0: Split top of 1 T shapes.
Notice 0: Split top of 1 T shapes.
Notice 0: Split top of 1 T shapes.
Notice 0: Split top of 1 T shapes.
Notice 0: Split top of 1 T shapes.
Notice 0: Split top of 1 T shapes.
Notice 0: Split top of 1 T shapes.
Notice 0: Split top of 1 T shapes.
Notice 0: Split top of 1 T shapes.
Notice 0: Split top of 1 T shapes.
Notice 0: Split top of 1 T shapes.
Notice 0: Split top of 1 T shapes.
Notice 0: Split top of 1 T shapes.
Notice 0: Split top of 1 T shapes.
Notice 0: Split top of 1 T shapes.
Notice 0: Split top of 1 T shapes.
Notice 0: Split top of 1 T shapes.
Notice 0: Split top of 1 T shapes.
Notice 0: Split top of 1 T shapes.
Notice 0: Split top of 1 T shapes.
Notice 0: Split top of 1 T shapes.
Notice 0: Split top of 1 T shapes.
Notice 0: Split top of 1 T shapes.
Notice 0: Split top of 1 T shapes.
Notice 0: Split top of 1 T shapes.
Notice 0: Split top of 1 T shapes.
Notice 0: Split top of 1 T shapes.
Notice 0: Split top of 1 T shapes.
Notice 0: Split top of 1 T shapes.
Notice 0: Split top of 1 T shapes.
Notice 0: Split top of 1 T shapes.
Notice 0: Split top of 1 T shapes.
Notice 0: Split top of 1 T shapes.
Notice 0: Split top of 1 T shapes.
Notice 0: Split top of 1 T shapes.
Notice 0: Split top of 1 T shapes.
Notice 0: Split top of 2 T shapes.
Notice 0: Split top of 1 T shapes.
Notice 0: Split top of 1 T shapes.
Notice 0: Split top of 1 T shapes.
Notice 0: Split top of 1 T shapes.
Notice 0: Split top of 1 T shapes.
Notice 0: Split top of 1 T shapes.
Notice 0: Split top of 1 T shapes.
Notice 0: Split top of 1 T shapes.
Notice 0: Split top of 1 T shapes.
Notice 0: Split top of 1 T shapes.
Notice 0: Split top of 1 T shapes.
Notice 0: Split top of 1 T shapes.
Notice 0: Split top of 1 T shapes.
Notice 0: Split top of 2 T shapes.
Notice 0: Split top of 1 T shapes.
Notice 0: Split top of 1 T shapes.
Notice 0: Split top of 1 T shapes.
Notice 0: Split top of 1 T shapes.
Notice 0: Split top of 1 T shapes.
Notice 0: Split top of 1 T shapes.
Notice 0: Split top of 1 T shapes.
Notice 0: Split top of 1 T shapes.
Notice 0: Split top of 1 T shapes.
Notice 0: Split top of 1 T shapes.
Notice 0: Split top of 2 T shapes.
Notice 0: Split top of 1 T shapes.
Notice 0: Split top of 1 T shapes.
Notice 0: Split top of 1 T shapes.
Notice 0: Split top of 1 T shapes.
Notice 0: Split top of 1 T shapes.
Notice 0: Split top of 1 T shapes.
Notice 0: Split top of 1 T shapes.
Notice 0: Split top of 1 T shapes.
Notice 0: Split top of 1 T shapes.
Notice 0: Split top of 1 T shapes.
Notice 0: Split top of 1 T shapes.
Notice 0: Split top of 1 T shapes.
Notice 0: Split top of 1 T shapes.
Notice 0: Split top of 1 T shapes.
Notice 0: Split top of 1 T shapes.
Notice 0: Split top of 1 T shapes.
Notice 0: Split top of 1 T shapes.
Notice 0: Split top of 1 T shapes.
Notice 0: Split top of 1 T shapes.
Notice 0: Split top of 1 T shapes.
Notice 0: Split top of 1 T shapes.
Notice 0: Split top of 1 T shapes.
Notice 0: Split top of 1 T shapes.
Notice 0: Split top of 1 T shapes.
Notice 0: Split top of 1 T shapes.
Notice 0: Split top of 1 T shapes.
Notice 0: Split top of 1 T shapes.
Notice 0: Split top of 1 T shapes.
Notice 0: Split top of 1 T shapes.
Notice 0: Split top of 1 T shapes.
Notice 0: Split top of 1 T shapes.
Notice 0: Split top of 1 T shapes.
Notice 0: Split top of 1 T shapes.
Notice 0: Split top of 1 T shapes.
Notice 0: Split top of 1 T shapes.
Notice 0: Split top of 1 T shapes.
Notice 0: Split top of 1 T shapes.
Notice 0: Split top of 1 T shapes.
Notice 0: Split top of 1 T shapes.
Notice 0: Split top of 1 T shapes.
Notice 0: Split top of 1 T shapes.
Notice 0: Split top of 1 T shapes.
Notice 0: Split top of 1 T shapes.
Notice 0: Split top of 1 T shapes.
Notice 0: Split top of 1 T shapes.
Notice 0: Split top of 1 T shapes.
Notice 0: Split top of 1 T shapes.
Notice 0: Split top of 1 T shapes.
Notice 0: Split top of 1 T shapes.
Notice 0: Split top of 1 T shapes.
Notice 0: Split top of 1 T shapes.
Notice 0: Split top of 2 T shapes.
Notice 0: Split top of 1 T shapes.
Notice 0: Split top of 1 T shapes.
Notice 0: Split top of 1 T shapes.
Notice 0: Split top of 1 T shapes.
Notice 0: Split top of 1 T shapes.
Notice 0: Split top of 1 T shapes.
Notice 0: Split top of 1 T shapes.
Notice 0: Split top of 1 T shapes.
Notice 0: Split top of 1 T shapes.
Notice 0: Split top of 1 T shapes.
Notice 0: Split top of 1 T shapes.
Notice 0: Split top of 1 T shapes.
Notice 0: Split top of 1 T shapes.
Notice 0: Split top of 1 T shapes.
Notice 0: Split top of 1 T shapes.
Notice 0: Split top of 1 T shapes.
Notice 0: Split top of 1 T shapes.
Notice 0: Split top of 1 T shapes.
Notice 0: Split top of 1 T shapes.
Notice 0: Split top of 1 T shapes.
Notice 0: Split top of 1 T shapes.
Notice 0: Split top of 1 T shapes.
Notice 0: Split top of 1 T shapes.
Notice 0: Split top of 1 T shapes.
Notice 0: Split top of 1 T shapes.
Notice 0: Split top of 1 T shapes.
Notice 0: Split top of 1 T shapes.
Notice 0: Split top of 1 T shapes.
Notice 0: Split top of 1 T shapes.
Notice 0: Split top of 1 T shapes.
Notice 0: Split top of 1 T shapes.
Notice 0: Split top of 1 T shapes.
Notice 0: Split top of 1 T shapes.
Notice 0: Split top of 1 T shapes.
Notice 0: Split top of 1 T shapes.
Notice 0: Split top of 1 T shapes.
Notice 0: Split top of 1 T shapes.
Notice 0: Split top of 1 T shapes.
Notice 0: Split top of 1 T shapes.
Notice 0: Split top of 1 T shapes.
Notice 0: Split top of 1 T shapes.
Notice 0: Split top of 1 T shapes.
Notice 0: Split top of 1 T shapes.
Notice 0: Split top of 1 T shapes.
Notice 0: Split top of 1 T shapes.
Notice 0: Split top of 1 T shapes.
Notice 0: Split top of 1 T shapes.
Notice 0: Split top of 1 T shapes.
Notice 0: Split top of 1 T shapes.
Notice 0: Split top of 1 T shapes.
Notice 0: Split top of 1 T shapes.
Notice 0: Split top of 1 T shapes.
Notice 0: Split top of 1 T shapes.
Notice 0: Split top of 1 T shapes.
Notice 0: Split top of 1 T shapes.
Notice 0: Split top of 1 T shapes.
Notice 0: Split top of 1 T shapes.
Notice 0: Split top of 1 T shapes.
Notice 0: Split top of 1 T shapes.
Notice 0: Split top of 1 T shapes.
Notice 0: Split top of 1 T shapes.
Notice 0: Split top of 1 T shapes.
Notice 0: Split top of 1 T shapes.
Notice 0: Split top of 1 T shapes.
Notice 0: Split top of 1 T shapes.
Notice 0: Split top of 1 T shapes.
Notice 0: Split top of 1 T shapes.
Notice 0: Split top of 1 T shapes.
Notice 0: Split top of 1 T shapes.
Notice 0: Split top of 1 T shapes.
Notice 0: Split top of 1 T shapes.
Notice 0: Split top of 2 T shapes.
Notice 0: Split top of 1 T shapes.
Notice 0: Split top of 1 T shapes.
Notice 0: Split top of 1 T shapes.
Notice 0: Split top of 1 T shapes.
Notice 0: Split top of 1 T shapes.
Notice 0: Split top of 1 T shapes.
Notice 0: Split top of 1 T shapes.
Notice 0: Split top of 1 T shapes.
Notice 0: Split top of 1 T shapes.
Notice 0: Split top of 1 T shapes.
Notice 0: Split top of 1 T shapes.
Notice 0: Split top of 2 T shapes.
Notice 0: Split top of 1 T shapes.
Notice 0: Split top of 1 T shapes.
Notice 0: Split top of 1 T shapes.
Notice 0: Split top of 1 T shapes.
Notice 0: Split top of 1 T shapes.
Notice 0: Split top of 1 T shapes.
Notice 0: Split top of 1 T shapes.
Notice 0: Split top of 1 T shapes.
Notice 0: Split top of 1 T shapes.
Notice 0: Split top of 1 T shapes.
Notice 0: Split top of 1 T shapes.
Notice 0: Split top of 1 T shapes.
Notice 0: Split top of 1 T shapes.
Notice 0: Split top of 1 T shapes.
Notice 0: Split top of 1 T shapes.
Notice 0: Split top of 1 T shapes.
Notice 0: Split top of 1 T shapes.
Notice 0: Split top of 1 T shapes.
Notice 0: Split top of 1 T shapes.
Notice 0: Split top of 1 T shapes.
Notice 0: Split top of 1 T shapes.
Notice 0: Split top of 1 T shapes.
Notice 0: Split top of 1 T shapes.
Notice 0: Split top of 3 T shapes.
Notice 0: Split top of 4 T shapes.
Notice 0: Split top of 1 T shapes.
Notice 0: Split top of 1 T shapes.
Notice 0: Split top of 1 T shapes.
Notice 0: Split top of 1 T shapes.
Notice 0: Split top of 1 T shapes.
Notice 0: Split top of 1 T shapes.
Notice 0: Split top of 1 T shapes.
Notice 0: Split top of 1 T shapes.
Notice 0: Split top of 1 T shapes.
Notice 0: Split top of 1 T shapes.
Notice 0: Split top of 1 T shapes.
Notice 0: Split top of 2 T shapes.
Notice 0: Split top of 1 T shapes.
Notice 0: Split top of 1 T shapes.
Notice 0: Split top of 1 T shapes.
Notice 0: Split top of 1 T shapes.
Notice 0: Split top of 1 T shapes.
Notice 0: Split top of 1 T shapes.
Notice 0: Split top of 1 T shapes.
Notice 0: Split top of 1 T shapes.
Notice 0: Split top of 1 T shapes.
Notice 0: Split top of 1 T shapes.
Notice 0: Split top of 1 T shapes.
Notice 0: Split top of 1 T shapes.
Notice 0: Split top of 1 T shapes.
Notice 0: Split top of 1 T shapes.
Notice 0: Split top of 1 T shapes.
Notice 0: Split top of 1 T shapes.
Notice 0: Split top of 1 T shapes.
Notice 0: Split top of 1 T shapes.
Notice 0: Split top of 1 T shapes.
Notice 0: Split top of 1 T shapes.
Notice 0: Split top of 1 T shapes.
Notice 0: Split top of 1 T shapes.
Notice 0: Split top of 1 T shapes.
Notice 0: Split top of 1 T shapes.
Notice 0: Split top of 1 T shapes.
Notice 0: Split top of 1 T shapes.
Notice 0: Split top of 1 T shapes.
Notice 0: Split top of 1 T shapes.
Notice 0: Split top of 1 T shapes.
Notice 0: Split top of 1 T shapes.
Notice 0: Split top of 1 T shapes.
Notice 0: Split top of 1 T shapes.
Notice 0: Split top of 1 T shapes.
Notice 0: Split top of 1 T shapes.
Notice 0: Split top of 1 T shapes.
Notice 0: Split top of 1 T shapes.
Notice 0: Split top of 1 T shapes.
Notice 0: Split top of 1 T shapes.
Notice 0: Split top of 1 T shapes.
Notice 0: Split top of 1 T shapes.
Notice 0: Split top of 2 T shapes.
Notice 0: Split top of 1 T shapes.
Notice 0: Split top of 1 T shapes.
Notice 0: Split top of 1 T shapes.
Notice 0: Split top of 1 T shapes.
Notice 0: Split top of 1 T shapes.
Notice 0: Split top of 1 T shapes.
Notice 0: Split top of 1 T shapes.
Notice 0: Split top of 1 T shapes.
Notice 0: Split top of 1 T shapes.
Notice 0: Split top of 1 T shapes.
Notice 0: Split top of 1 T shapes.
Notice 0: Split top of 1 T shapes.
Notice 0: Split top of 1 T shapes.
Notice 0: Split top of 1 T shapes.
Notice 0: Split top of 2 T shapes.
Notice 0: Split top of 1 T shapes.
Notice 0: Split top of 1 T shapes.
Notice 0: Split top of 1 T shapes.
Notice 0: Split top of 1 T shapes.
Notice 0: Split top of 1 T shapes.
Notice 0: Split top of 1 T shapes.
Notice 0: Split top of 1 T shapes.
Notice 0: Split top of 2 T shapes.
Notice 0: Split top of 1 T shapes.
Notice 0: Split top of 1 T shapes.
Notice 0: Split top of 1 T shapes.
Notice 0: Split top of 1 T shapes.
Notice 0: Split top of 1 T shapes.
Notice 0: Split top of 1 T shapes.
Notice 0: Split top of 1 T shapes.
Notice 0: Split top of 1 T shapes.
Notice 0: Split top of 1 T shapes.
Notice 0: Split top of 1 T shapes.
Notice 0: Split top of 2 T shapes.
Notice 0: Split top of 1 T shapes.
Notice 0: Split top of 1 T shapes.
Notice 0: Split top of 1 T shapes.
Notice 0: Split top of 1 T shapes.
Notice 0: Split top of 1 T shapes.
Notice 0: Split top of 1 T shapes.
Notice 0: Split top of 1 T shapes.
Notice 0: Split top of 1 T shapes.
Notice 0: Split top of 1 T shapes.
Notice 0: Split top of 1 T shapes.
Notice 0: Split top of 1 T shapes.
Notice 0: Split top of 1 T shapes.
Notice 0: Split top of 1 T shapes.
Notice 0: Split top of 1 T shapes.
Notice 0: Split top of 1 T shapes.
Notice 0: Split top of 1 T shapes.
Notice 0: Split top of 1 T shapes.
Notice 0: Split top of 1 T shapes.
Notice 0: Split top of 1 T shapes.
Notice 0: Split top of 1 T shapes.
Notice 0: Split top of 1 T shapes.
Notice 0: Split top of 1 T shapes.
Notice 0: Split top of 1 T shapes.
Notice 0: Split top of 1 T shapes.
Notice 0: Split top of 2 T shapes.
Notice 0: Split top of 1 T shapes.
Notice 0: Split top of 1 T shapes.
Notice 0: Split top of 1 T shapes.
Notice 0: Split top of 1 T shapes.
Notice 0: Split top of 1 T shapes.
Notice 0: Split top of 1 T shapes.
Notice 0: Split top of 1 T shapes.
Notice 0: Split top of 1 T shapes.
Notice 0: Split top of 1 T shapes.
Notice 0: Split top of 1 T shapes.
Notice 0: Split top of 1 T shapes.
Notice 0: Split top of 1 T shapes.
Notice 0: Split top of 1 T shapes.
Notice 0: Split top of 1 T shapes.
Notice 0: Split top of 1 T shapes.
Notice 0: Split top of 1 T shapes.
Notice 0: Split top of 1 T shapes.
Notice 0: Split top of 1 T shapes.
Notice 0: Split top of 1 T shapes.
Notice 0: Split top of 1 T shapes.
Notice 0: Split top of 2 T shapes.
Notice 0: Split top of 1 T shapes.
Notice 0: Split top of 1 T shapes.
Notice 0: Split top of 1 T shapes.
Notice 0: Split top of 1 T shapes.
Notice 0: Split top of 1 T shapes.
Notice 0: Split top of 1 T shapes.
Notice 0: Split top of 1 T shapes.
Notice 0: Split top of 1 T shapes.
Notice 0: Split top of 1 T shapes.
Notice 0: Split top of 1 T shapes.
Notice 0: Split top of 1 T shapes.
Notice 0: Split top of 1 T shapes.
Notice 0: Split top of 3 T shapes.
Notice 0: Split top of 1 T shapes.
Notice 0: Split top of 1 T shapes.
Notice 0: Split top of 1 T shapes.
Notice 0: Split top of 2 T shapes.
Notice 0: Split top of 1 T shapes.
Notice 0: Split top of 1 T shapes.
Notice 0: Split top of 2 T shapes.
Notice 0: Split top of 1 T shapes.
Notice 0: Split top of 1 T shapes.
Notice 0: Split top of 1 T shapes.
Notice 0: Split top of 1 T shapes.
Notice 0: Split top of 1 T shapes.
Notice 0: Split top of 1 T shapes.
Notice 0: Split top of 1 T shapes.
Notice 0: Split top of 1 T shapes.
Notice 0: Split top of 1 T shapes.
Notice 0: Split top of 1 T shapes.
Notice 0: Split top of 1 T shapes.
Notice 0: Split top of 1 T shapes.
Notice 0: Split top of 1 T shapes.
Notice 0: Split top of 1 T shapes.
Notice 0: Split top of 1 T shapes.
Notice 0: Split top of 1 T shapes.
Notice 0: Split top of 1 T shapes.
Notice 0: Split top of 1 T shapes.
Notice 0: Split top of 1 T shapes.
Notice 0: Split top of 1 T shapes.
Notice 0: Split top of 1 T shapes.
Notice 0: Split top of 1 T shapes.
Notice 0: Split top of 1 T shapes.
Notice 0: Split top of 1 T shapes.
Notice 0: Split top of 1 T shapes.
Notice 0: Split top of 1 T shapes.
Notice 0: Split top of 1 T shapes.
Notice 0: Split top of 1 T shapes.
Notice 0: Split top of 1 T shapes.
Notice 0: Split top of 1 T shapes.
Notice 0: Split top of 2 T shapes.
Notice 0: Split top of 1 T shapes.
Notice 0: Split top of 1 T shapes.
Notice 0: Split top of 1 T shapes.
Notice 0: Split top of 1 T shapes.
Notice 0: Split top of 1 T shapes.
Notice 0: Split top of 1 T shapes.
Notice 0: Split top of 1 T shapes.
Notice 0: Split top of 1 T shapes.
Notice 0: Split top of 1 T shapes.
Notice 0: Split top of 1 T shapes.
Notice 0: Split top of 1 T shapes.
Notice 0: Split top of 1 T shapes.
Notice 0: Split top of 1 T shapes.
Notice 0: Split top of 1 T shapes.
Notice 0: Split top of 1 T shapes.
Notice 0: Split top of 1 T shapes.
Notice 0: Split top of 1 T shapes.
Notice 0: Split top of 1 T shapes.
Notice 0: Split top of 1 T shapes.
Notice 0: Split top of 1 T shapes.
Notice 0: Split top of 1 T shapes.
Notice 0: Split top of 1 T shapes.
Notice 0: Split top of 1 T shapes.
Notice 0: Split top of 1 T shapes.
Notice 0: Split top of 1 T shapes.
Notice 0: Split top of 1 T shapes.
Notice 0: Split top of 1 T shapes.
Notice 0: Split top of 1 T shapes.
Notice 0: Split top of 1 T shapes.
Notice 0: Split top of 1 T shapes.
Notice 0: Split top of 1 T shapes.
Notice 0: Split top of 1 T shapes.
Notice 0: Split top of 1 T shapes.
Notice 0: Split top of 1 T shapes.
Notice 0: Split top of 1 T shapes.
Notice 0: Split top of 2 T shapes.
Notice 0: Split top of 1 T shapes.
Notice 0: Split top of 1 T shapes.
Notice 0: Split top of 1 T shapes.
Notice 0: Split top of 1 T shapes.
Notice 0: Split top of 1 T shapes.
Notice 0: Split top of 1 T shapes.
Notice 0: Split top of 1 T shapes.
Notice 0: Split top of 1 T shapes.
Notice 0: Split top of 1 T shapes.
Notice 0: Split top of 1 T shapes.
Notice 0: Split top of 1 T shapes.
Notice 0: Split top of 1 T shapes.
Notice 0: Split top of 1 T shapes.
Notice 0: Split top of 1 T shapes.
Notice 0: Split top of 1 T shapes.
Notice 0: Split top of 1 T shapes.
Notice 0: Split top of 1 T shapes.
Notice 0: Split top of 1 T shapes.
Notice 0: Split top of 1 T shapes.
Notice 0: Split top of 1 T shapes.
Notice 0: Split top of 1 T shapes.
Notice 0: Split top of 1 T shapes.
Notice 0: Split top of 1 T shapes.
Notice 0: Split top of 1 T shapes.
Notice 0: Split top of 1 T shapes.
Notice 0: Split top of 1 T shapes.
Notice 0: Split top of 1 T shapes.
Notice 0: Split top of 1 T shapes.
Notice 0: Split top of 1 T shapes.
Notice 0: Split top of 1 T shapes.
Notice 0: Split top of 2 T shapes.
Notice 0: Split top of 1 T shapes.
Notice 0: Split top of 1 T shapes.
Notice 0: Split top of 1 T shapes.
Notice 0: Split top of 1 T shapes.
Notice 0: Split top of 1 T shapes.
Notice 0: Split top of 2 T shapes.
Notice 0: Split top of 2 T shapes.
Notice 0: Split top of 1 T shapes.
Notice 0: Split top of 1 T shapes.
Notice 0: Split top of 1 T shapes.
Notice 0: Split top of 2 T shapes.
Notice 0: Split top of 1 T shapes.
Notice 0: Split top of 1 T shapes.
Notice 0: Split top of 1 T shapes.
Notice 0: Split top of 1 T shapes.
Notice 0: Split top of 1 T shapes.
Notice 0: Split top of 1 T shapes.
Notice 0: Split top of 1 T shapes.
Notice 0: Split top of 3 T shapes.
Notice 0: Split top of 3 T shapes.
Notice 0: Split top of 1 T shapes.
Notice 0: Split top of 1 T shapes.
Notice 0: Split top of 1 T shapes.
Notice 0: Split top of 1 T shapes.
Notice 0: Split top of 1 T shapes.
Notice 0: Split top of 1 T shapes.
Notice 0: Split top of 1 T shapes.
Notice 0: Split top of 1 T shapes.
Notice 0: Split top of 1 T shapes.
Notice 0: Split top of 1 T shapes.
Notice 0: Split top of 1 T shapes.
Notice 0: Split top of 1 T shapes.
Notice 0: Split top of 1 T shapes.
Notice 0: Split top of 1 T shapes.
Notice 0: Split top of 1 T shapes.
Notice 0: Split top of 2 T shapes.
Notice 0: Split top of 1 T shapes.
Notice 0: Split top of 1 T shapes.
Notice 0: Split top of 1 T shapes.
Notice 0: Split top of 1 T shapes.
Notice 0: Split top of 1 T shapes.
Notice 0: Split top of 1 T shapes.
Notice 0: Split top of 1 T shapes.
Notice 0: Split top of 3 T shapes.
Notice 0: Split top of 1 T shapes.
Notice 0: Split top of 1 T shapes.
Notice 0: Split top of 1 T shapes.
Notice 0: Split top of 1 T shapes.
Notice 0: Split top of 1 T shapes.
Notice 0: Split top of 1 T shapes.
Notice 0: Split top of 1 T shapes.
Notice 0: Split top of 1 T shapes.
Notice 0: Split top of 1 T shapes.
Notice 0: Split top of 1 T shapes.
Notice 0: Split top of 1 T shapes.
Notice 0: Split top of 1 T shapes.
Notice 0: Split top of 1 T shapes.
Notice 0: Split top of 1 T shapes.
Notice 0: Split top of 1 T shapes.
Notice 0: Split top of 1 T shapes.
Notice 0: Split top of 1 T shapes.
Notice 0: Split top of 1 T shapes.
Notice 0: Split top of 1 T shapes.
Notice 0: Split top of 1 T shapes.
Notice 0: Split top of 1 T shapes.
Notice 0: Split top of 1 T shapes.
Notice 0: Split top of 1 T shapes.
Notice 0: Split top of 1 T shapes.
Notice 0: Split top of 1 T shapes.
Notice 0: Split top of 1 T shapes.
Notice 0: Split top of 1 T shapes.
Notice 0: Split top of 1 T shapes.
Notice 0: Split top of 1 T shapes.
Notice 0: Split top of 1 T shapes.
Notice 0: Split top of 1 T shapes.
Notice 0: Split top of 1 T shapes.
Notice 0: Split top of 1 T shapes.
Notice 0: Split top of 1 T shapes.
Notice 0: Split top of 1 T shapes.
Notice 0: Split top of 1 T shapes.
Notice 0: Split top of 1 T shapes.
Notice 0: Split top of 1 T shapes.
Notice 0: Split top of 1 T shapes.
Notice 0: Split top of 1 T shapes.
Notice 0: Split top of 1 T shapes.
Notice 0: Split top of 1 T shapes.
Notice 0: Split top of 1 T shapes.
Notice 0: Split top of 1 T shapes.
Notice 0: Split top of 1 T shapes.
Notice 0: Split top of 1 T shapes.
Notice 0: Split top of 1 T shapes.
Notice 0: Split top of 1 T shapes.
Notice 0: Split top of 1 T shapes.
Notice 0: Split top of 1 T shapes.
Notice 0: Split top of 1 T shapes.
Notice 0: Split top of 1 T shapes.
Notice 0: Split top of 1 T shapes.
Notice 0: Split top of 1 T shapes.
Notice 0: Split top of 1 T shapes.
Notice 0: Split top of 1 T shapes.
Notice 0: Split top of 1 T shapes.
Notice 0: Split top of 1 T shapes.
Notice 0: Split top of 1 T shapes.
Notice 0: Split top of 1 T shapes.
Notice 0: Split top of 1 T shapes.
Notice 0: Split top of 2 T shapes.
Notice 0: Split top of 1 T shapes.
Notice 0: Split top of 1 T shapes.
Notice 0: Split top of 1 T shapes.
Notice 0: Split top of 1 T shapes.
Notice 0: Split top of 1 T shapes.
Notice 0: Split top of 1 T shapes.
Notice 0: Split top of 1 T shapes.
Notice 0: Split top of 1 T shapes.
Notice 0: Split top of 1 T shapes.
Notice 0: Split top of 1 T shapes.
Notice 0: Split top of 1 T shapes.
Notice 0: Split top of 1 T shapes.
Notice 0: Split top of 1 T shapes.
Notice 0: Split top of 1 T shapes.
Notice 0: Split top of 1 T shapes.
Notice 0: Split top of 1 T shapes.
Notice 0: Split top of 1 T shapes.
Notice 0: Split top of 1 T shapes.
Notice 0: Split top of 1 T shapes.
Notice 0: Split top of 1 T shapes.
Notice 0: Split top of 1 T shapes.
Notice 0: Split top of 1 T shapes.
Notice 0: Split top of 1 T shapes.
Notice 0: Split top of 1 T shapes.
Notice 0: Split top of 1 T shapes.
Notice 0: Split top of 1 T shapes.
Notice 0: Split top of 1 T shapes.
Notice 0: Split top of 1 T shapes.
Notice 0: Split top of 1 T shapes.
Notice 0: Split top of 1 T shapes.
Notice 0: Split top of 1 T shapes.
Notice 0: Split top of 1 T shapes.
Notice 0: Split top of 1 T shapes.
Notice 0: Split top of 1 T shapes.
Notice 0: Split top of 1 T shapes.
Notice 0: Split top of 1 T shapes.
Notice 0: Split top of 1 T shapes.
Notice 0: Split top of 1 T shapes.
Notice 0: Split top of 1 T shapes.
Notice 0: Split top of 1 T shapes.
Notice 0: Split top of 1 T shapes.
Notice 0: Split top of 1 T shapes.
Notice 0: Split top of 1 T shapes.
Notice 0: Split top of 1 T shapes.
Notice 0: Split top of 1 T shapes.
Notice 0: Split top of 1 T shapes.
Notice 0: Split top of 1 T shapes.
Notice 0: Split top of 1 T shapes.
Notice 0: Split top of 1 T shapes.
Notice 0: Split top of 1 T shapes.
Notice 0: Split top of 1 T shapes.
Notice 0: Split top of 2 T shapes.
Notice 0: Split top of 1 T shapes.
Notice 0: Split top of 1 T shapes.
Notice 0: Split top of 1 T shapes.
Notice 0: Split top of 1 T shapes.
Notice 0: Split top of 1 T shapes.
Notice 0: Split top of 1 T shapes.
Notice 0: Split top of 1 T shapes.
Notice 0: Split top of 3 T shapes.
Notice 0: Split top of 1 T shapes.
Notice 0: Split top of 1 T shapes.
Notice 0: Split top of 1 T shapes.
Notice 0: Split top of 1 T shapes.
Notice 0: Split top of 1 T shapes.
Notice 0: Split top of 1 T shapes.
Notice 0: Split top of 1 T shapes.
Notice 0: Split top of 1 T shapes.
Notice 0: Split top of 1 T shapes.
Notice 0: Split top of 1 T shapes.
Notice 0: Split top of 1 T shapes.
Notice 0: Split top of 1 T shapes.
Notice 0: Split top of 1 T shapes.
Notice 0: Split top of 1 T shapes.
Notice 0: Split top of 1 T shapes.
Notice 0: Split top of 1 T shapes.
Notice 0: Split top of 1 T shapes.
Notice 0: Split top of 1 T shapes.
Notice 0: Split top of 1 T shapes.
Notice 0: Split top of 1 T shapes.
Notice 0: Split top of 1 T shapes.
Notice 0: Split top of 1 T shapes.
Notice 0: Split top of 1 T shapes.
Notice 0: Split top of 1 T shapes.
Notice 0: Split top of 1 T shapes.
Notice 0: Split top of 1 T shapes.
Notice 0: Split top of 1 T shapes.
Notice 0: Split top of 1 T shapes.
Notice 0: Split top of 2 T shapes.
Notice 0: Split top of 1 T shapes.
Notice 0: Split top of 1 T shapes.
Notice 0: Split top of 1 T shapes.
Notice 0: Split top of 1 T shapes.
Notice 0: Split top of 1 T shapes.
Notice 0: Split top of 1 T shapes.
Notice 0: Split top of 1 T shapes.
Notice 0: Split top of 1 T shapes.
Notice 0: Split top of 1 T shapes.
Notice 0: Split top of 1 T shapes.
Notice 0: Split top of 1 T shapes.
Notice 0: Split top of 1 T shapes.
Notice 0: Split top of 1 T shapes.
Notice 0: Split top of 1 T shapes.
Notice 0: Split top of 1 T shapes.
Notice 0: Split top of 1 T shapes.
Notice 0: Split top of 1 T shapes.
Notice 0: Split top of 1 T shapes.
Notice 0: Split top of 1 T shapes.
Notice 0: Split top of 1 T shapes.
Notice 0: Split top of 1 T shapes.
Notice 0: Split top of 1 T shapes.
Notice 0: Split top of 1 T shapes.
Notice 0: Split top of 1 T shapes.
Notice 0: Split top of 1 T shapes.
Notice 0: Split top of 1 T shapes.
Notice 0: Split top of 1 T shapes.
Notice 0: Split top of 1 T shapes.
Notice 0: Split top of 1 T shapes.
Notice 0: Split top of 1 T shapes.
Notice 0: Split top of 1 T shapes.
Notice 0: Split top of 1 T shapes.
Notice 0: Split top of 1 T shapes.
Notice 0: Split top of 1 T shapes.
Notice 0: Split top of 1 T shapes.
Notice 0: Split top of 1 T shapes.
Notice 0: Split top of 1 T shapes.
Notice 0: Split top of 1 T shapes.
Notice 0: Split top of 1 T shapes.
Notice 0: Split top of 1 T shapes.
Notice 0: Split top of 1 T shapes.
Notice 0: Split top of 1 T shapes.
Notice 0: Split top of 1 T shapes.
Notice 0: Split top of 1 T shapes.
Notice 0: Split top of 1 T shapes.
Notice 0: Split top of 1 T shapes.
Notice 0: Split top of 1 T shapes.
Notice 0: Split top of 1 T shapes.
Notice 0: Split top of 1 T shapes.
Notice 0: Split top of 1 T shapes.
Notice 0: Split top of 1 T shapes.
Notice 0: Split top of 1 T shapes.
Notice 0: Split top of 1 T shapes.
Notice 0: Split top of 1 T shapes.
Notice 0: Split top of 1 T shapes.
Notice 0: Split top of 1 T shapes.
Notice 0: Split top of 1 T shapes.
Notice 0: Split top of 1 T shapes.
Notice 0: Split top of 1 T shapes.
Notice 0: Split top of 1 T shapes.
Notice 0: Split top of 1 T shapes.
Notice 0: Split top of 2 T shapes.
Notice 0: Split top of 2 T shapes.
Notice 0: Split top of 1 T shapes.
Notice 0: Split top of 1 T shapes.
Notice 0: Split top of 1 T shapes.
Notice 0: Split top of 1 T shapes.
Notice 0: Split top of 1 T shapes.
Notice 0: Split top of 1 T shapes.
Notice 0: Split top of 1 T shapes.
Notice 0: Split top of 1 T shapes.
Notice 0: Split top of 1 T shapes.
Notice 0: Split top of 1 T shapes.
Notice 0: Split top of 1 T shapes.
Notice 0: Split top of 1 T shapes.
Notice 0: Split top of 1 T shapes.
Notice 0: Split top of 1 T shapes.
Notice 0: Split top of 1 T shapes.
Notice 0: Split top of 1 T shapes.
Notice 0: Split top of 1 T shapes.
Notice 0: Split top of 1 T shapes.
Notice 0: Split top of 1 T shapes.
Notice 0: Split top of 1 T shapes.
Notice 0: Split top of 1 T shapes.
Notice 0: Split top of 1 T shapes.
Notice 0: Split top of 1 T shapes.
Notice 0: Split top of 1 T shapes.
Notice 0: Split top of 1 T shapes.
Notice 0: Split top of 1 T shapes.
Notice 0: Split top of 1 T shapes.
Notice 0: Split top of 2 T shapes.
Notice 0: Split top of 1 T shapes.
Notice 0: Split top of 1 T shapes.
Notice 0: Split top of 1 T shapes.
Notice 0: Split top of 1 T shapes.
Notice 0: Split top of 1 T shapes.
Notice 0: Split top of 1 T shapes.
Notice 0: Split top of 1 T shapes.
Notice 0: Split top of 1 T shapes.
Notice 0: Split top of 1 T shapes.
Notice 0: Split top of 1 T shapes.
Notice 0: Split top of 1 T shapes.
Notice 0: Split top of 1 T shapes.
Notice 0: Split top of 1 T shapes.
Notice 0: Split top of 1 T shapes.
Notice 0: Split top of 1 T shapes.
Notice 0: Split top of 1 T shapes.
Notice 0: Split top of 1 T shapes.
Notice 0: Split top of 1 T shapes.
Notice 0: Split top of 1 T shapes.
Notice 0: Split top of 1 T shapes.
Notice 0: Split top of 1 T shapes.
Notice 0: Split top of 1 T shapes.
Notice 0: Split top of 1 T shapes.
Notice 0: Split top of 1 T shapes.
Notice 0: Split top of 1 T shapes.
Notice 0: Split top of 1 T shapes.
Notice 0: Split top of 1 T shapes.
Notice 0: Split top of 1 T shapes.
Notice 0: Split top of 1 T shapes.
Notice 0: Split top of 1 T shapes.
Notice 0: Split top of 1 T shapes.
Notice 0: Split top of 1 T shapes.
Notice 0: Split top of 1 T shapes.
Notice 0: Split top of 1 T shapes.
Notice 0: Split top of 1 T shapes.
Notice 0: Split top of 1 T shapes.
Notice 0: Split top of 1 T shapes.
Notice 0: Split top of 3 T shapes.
Notice 0: Split top of 1 T shapes.
Notice 0: Split top of 1 T shapes.
Notice 0: Split top of 1 T shapes.
Notice 0: Split top of 1 T shapes.
Notice 0: Split top of 1 T shapes.
Notice 0: Split top of 1 T shapes.
Notice 0: Split top of 1 T shapes.
Notice 0: Split top of 1 T shapes.
Notice 0: Split top of 1 T shapes.
Notice 0: Split top of 1 T shapes.
Notice 0: Split top of 1 T shapes.
Notice 0: Split top of 1 T shapes.
Notice 0: Split top of 1 T shapes.
Notice 0: Split top of 1 T shapes.
Notice 0: Split top of 1 T shapes.
Notice 0: Split top of 1 T shapes.
Notice 0: Split top of 1 T shapes.
Notice 0: Split top of 1 T shapes.
Notice 0: Split top of 1 T shapes.
Notice 0: Split top of 1 T shapes.
Notice 0: Split top of 1 T shapes.
Notice 0: Split top of 1 T shapes.
Notice 0: Split top of 1 T shapes.
Notice 0: Split top of 1 T shapes.
Notice 0: Split top of 1 T shapes.
Notice 0: Split top of 1 T shapes.
Notice 0: Split top of 1 T shapes.
Notice 0: Split top of 1 T shapes.
Notice 0: Split top of 1 T shapes.
Notice 0: Split top of 1 T shapes.
Notice 0: Split top of 1 T shapes.
Notice 0: Split top of 1 T shapes.
Notice 0: Split top of 1 T shapes.
Notice 0: Split top of 1 T shapes.
Notice 0: Split top of 1 T shapes.
Notice 0: Split top of 1 T shapes.
Notice 0: Split top of 2 T shapes.
Notice 0: Split top of 1 T shapes.
Notice 0: Split top of 1 T shapes.
Notice 0: Split top of 1 T shapes.
Notice 0: Split top of 1 T shapes.
Notice 0: Split top of 1 T shapes.
Notice 0: Split top of 1 T shapes.
Notice 0: Split top of 1 T shapes.
Notice 0: Split top of 1 T shapes.
Notice 0: Split top of 1 T shapes.
Notice 0: Split top of 1 T shapes.
Notice 0: Split top of 1 T shapes.
Notice 0: Split top of 1 T shapes.
Notice 0: Split top of 1 T shapes.
Notice 0: Split top of 1 T shapes.
Notice 0: Split top of 1 T shapes.
Notice 0: Split top of 1 T shapes.
Notice 0: Split top of 1 T shapes.
Notice 0: Split top of 1 T shapes.
Notice 0: Split top of 1 T shapes.
Notice 0: Split top of 1 T shapes.
Notice 0: Split top of 1 T shapes.
Notice 0: Split top of 1 T shapes.
Notice 0: Split top of 1 T shapes.
Notice 0: Split top of 1 T shapes.
Notice 0: Split top of 2 T shapes.
Notice 0: Split top of 1 T shapes.
Notice 0: Split top of 1 T shapes.
Notice 0: Split top of 1 T shapes.
Notice 0: Split top of 1 T shapes.
Notice 0: Split top of 1 T shapes.
Notice 0: Split top of 1 T shapes.
Notice 0: Split top of 2 T shapes.
Notice 0: Split top of 1 T shapes.
Notice 0: Split top of 1 T shapes.
Notice 0: Split top of 1 T shapes.
Notice 0: Split top of 1 T shapes.
Notice 0: Split top of 1 T shapes.
Notice 0: Split top of 1 T shapes.
Notice 0: Split top of 1 T shapes.
Notice 0: Split top of 1 T shapes.
Notice 0: Split top of 1 T shapes.
Notice 0: Split top of 1 T shapes.
Notice 0: Split top of 1 T shapes.
Notice 0: Split top of 1 T shapes.
Notice 0: Split top of 1 T shapes.
Notice 0: Split top of 1 T shapes.
Notice 0: Split top of 1 T shapes.
Notice 0: Split top of 1 T shapes.
Notice 0: Split top of 1 T shapes.
Notice 0: Split top of 1 T shapes.
Notice 0: Split top of 1 T shapes.
Notice 0: Split top of 1 T shapes.
Notice 0: Split top of 1 T shapes.
Notice 0: Split top of 1 T shapes.
Notice 0: Split top of 1 T shapes.
Notice 0: Split top of 1 T shapes.
Notice 0: Split top of 1 T shapes.
Notice 0: Split top of 1 T shapes.
Notice 0: Split top of 1 T shapes.
Notice 0: Split top of 1 T shapes.
Notice 0: Split top of 1 T shapes.
Notice 0: Split top of 1 T shapes.
Notice 0: Split top of 1 T shapes.
Notice 0: Split top of 2 T shapes.
Notice 0: Split top of 1 T shapes.
Notice 0: Split top of 1 T shapes.
Notice 0: Split top of 1 T shapes.
Notice 0: Split top of 1 T shapes.
Notice 0: Split top of 2 T shapes.
Notice 0: Split top of 1 T shapes.
Notice 0: Split top of 1 T shapes.
Notice 0: Split top of 1 T shapes.
Notice 0: Split top of 1 T shapes.
Notice 0: Split top of 1 T shapes.
Notice 0: Split top of 1 T shapes.
Notice 0: Split top of 1 T shapes.
Notice 0: Split top of 1 T shapes.
Notice 0: Split top of 2 T shapes.
Notice 0: Split top of 1 T shapes.
Notice 0: Split top of 1 T shapes.
Notice 0: Split top of 3 T shapes.
Notice 0: Split top of 1 T shapes.
Notice 0: Split top of 1 T shapes.
Notice 0: Split top of 1 T shapes.
Notice 0: Split top of 1 T shapes.
Notice 0: Split top of 1 T shapes.
Notice 0: Split top of 1 T shapes.
Notice 0: Split top of 1 T shapes.
Notice 0: Split top of 2 T shapes.
Notice 0: Split top of 1 T shapes.
Notice 0: Split top of 2 T shapes.
Notice 0: Split top of 1 T shapes.
Notice 0: Split top of 1 T shapes.
Notice 0: Split top of 1 T shapes.
Notice 0: Split top of 1 T shapes.
Notice 0: Split top of 1 T shapes.
Notice 0: Split top of 1 T shapes.
Notice 0: Split top of 1 T shapes.
Notice 0: Split top of 1 T shapes.
Notice 0: Split top of 1 T shapes.
Notice 0: Split top of 1 T shapes.
Notice 0: Split top of 1 T shapes.
Notice 0: Split top of 1 T shapes.
Notice 0: Split top of 1 T shapes.
Notice 0: Split top of 1 T shapes.
Notice 0: Split top of 1 T shapes.
Notice 0: Split top of 1 T shapes.
Notice 0: Split top of 1 T shapes.
Notice 0: Split top of 1 T shapes.
Notice 0: Split top of 1 T shapes.
Notice 0: Split top of 1 T shapes.
Notice 0: Split top of 1 T shapes.
Notice 0: Split top of 1 T shapes.
Notice 0: Split top of 1 T shapes.
Notice 0: Split top of 1 T shapes.
Notice 0: Split top of 1 T shapes.
Notice 0: Split top of 1 T shapes.
Notice 0: Split top of 1 T shapes.
Notice 0: Split top of 1 T shapes.
Notice 0: Split top of 1 T shapes.
Notice 0: Split top of 1 T shapes.
Notice 0: Split top of 1 T shapes.
Notice 0: Split top of 1 T shapes.
Notice 0: Split top of 1 T shapes.
Notice 0: Split top of 1 T shapes.
Notice 0: Split top of 1 T shapes.
Notice 0: Split top of 1 T shapes.
Notice 0: Split top of 1 T shapes.
Notice 0: Split top of 1 T shapes.
Notice 0: Split top of 1 T shapes.
Notice 0: Split top of 1 T shapes.
Notice 0: Split top of 1 T shapes.
Notice 0: Split top of 1 T shapes.
Notice 0: Split top of 1 T shapes.
Notice 0: Split top of 1 T shapes.
Notice 0: Split top of 1 T shapes.
Notice 0: Split top of 1 T shapes.
Notice 0: Split top of 1 T shapes.
Notice 0: Split top of 1 T shapes.
Notice 0: Split top of 1 T shapes.
Notice 0: Split top of 1 T shapes.
Notice 0: Split top of 1 T shapes.
Notice 0: Split top of 2 T shapes.
Notice 0: Split top of 1 T shapes.
Notice 0: Split top of 1 T shapes.
Notice 0: Split top of 1 T shapes.
Notice 0: Split top of 1 T shapes.
Notice 0: Split top of 1 T shapes.
Notice 0: Split top of 1 T shapes.
Notice 0: Split top of 1 T shapes.
Notice 0: Split top of 1 T shapes.
Notice 0: Split top of 1 T shapes.
Notice 0: Split top of 1 T shapes.
Notice 0: Split top of 1 T shapes.
Notice 0: Split top of 1 T shapes.
Notice 0: Split top of 2 T shapes.
Notice 0: Split top of 1 T shapes.
Notice 0: Split top of 1 T shapes.
Notice 0: Split top of 1 T shapes.
Notice 0: Split top of 1 T shapes.
Notice 0: Split top of 1 T shapes.
Notice 0: Split top of 1 T shapes.
Notice 0: Split top of 1 T shapes.
Notice 0: Split top of 1 T shapes.
Notice 0: Split top of 1 T shapes.
Notice 0: Split top of 1 T shapes.
Notice 0: Split top of 1 T shapes.
Notice 0: Split top of 1 T shapes.
Notice 0: Split top of 1 T shapes.
Notice 0: Split top of 1 T shapes.
Notice 0: Split top of 1 T shapes.
Notice 0: Split top of 1 T shapes.
Notice 0: Split top of 1 T shapes.
Notice 0: Split top of 1 T shapes.
Notice 0: Split top of 1 T shapes.
Notice 0: Split top of 1 T shapes.
Notice 0: Split top of 1 T shapes.
Notice 0: Split top of 1 T shapes.
Notice 0: Split top of 1 T shapes.
Notice 0: Split top of 1 T shapes.
Notice 0: Split top of 1 T shapes.
Notice 0: Split top of 1 T shapes.
Notice 0: Split top of 1 T shapes.
Notice 0: Split top of 1 T shapes.
Notice 0: Split top of 1 T shapes.
Notice 0: Split top of 1 T shapes.
Notice 0: Split top of 1 T shapes.
Notice 0: Split top of 1 T shapes.
Notice 0: Split top of 1 T shapes.
Notice 0: Split top of 1 T shapes.
Notice 0: Split top of 1 T shapes.
Notice 0: Split top of 1 T shapes.
Notice 0: Split top of 1 T shapes.
Notice 0: Split top of 1 T shapes.
Notice 0: Split top of 1 T shapes.
Notice 0: Split top of 1 T shapes.
Notice 0: Split top of 1 T shapes.
Notice 0: Split top of 1 T shapes.
Notice 0: Split top of 1 T shapes.
Notice 0: Split top of 1 T shapes.
Notice 0: Split top of 1 T shapes.
Notice 0: Split top of 1 T shapes.
Notice 0: Split top of 1 T shapes.
Notice 0: Split top of 1 T shapes.
Notice 0: Split top of 1 T shapes.
Notice 0: Split top of 1 T shapes.
Notice 0: Split top of 1 T shapes.
Notice 0: Split top of 1 T shapes.
Notice 0: Split top of 1 T shapes.
Notice 0: Split top of 1 T shapes.
Notice 0: Split top of 1 T shapes.
Notice 0: Split top of 1 T shapes.
Notice 0: Split top of 2 T shapes.
Notice 0: Split top of 1 T shapes.
Notice 0: Split top of 1 T shapes.
Notice 0: Split top of 1 T shapes.
Notice 0: Split top of 1 T shapes.
Notice 0: Split top of 1 T shapes.
Notice 0: Split top of 1 T shapes.
Notice 0: Split top of 1 T shapes.
Notice 0: Split top of 1 T shapes.
Notice 0: Split top of 1 T shapes.
Notice 0: Split top of 1 T shapes.
Notice 0: Split top of 1 T shapes.
Notice 0: Split top of 1 T shapes.
Notice 0: Split top of 1 T shapes.
Notice 0: Split top of 1 T shapes.
Notice 0: Split top of 1 T shapes.
Notice 0: Split top of 1 T shapes.
Notice 0: Split top of 1 T shapes.
Notice 0: Split top of 1 T shapes.
Notice 0: Split top of 1 T shapes.
Notice 0: Split top of 1 T shapes.
Notice 0: Split top of 1 T shapes.
Notice 0: Split top of 1 T shapes.
Notice 0: Split top of 1 T shapes.
Notice 0: Split top of 1 T shapes.
Notice 0: Split top of 1 T shapes.
Notice 0: Split top of 1 T shapes.
Notice 0: Split top of 1 T shapes.
Notice 0: Split top of 1 T shapes.
Notice 0: Split top of 1 T shapes.
Notice 0: Split top of 1 T shapes.
Notice 0: Split top of 1 T shapes.
Notice 0: Split top of 1 T shapes.
Notice 0: Split top of 1 T shapes.
Notice 0: Split top of 1 T shapes.
Notice 0: Split top of 1 T shapes.
Notice 0: Split top of 1 T shapes.
Notice 0: Split top of 1 T shapes.
Notice 0: Split top of 1 T shapes.
Notice 0: Split top of 1 T shapes.
Notice 0: Split top of 1 T shapes.
Notice 0: Split top of 1 T shapes.
Notice 0: Split top of 1 T shapes.
Notice 0: Split top of 1 T shapes.
Notice 0: Split top of 1 T shapes.
Notice 0: Split top of 1 T shapes.
Notice 0: Split top of 1 T shapes.
Notice 0: Split top of 1 T shapes.
Notice 0: Split top of 1 T shapes.
Notice 0: Split top of 1 T shapes.
Notice 0: Split top of 1 T shapes.
Notice 0: Split top of 1 T shapes.
Notice 0: Split top of 1 T shapes.
Notice 0: Split top of 1 T shapes.
Notice 0: Split top of 1 T shapes.
Notice 0: Split top of 2 T shapes.
Notice 0: Split top of 1 T shapes.
Notice 0: Split top of 1 T shapes.
Notice 0: Split top of 1 T shapes.
Notice 0: Split top of 1 T shapes.
Notice 0: Split top of 1 T shapes.
Notice 0: Split top of 1 T shapes.
Notice 0: Split top of 1 T shapes.
Notice 0: Split top of 1 T shapes.
Notice 0: Split top of 2 T shapes.
Notice 0: Split top of 1 T shapes.
Notice 0: Split top of 1 T shapes.
Notice 0: Split top of 1 T shapes.
Notice 0: Split top of 1 T shapes.
Notice 0: Split top of 3 T shapes.
Notice 0: Split top of 1 T shapes.
Notice 0: Split top of 1 T shapes.
Notice 0: Split top of 1 T shapes.
Notice 0: Split top of 1 T shapes.
Notice 0: Split top of 1 T shapes.
Notice 0: Split top of 1 T shapes.
Notice 0: Split top of 1 T shapes.
Notice 0: Split top of 1 T shapes.
Notice 0: Split top of 1 T shapes.
Notice 0: Split top of 1 T shapes.
Notice 0: Split top of 1 T shapes.
Notice 0: Split top of 1 T shapes.
Notice 0: Split top of 1 T shapes.
Notice 0: Split top of 1 T shapes.
Notice 0: Split top of 1 T shapes.
Notice 0: Split top of 1 T shapes.
Notice 0: Split top of 1 T shapes.
Notice 0: Split top of 1 T shapes.
Notice 0: Split top of 1 T shapes.
Notice 0: Split top of 1 T shapes.
Notice 0: Split top of 1 T shapes.
Notice 0: Split top of 1 T shapes.
Notice 0: Split top of 2 T shapes.
Notice 0: Split top of 1 T shapes.
Notice 0: Split top of 1 T shapes.
Notice 0: Split top of 1 T shapes.
Notice 0: Split top of 1 T shapes.
Notice 0: Split top of 1 T shapes.
Notice 0: Split top of 1 T shapes.
Notice 0: Split top of 1 T shapes.
Notice 0: Split top of 1 T shapes.
Notice 0: Split top of 1 T shapes.
Notice 0: Split top of 1 T shapes.
Notice 0: Split top of 1 T shapes.
Notice 0: Split top of 1 T shapes.
Notice 0: Split top of 2 T shapes.
Notice 0: Split top of 1 T shapes.
Notice 0: Split top of 1 T shapes.
Notice 0: Split top of 1 T shapes.
Notice 0: Split top of 1 T shapes.
Notice 0: Split top of 1 T shapes.
Notice 0: Split top of 1 T shapes.
Notice 0: Split top of 1 T shapes.
Notice 0: Split top of 1 T shapes.
Notice 0: Split top of 1 T shapes.
Notice 0: Split top of 1 T shapes.
Notice 0: Split top of 1 T shapes.
Notice 0: Split top of 1 T shapes.
Notice 0: Split top of 1 T shapes.
Notice 0: Split top of 1 T shapes.
Notice 0: Split top of 1 T shapes.
Notice 0: Split top of 1 T shapes.
Notice 0: Split top of 1 T shapes.
Notice 0: Split top of 1 T shapes.
Notice 0: Split top of 1 T shapes.
Notice 0: Split top of 1 T shapes.
Notice 0: Split top of 1 T shapes.
Notice 0: Split top of 1 T shapes.
Notice 0: Split top of 1 T shapes.
Notice 0: Split top of 1 T shapes.
Notice 0: Split top of 1 T shapes.
Notice 0: Split top of 1 T shapes.
Notice 0: Split top of 1 T shapes.
Notice 0: Split top of 1 T shapes.
Notice 0: Split top of 1 T shapes.
Notice 0: Split top of 1 T shapes.
Notice 0: Split top of 1 T shapes.
Notice 0: Split top of 1 T shapes.
Notice 0: Split top of 1 T shapes.
Notice 0: Split top of 1 T shapes.
Notice 0: Split top of 1 T shapes.
Notice 0: Split top of 1 T shapes.
Notice 0: Split top of 1 T shapes.
Notice 0: Split top of 1 T shapes.
Notice 0: Split top of 1 T shapes.
Notice 0: Split top of 1 T shapes.
Notice 0: Split top of 1 T shapes.
Notice 0: Split top of 1 T shapes.
Notice 0: Split top of 1 T shapes.
Notice 0: Split top of 3 T shapes.
Notice 0: Split top of 1 T shapes.
Notice 0: Split top of 3 T shapes.
Notice 0: Split top of 1 T shapes.
Notice 0: Split top of 1 T shapes.
Notice 0: Split top of 1 T shapes.
Notice 0: Split top of 1 T shapes.
Notice 0: Split top of 1 T shapes.
Notice 0: Split top of 3 T shapes.
Notice 0: Split top of 1 T shapes.
Notice 0: Split top of 1 T shapes.
Notice 0: Split top of 1 T shapes.
Notice 0: Split top of 1 T shapes.
Notice 0: Split top of 1 T shapes.
Notice 0: Split top of 1 T shapes.
Notice 0: Split top of 1 T shapes.
Notice 0: Split top of 1 T shapes.
Notice 0: Split top of 1 T shapes.
Notice 0: Split top of 1 T shapes.
Notice 0: Split top of 1 T shapes.
Notice 0: Split top of 1 T shapes.
Notice 0: Split top of 1 T shapes.
Notice 0: Split top of 1 T shapes.
Notice 0: Split top of 1 T shapes.
Notice 0: Split top of 1 T shapes.
Notice 0: Split top of 1 T shapes.
Notice 0: Split top of 1 T shapes.
Notice 0: Split top of 1 T shapes.
Notice 0: Split top of 1 T shapes.
Notice 0: Split top of 1 T shapes.
Notice 0: Split top of 1 T shapes.
Notice 0: Split top of 1 T shapes.
Notice 0: Split top of 1 T shapes.
Notice 0: Split top of 1 T shapes.
Notice 0: Split top of 1 T shapes.
Notice 0: Split top of 1 T shapes.
Notice 0: Split top of 1 T shapes.
Notice 0: Split top of 1 T shapes.
Notice 0: Split top of 3 T shapes.
Notice 0: Split top of 2 T shapes.
Notice 0: Split top of 1 T shapes.
Notice 0: Split top of 1 T shapes.
Notice 0: Split top of 1 T shapes.
Notice 0: Split top of 1 T shapes.
Notice 0: Split top of 1 T shapes.
Notice 0: Split top of 1 T shapes.
Notice 0: Split top of 1 T shapes.
Notice 0: Split top of 1 T shapes.
Notice 0: Split top of 1 T shapes.
Notice 0: Split top of 1 T shapes.
Notice 0: Split top of 1 T shapes.
Notice 0: Split top of 1 T shapes.
Notice 0: Split top of 1 T shapes.
Notice 0: Split top of 3 T shapes.
Notice 0: Split top of 1 T shapes.
Notice 0: Split top of 1 T shapes.
Notice 0: Split top of 1 T shapes.
Notice 0: Split top of 1 T shapes.
Notice 0: Split top of 1 T shapes.
Notice 0: Split top of 1 T shapes.
Notice 0: Split top of 2 T shapes.
Notice 0: Split top of 1 T shapes.
Notice 0: Split top of 1 T shapes.
Notice 0: Split top of 1 T shapes.
Notice 0: Split top of 1 T shapes.
Notice 0: Split top of 1 T shapes.
Notice 0: Split top of 1 T shapes.
Notice 0: Split top of 1 T shapes.
Notice 0: Split top of 1 T shapes.
Notice 0: Split top of 1 T shapes.
Notice 0: Split top of 1 T shapes.
Notice 0: Split top of 1 T shapes.
Notice 0: Split top of 1 T shapes.
Notice 0: Split top of 1 T shapes.
Notice 0: Split top of 1 T shapes.
Notice 0: Split top of 1 T shapes.
Notice 0: Split top of 1 T shapes.
Notice 0: Split top of 1 T shapes.
Notice 0: Split top of 1 T shapes.
Notice 0: Split top of 1 T shapes.
Notice 0: Split top of 1 T shapes.
Notice 0: Split top of 1 T shapes.
Notice 0: Split top of 1 T shapes.
Notice 0: Split top of 1 T shapes.
Notice 0: Split top of 1 T shapes.
Notice 0: Split top of 1 T shapes.
Notice 0: Split top of 1 T shapes.
Notice 0: Split top of 1 T shapes.
Notice 0: Split top of 1 T shapes.
Notice 0: Split top of 1 T shapes.
Notice 0: Split top of 1 T shapes.
Notice 0: Split top of 1 T shapes.
Notice 0: Split top of 1 T shapes.
Notice 0: Split top of 1 T shapes.
Notice 0: 
disconnected net 15373  net585
Notice 0: Split top of 1 T shapes.
Notice 0: Split top of 1 T shapes.
Notice 0: 
disconnected net 15427  net639
Notice 0: 
disconnected net 15428  net640
Notice 0: 
disconnected net 15429  net641
Notice 0: Split top of 1 T shapes.
Notice 0: Split top of 1 T shapes.
Notice 0: Split top of 1 T shapes.
Notice 0: 
disconnected net 15434  net646
Notice 0: 
disconnected net 15435  net647
Notice 0: Split top of 1 T shapes.
Notice 0: 
disconnected net 15440  net652
Notice 0: Split top of 1 T shapes.
Notice 0: 
disconnected net 15443  net655
Notice 0: Split top of 1 T shapes.
Notice 0: 
disconnected net 15444  net656
Notice 0: Split top of 3 T shapes.
Notice 0: Split top of 1 T shapes.
Notice 0: Split top of 1 T shapes.
Notice 0: Split top of 1 T shapes.
Notice 0: 
disconnected net 15452  net664
Notice 0: 
disconnected net 15454  net666
Notice 0: 
disconnected net 15455  net667
Notice 0: 
disconnected net 15457  net669
Notice 0: Split top of 1 T shapes.
Notice 0: 
disconnected net 15461  net673
Notice 0: Split top of 1 T shapes.
Notice 0: Split top of 1 T shapes.
Notice 0: Split top of 1 T shapes.
Notice 0: Split top of 1 T shapes.
Notice 0: Split top of 1 T shapes.
Notice 0: Split top of 1 T shapes.
Notice 0: Split top of 1 T shapes.
[INFO GRT-0012] #Antenna violations: 264
Design Stats
--------------------------------
total instances         22467
multi row instances         0
fixed instances          7262
nets                    15527
design area          434807.0 u^2
fixed area            12454.4 u^2
movable area         158231.8 u^2
utilization                37 %
utilization padded         38 %
rows                      242
row height                2.7 u

Placement Analysis
--------------------------------
total displacement       22.1 u
average displacement      0.0 u
max displacement          8.7 u
original HPWL        892790.5 u
legalized HPWL       905105.7 u
delta HPWL                  1 %

[WARNING DPL-0005] Overlap check failed (89).
[INFO GRT-0015] 395 diodes inserted
Min routing layer: 2
Max routing layer: 6
Global adjustment: 0.0
Unidirectional routing: true
Grid origin: (0, 0)
[INFO GRT-0004] #DB Obstructions: 0
[INFO GRT-0005] #DB Obstacles: 585959
[INFO GRT-0006] #DB Macros: 0
[INFO GRT-0001] Minimum degree: 2
[INFO GRT-0002] Maximum degree: 64
[INFO GRT-0018] Processing 440435 obstacles on layer 1
[INFO GRT-0019] Processing 58798 obstacles on layer 2
[INFO GRT-0022] Processing 9 obstacles on layer 5
[INFO GRT-0023] Processing 9 obstacles on layer 6
[INFO GRT-0020] Reducing resources of layer 1 by 99%
[INFO GRT-0009] #Nets to reroute: 11846
[WARNING UKN-0000] Underflow in reduce
[WARNING UKN-0000] cap, reducedCap: 15, 17
[WARNING UKN-0000] Underflow in reduce
[WARNING UKN-0000] cap, reducedCap: 16, 17
[WARNING UKN-0000] Underflow in reduce
[WARNING UKN-0000] cap, reducedCap: 16, 17
[WARNING UKN-0000] Underflow in reduce
[WARNING UKN-0000] cap, reducedCap: 16, 18
[WARNING UKN-0000] Underflow in reduce
[WARNING UKN-0000] cap, reducedCap: 14, 15
[WARNING UKN-0000] Underflow in reduce
[WARNING UKN-0000] cap, reducedCap: 13, 15
Running extra iterations to remove overflow...
Update congestion history type 1
[INFO] iteration 1, enlarge 20, costheight 9, threshold 10 via cost 2 
[INFO] log_coef 0.588600, healingTrigger 0 cost_step 5 L 1 cost_type 1 updatetype 1
Update congestion history type 1
[INFO] iteration 2, enlarge 25, costheight 14, threshold 6 via cost 2 
[INFO] log_coef 2.000000, healingTrigger 0 cost_step 5 L 1 cost_type 1 updatetype 1
Update congestion history type 1
[INFO] iteration 3, enlarge 30, costheight 19, threshold 2 via cost 2 
[INFO] log_coef 2.000000, healingTrigger 0 cost_step 5 L 1 cost_type 1 updatetype 1
Update congestion history type 1
[INFO] iteration 4, enlarge 35, costheight 29, threshold 0 via cost 0 
[INFO] log_coef 2.000000, healingTrigger 1 cost_step 5 L 1 cost_type 1 updatetype 1
Update congestion history type 1
[INFO] iteration 5, enlarge 40, costheight 39, threshold 0 via cost 0 
[INFO] log_coef 2.000000, healingTrigger 2 cost_step 5 L 1 cost_type 1 updatetype 1
Update congestion history type 1
[INFO] iteration 6, enlarge 45, costheight 44, threshold 0 via cost 0 
[INFO] log_coef 2.000000, healingTrigger 2 cost_step 5 L 1 cost_type 1 updatetype 1
Update congestion history type 1
[INFO] iteration 7, enlarge 48, costheight 54, threshold 0 via cost 0 
[INFO] log_coef 2.000000, healingTrigger 3 cost_step 5 L 1 cost_type 1 updatetype 1
Update congestion history type 1
[INFO] iteration 8, enlarge 48, costheight 59, threshold 0 via cost 0 
[INFO] log_coef 2.000000, healingTrigger 3 cost_step 5 L 0 cost_type 1 updatetype 2
Update congestion history type 2
[INFO] iteration 9, enlarge 48, costheight 69, threshold 0 via cost 0 
[INFO] log_coef 2.000000, healingTrigger 4 cost_step 5 L 1 cost_type 1 updatetype 2
Update congestion history type 2
[INFO] iteration 10, enlarge 48, costheight 74, threshold 0 via cost 0 
[INFO] log_coef 2.000000, healingTrigger 4 cost_step 5 L 1 cost_type 1 updatetype 2
Update congestion history type 2
[INFO] iteration 11, enlarge 48, costheight 79, threshold 0 via cost 0 
[INFO] log_coef 2.000000, healingTrigger 4 cost_step 5 L 1 cost_type 1 updatetype 2

Final usage/overflow report: 

[Overflow Report] Total Usage   : 157776
[Overflow Report] Total Capacity: 458580
[Overflow Report] Max H Overflow: 0
[Overflow Report] Max V Overflow: 0
[Overflow Report] Max Overflow  : 0
[Overflow Report] H   Overflow  : 0
[Overflow Report] V   Overflow  : 0
[Overflow Report] Final Overflow: 0

[INFO] Final usage          : 157776
[INFO] Final number of vias : 83598
[INFO] Final usage 3D       : 408570
[WARNING DPL-0005] Overlap check failed (89).
[INFO GRT-0014] Num routed nets: 15525
Warning: /home/vsduser/Desktop/work/tools/openlane_working_dir/pdks/sky130A/libs.ref/sky130_fd_sc_hd/lib/sky130_fd_sc_hd__ss_100C_1v60.lib line 32, default_operating_condition ss_100C_1v60 not found.
Warning: /home/vsduser/Desktop/work/tools/openlane_working_dir/pdks/sky130A/libs.ref/sky130_fd_sc_hd/lib/sky130_fd_sc_hd__ff_n40C_1v95.lib line 31, default_operating_condition ff_n40C_1v95 not found.
create_clock [get_ports $::env(CLOCK_PORT)]  -name $::env(CLOCK_PORT)  -period $::env(CLOCK_PERIOD)
set input_delay_value [expr $::env(CLOCK_PERIOD) * $::env(IO_PCT)]
set output_delay_value [expr $::env(CLOCK_PERIOD) * $::env(IO_PCT)]
puts "\[INFO\]: Setting output delay to: $output_delay_value"
[INFO]: Setting output delay to: 4.0
puts "\[INFO\]: Setting input delay to: $input_delay_value"
[INFO]: Setting input delay to: 4.0
set_max_fanout $::env(SYNTH_MAX_FANOUT) [current_design]
set clk_indx [lsearch [all_inputs] [get_port $::env(CLOCK_PORT)]]
#set rst_indx [lsearch [all_inputs] [get_port resetn]]
set all_inputs_wo_clk [lreplace [all_inputs] $clk_indx $clk_indx]
#set all_inputs_wo_clk_rst [lreplace $all_inputs_wo_clk $rst_indx $rst_indx]
set all_inputs_wo_clk_rst $all_inputs_wo_clk
# correct resetn
set_input_delay $input_delay_value  -clock [get_clocks $::env(CLOCK_PORT)] $all_inputs_wo_clk_rst
#set_input_delay 0.0 -clock [get_clocks $::env(CLOCK_PORT)] {resetn}
set_output_delay $output_delay_value  -clock [get_clocks $::env(CLOCK_PORT)] [all_outputs]
# TODO set this as parameter
set_driving_cell -lib_cell $::env(SYNTH_DRIVING_CELL) -pin $::env(SYNTH_DRIVING_CELL_PIN) [all_inputs]
set cap_load [expr $::env(SYNTH_CAP_LOAD) / 1000.0]
puts "\[INFO\]: Setting load to: $cap_load"
[INFO]: Setting load to: 0.01765
set_load  $cap_load [all_outputs]
[WARNING GRT-0009] missing route to pin _28289_/A1
[WARNING GRT-0009] missing route to pin _28292_/S
[WARNING GRT-0009] missing route to pin _28290_/S
[WARNING GRT-0009] missing route to pin _28288_/S
[WARNING GRT-0009] missing route to pin _28303_/S
[WARNING GRT-0009] missing route to pin _28731_/RESET_B
[WARNING GRT-0009] missing route to pin _28353_/RESET_B
[WARNING GRT-0009] missing route to pin _28642_/RESET_B
[WARNING GRT-0009] missing route to pin _28427_/RESET_B
[WARNING GRT-0009] missing route to pin _28622_/RESET_B
[WARNING GRT-0009] missing route to pin _28379_/RESET_B
[WARNING GRT-0009] missing route to pin _28351_/RESET_B
[WARNING GRT-0009] missing route to pin _28455_/RESET_B
[WARNING GRT-0009] missing route to pin _28423_/RESET_B
[WARNING GRT-0009] missing route to pin _28681_/RESET_B
[WARNING GRT-0009] missing route to pin _28554_/RESET_B
[WARNING GRT-0009] missing route to pin _28831_/RESET_B
[WARNING GRT-0009] missing route to pin _28714_/RESET_B
[WARNING GRT-0009] missing route to pin _28631_/RESET_B
[WARNING GRT-0009] missing route to pin _28629_/RESET_B
[WARNING GRT-0009] missing route to pin _28697_/RESET_B
[WARNING GRT-0009] missing route to pin _28337_/RESET_B
No paths found.
Startpoint: rst_n (input port clocked by clk)
Endpoint: _28659_ (removal check against rising-edge clock clk)
Path Group: **async_default**
Path Type: min

Fanout     Cap    Slew   Delay    Time   Description
-----------------------------------------------------------------------------
                  0.00    0.00    0.00   clock clk (rise edge)
                          0.00    0.00   clock network delay (ideal)
                          4.00    4.00 ^ input external delay
                  0.01    0.00    4.00 ^ rst_n (in)
     1    0.00                           rst_n (net)
                  0.01    0.00    4.00 ^ input1/A (sky130_fd_sc_hd__buf_2)
                  0.12    0.12    4.12 ^ input1/X (sky130_fd_sc_hd__buf_2)
     6    0.03                           net1 (net)
                  0.12    0.01    4.13 ^ _28659_/RESET_B (sky130_fd_sc_hd__dfrtp_2)
                                  4.13   data arrival time

                  0.00    0.00    0.00   clock clk (rise edge)
                          0.00    0.00   clock network delay (ideal)
                          0.00    0.00   clock reconvergence pessimism
                                  0.00 ^ _28659_/CLK (sky130_fd_sc_hd__dfrtp_2)
                          0.24    0.24   library removal time
                                  0.24   data required time
-----------------------------------------------------------------------------
                                  0.24   data required time
                                 -4.13   data arrival time
-----------------------------------------------------------------------------
                                  3.89   slack (MET)


Startpoint: _28857_ (rising edge-triggered flip-flop clocked by clk)
Endpoint: _26920_ (rising clock gating-check end-point clocked by clk)
Path Group: **clock_gating_default**
Path Type: min

Fanout     Cap    Slew   Delay    Time   Description
-----------------------------------------------------------------------------
                  0.00    0.00    0.00   clock clk (rise edge)
                          0.00    0.00   clock network delay (ideal)
                  0.00    0.00    0.00 ^ _28857_/CLK (sky130_fd_sc_hd__dfrtp_1)
                  0.04    0.21    0.21 ^ _28857_/Q (sky130_fd_sc_hd__dfrtp_1)
     2    0.00                           u_fsm.clk_gate (net)
                  0.04    0.00    0.21 ^ _26920_/A (sky130_fd_sc_hd__and2_2)
                                  0.21   data arrival time

                  0.00   10.00   10.00   clock clk (fall edge)
                          0.00   10.00   clock network delay (ideal)
                          0.00   10.00   clock reconvergence pessimism
                                 10.00 v _26920_/B (sky130_fd_sc_hd__and2_2)
                          0.00   10.00   clock gating hold time
                                 10.00   data required time
-----------------------------------------------------------------------------
                                 10.00   data required time
                                 -0.21   data arrival time
-----------------------------------------------------------------------------
                                 -9.79   slack (VIOLATED)


Startpoint: _28823_ (rising edge-triggered flip-flop clocked by clk)
Endpoint: _28823_ (rising edge-triggered flip-flop clocked by clk)
Path Group: clk
Path Type: min

Fanout     Cap    Slew   Delay    Time   Description
-----------------------------------------------------------------------------
                  0.00    0.00    0.00   clock clk (rise edge)
                          0.00    0.00   clock network delay (ideal)
                  0.00    0.00    0.00 ^ _28823_/CLK (sky130_fd_sc_hd__dfrtp_1)
                  0.06    0.22    0.22 ^ _28823_/Q (sky130_fd_sc_hd__dfrtp_1)
     2    0.01                           u_fsm.stage[1] (net)
                  0.06    0.00    0.23 ^ _25441_/B1 (sky130_fd_sc_hd__o22a_1)
                  0.03    0.07    0.30 ^ _25441_/X (sky130_fd_sc_hd__o22a_1)
     1    0.00                           _01700_ (net)
                  0.03    0.00    0.30 ^ _28823_/D (sky130_fd_sc_hd__dfrtp_1)
                                  0.30   data arrival time

                  0.00    0.00    0.00   clock clk (rise edge)
                          0.00    0.00   clock network delay (ideal)
                          0.00    0.00   clock reconvergence pessimism
                                  0.00 ^ _28823_/CLK (sky130_fd_sc_hd__dfrtp_1)
                         -0.02   -0.02   library hold time
                                 -0.02   data required time
-----------------------------------------------------------------------------
                                 -0.02   data required time
                                 -0.30   data arrival time
-----------------------------------------------------------------------------
                                  0.31   slack (MET)


Startpoint: rst_n (input port clocked by clk)
Endpoint: _28380_ (recovery check against rising-edge clock clk)
Path Group: **async_default**
Path Type: max

Fanout     Cap    Slew   Delay    Time   Description
-----------------------------------------------------------------------------
                  0.00    0.00    0.00   clock clk (rise edge)
                          0.00    0.00   clock network delay (ideal)
                          4.00    4.00 ^ input external delay
                  0.03    0.01    4.01 ^ rst_n (in)
     1    0.00                           rst_n (net)
                  0.03    0.00    4.01 ^ input1/A (sky130_fd_sc_hd__buf_2)
                  0.25    0.30    4.31 ^ input1/X (sky130_fd_sc_hd__buf_2)
     6    0.03                           net1 (net)
                  0.25    0.01    4.32 ^ repeater676/A (sky130_fd_sc_hd__buf_8)
                  0.21    0.35    4.67 ^ repeater676/X (sky130_fd_sc_hd__buf_8)
    19    0.08                           net676 (net)
                  0.22    0.03    4.69 ^ repeater675/A (sky130_fd_sc_hd__clkbuf_8)
                  0.22    0.39    5.08 ^ repeater675/X (sky130_fd_sc_hd__clkbuf_8)
    17    0.07                           net675 (net)
                  0.23    0.03    5.11 ^ repeater674/A (sky130_fd_sc_hd__buf_6)
                  0.23    0.36    5.47 ^ repeater674/X (sky130_fd_sc_hd__buf_6)
    14    0.07                           net674 (net)
                  0.23    0.02    5.49 ^ repeater673/A (sky130_fd_sc_hd__buf_8)
                  0.21    0.35    5.84 ^ repeater673/X (sky130_fd_sc_hd__buf_8)
    17    0.08                           net673 (net)
                  0.22    0.02    5.86 ^ repeater672/A (sky130_fd_sc_hd__buf_8)
                  0.22    0.36    6.22 ^ repeater672/X (sky130_fd_sc_hd__buf_8)
    19    0.09                           net672 (net)
                  0.22    0.00    6.22 ^ repeater670/A (sky130_fd_sc_hd__buf_6)
                  0.23    0.35    6.57 ^ repeater670/X (sky130_fd_sc_hd__buf_6)
    14    0.07                           net670 (net)
                  0.24    0.03    6.60 ^ repeater669/A (sky130_fd_sc_hd__buf_8)
                  0.22    0.34    6.94 ^ repeater669/X (sky130_fd_sc_hd__buf_8)
    17    0.08                           net669 (net)
                  0.22    0.03    6.97 ^ repeater665/A (sky130_fd_sc_hd__buf_8)
                  0.22    0.34    7.31 ^ repeater665/X (sky130_fd_sc_hd__buf_8)
    18    0.08                           net665 (net)
                  0.23    0.03    7.33 ^ repeater664/A (sky130_fd_sc_hd__buf_6)
                  0.22    0.35    7.69 ^ repeater664/X (sky130_fd_sc_hd__buf_6)
    14    0.07                           net664 (net)
                  0.22    0.02    7.70 ^ repeater662/A (sky130_fd_sc_hd__buf_6)
                  0.21    0.35    8.05 ^ repeater662/X (sky130_fd_sc_hd__buf_6)
    13    0.06                           net662 (net)
                  0.21    0.02    8.06 ^ repeater661/A (sky130_fd_sc_hd__buf_8)
                  0.22    0.32    8.39 ^ repeater661/X (sky130_fd_sc_hd__buf_8)
    17    0.08                           net661 (net)
                  0.23    0.04    8.43 ^ repeater660/A (sky130_fd_sc_hd__buf_8)
                  0.22    0.34    8.77 ^ repeater660/X (sky130_fd_sc_hd__buf_8)
    17    0.08                           net660 (net)
                  0.22    0.03    8.80 ^ repeater659/A (sky130_fd_sc_hd__buf_8)
                  0.22    0.34    9.14 ^ repeater659/X (sky130_fd_sc_hd__buf_8)
    17    0.08                           net659 (net)
                  0.23    0.03    9.17 ^ repeater658/A (sky130_fd_sc_hd__buf_8)
                  0.23    0.35    9.52 ^ repeater658/X (sky130_fd_sc_hd__buf_8)
    17    0.09                           net658 (net)
                  0.23    0.03    9.54 ^ repeater656/A (sky130_fd_sc_hd__buf_8)
                  0.21    0.34    9.89 ^ repeater656/X (sky130_fd_sc_hd__buf_8)
    17    0.08                           net656 (net)
                  0.21    0.01    9.90 ^ repeater655/A (sky130_fd_sc_hd__buf_8)
                  0.22    0.34   10.24 ^ repeater655/X (sky130_fd_sc_hd__buf_8)
    17    0.08                           net655 (net)
                  0.23    0.03   10.26 ^ repeater654/A (sky130_fd_sc_hd__buf_8)
                  0.23    0.34   10.61 ^ repeater654/X (sky130_fd_sc_hd__buf_8)
    17    0.09                           net654 (net)
                  0.23    0.03   10.64 ^ repeater653/A (sky130_fd_sc_hd__buf_8)
                  0.21    0.35   10.99 ^ repeater653/X (sky130_fd_sc_hd__buf_8)
    17    0.08                           net653 (net)
                  0.22    0.02   11.00 ^ repeater652/A (sky130_fd_sc_hd__buf_8)
                  0.22    0.33   11.34 ^ repeater652/X (sky130_fd_sc_hd__buf_8)
    17    0.08                           net652 (net)
                  0.23    0.03   11.37 ^ repeater651/A (sky130_fd_sc_hd__buf_8)
                  0.21    0.34   11.72 ^ repeater651/X (sky130_fd_sc_hd__buf_8)
    17    0.08                           net651 (net)
                  0.21    0.01   11.73 ^ repeater649/A (sky130_fd_sc_hd__buf_6)
                  0.23    0.34   12.06 ^ repeater649/X (sky130_fd_sc_hd__buf_6)
    14    0.07                           net649 (net)
                  0.23    0.03   12.09 ^ repeater648/A (sky130_fd_sc_hd__buf_8)
                  0.23    0.33   12.43 ^ repeater648/X (sky130_fd_sc_hd__buf_8)
    17    0.09                           net648 (net)
                  0.24    0.05   12.47 ^ repeater647/A (sky130_fd_sc_hd__buf_8)
                  0.20    0.35   12.82 ^ repeater647/X (sky130_fd_sc_hd__buf_8)
    19    0.08                           net647 (net)
                  0.21    0.01   12.83 ^ _28380_/RESET_B (sky130_fd_sc_hd__dfrtp_2)
                                 12.83   data arrival time

                  0.00   20.00   20.00   clock clk (rise edge)
                          0.00   20.00   clock network delay (ideal)
                          0.00   20.00   clock reconvergence pessimism
                                 20.00 ^ _28380_/CLK (sky130_fd_sc_hd__dfrtp_2)
                          0.38   20.38   library recovery time
                                 20.38   data required time
-----------------------------------------------------------------------------
                                 20.38   data required time
                                -12.83   data arrival time
-----------------------------------------------------------------------------
                                  7.55   slack (MET)


Startpoint: _28857_ (rising edge-triggered flip-flop clocked by clk)
Endpoint: _26920_ (rising clock gating-check end-point clocked by clk)
Path Group: **clock_gating_default**
Path Type: max

Fanout     Cap    Slew   Delay    Time   Description
-----------------------------------------------------------------------------
                  0.00    0.00    0.00   clock clk (rise edge)
                          0.00    0.00   clock network delay (ideal)
                  0.00    0.00    0.00 ^ _28857_/CLK (sky130_fd_sc_hd__dfrtp_1)
                  0.09    0.78    0.78 v _28857_/Q (sky130_fd_sc_hd__dfrtp_1)
     2    0.00                           u_fsm.clk_gate (net)
                  0.09    0.00    0.78 v _26920_/A (sky130_fd_sc_hd__and2_2)
                                  0.78   data arrival time

                  0.00   20.00   20.00   clock clk (rise edge)
                          0.00   20.00   clock network delay (ideal)
                          0.00   20.00   clock reconvergence pessimism
                                 20.00 ^ _26920_/B (sky130_fd_sc_hd__and2_2)
                          0.00   20.00   clock gating setup time
                                 20.00   data required time
-----------------------------------------------------------------------------
                                 20.00   data required time
                                 -0.78   data arrival time
-----------------------------------------------------------------------------
                                 19.22   slack (MET)


Startpoint: _28803_ (rising edge-triggered flip-flop clocked by clk)
Endpoint: _28818_ (rising edge-triggered flip-flop clocked by clk)
Path Group: clk
Path Type: max

Fanout     Cap    Slew   Delay    Time   Description
-----------------------------------------------------------------------------
                  0.00    0.00    0.00   clock clk (rise edge)
                          0.00    0.00   clock network delay (ideal)
                  0.00    0.00    0.00 ^ _28803_/CLK (sky130_fd_sc_hd__dfrtp_2)
                  0.47    1.03    1.03 ^ _28803_/Q (sky130_fd_sc_hd__dfrtp_2)
     4    0.06                           u_br.addr_in[2] (net)
                  0.48    0.04    1.07 ^ _25368_/A (sky130_fd_sc_hd__inv_2)
                  0.15    0.24    1.31 v _25368_/Y (sky130_fd_sc_hd__inv_2)
     2    0.02                           _04876_ (net)
                  0.15    0.01    1.32 v _25794_/B (sky130_fd_sc_hd__nor2_4)
                  0.27    0.28    1.59 ^ _25794_/Y (sky130_fd_sc_hd__nor2_4)
     4    0.02                           _05082_ (net)
                  0.27    0.01    1.60 ^ _25795_/A (sky130_fd_sc_hd__inv_2)
                  0.10    0.17    1.77 v _25795_/Y (sky130_fd_sc_hd__inv_2)
     4    0.01                           _05083_ (net)
                  0.10    0.00    1.77 v _25845_/A (sky130_fd_sc_hd__clkbuf_2)
                  0.15    0.28    2.05 v _25845_/X (sky130_fd_sc_hd__clkbuf_2)
     5    0.02                           _05101_ (net)
                  0.15    0.00    2.06 v _25846_/B (sky130_fd_sc_hd__nor2_2)
                  0.28    0.29    2.34 ^ _25846_/Y (sky130_fd_sc_hd__nor2_2)
     4    0.01                           _05102_ (net)
                  0.28    0.01    2.35 ^ _26423_/A (sky130_fd_sc_hd__clkbuf_2)
                  0.19    0.37    2.72 ^ _26423_/X (sky130_fd_sc_hd__clkbuf_2)
     5    0.02                           _05361_ (net)
                  0.19    0.00    2.72 ^ _26510_/A (sky130_fd_sc_hd__buf_2)
                  0.22    0.35    3.07 ^ _26510_/X (sky130_fd_sc_hd__buf_2)
     5    0.03                           _05440_ (net)
                  0.22    0.01    3.08 ^ _26511_/A (sky130_fd_sc_hd__clkbuf_4)
                  0.42    0.54    3.63 ^ _26511_/X (sky130_fd_sc_hd__clkbuf_4)
     5    0.09                           _05441_ (net)
                  0.42    0.04    3.67 ^ _26705_/B2 (sky130_fd_sc_hd__a221o_1)
                  0.11    0.42    4.08 ^ _26705_/X (sky130_fd_sc_hd__a221o_1)
     1    0.00                           _05611_ (net)
                  0.11    0.00    4.08 ^ _26706_/B (sky130_fd_sc_hd__nor2_1)
                  0.07    0.10    4.19 v _26706_/Y (sky130_fd_sc_hd__nor2_1)
     1    0.01                           _05612_ (net)
                  0.07    0.00    4.19 v _26718_/A (sky130_fd_sc_hd__and3_1)
                  0.10    0.32    4.51 v _26718_/X (sky130_fd_sc_hd__and3_1)
     1    0.01                           _00602_ (net)
                  0.10    0.00    4.52 v _28280_/A0 (sky130_fd_sc_hd__mux2_4)
                  0.16    0.60    5.12 v _28280_/X (sky130_fd_sc_hd__mux2_4)
     3    0.03                           _00603_ (net)
                  0.16    0.01    5.13 v _14410_/A (sky130_fd_sc_hd__inv_2)
                  0.13    0.17    5.31 ^ _14410_/Y (sky130_fd_sc_hd__inv_2)
     3    0.02                           _06337_ (net)
                  0.13    0.00    5.31 ^ _14411_/A (sky130_fd_sc_hd__clkbuf_4)
                  0.18    0.35    5.66 ^ _14411_/X (sky130_fd_sc_hd__clkbuf_4)
     5    0.03                           _06338_ (net)
                  0.18    0.01    5.67 ^ _14412_/A (sky130_fd_sc_hd__buf_2)
                  0.26    0.38    6.05 ^ _14412_/X (sky130_fd_sc_hd__buf_2)
     5    0.03                           _06339_ (net)
                  0.26    0.01    6.06 ^ _22710_/A (sky130_fd_sc_hd__buf_2)
                  0.35    0.47    6.53 ^ _22710_/X (sky130_fd_sc_hd__buf_2)
     5    0.04                           _02250_ (net)
                  0.35    0.01    6.54 ^ _22711_/B2 (sky130_fd_sc_hd__a22o_2)
                  0.85    0.91    7.46 ^ _22711_/X (sky130_fd_sc_hd__a22o_2)
     2    0.10                           _02251_ (net)
                  0.86    0.08    7.54 ^ _22718_/C (sky130_fd_sc_hd__nand3_4)
                  0.24    0.42    7.96 v _22718_/Y (sky130_fd_sc_hd__nand3_4)
     3    0.02                           _02258_ (net)
                  0.24    0.01    7.97 v _22719_/A1 (sky130_fd_sc_hd__a21bo_2)
                  0.16    0.53    8.49 v _22719_/X (sky130_fd_sc_hd__a21bo_2)
     4    0.03                           _02259_ (net)
                  0.16    0.02    8.51 v _22720_/B1_N (sky130_fd_sc_hd__a21boi_4)
                  0.20    0.34    8.85 v _22720_/Y (sky130_fd_sc_hd__a21boi_4)
     5    0.03                           _02260_ (net)
                  0.20    0.01    8.86 v _22745_/A (sky130_fd_sc_hd__nor2_2)
                  0.28    0.35    9.21 ^ _22745_/Y (sky130_fd_sc_hd__nor2_2)
     2    0.01                           _02285_ (net)
                  0.28    0.00    9.21 ^ _24421_/A (sky130_fd_sc_hd__nor2_1)
                  0.09    0.17    9.38 v _24421_/Y (sky130_fd_sc_hd__nor2_1)
     1    0.00                           _03961_ (net)
                  0.09    0.00    9.38 v _24424_/A2 (sky130_fd_sc_hd__o21ai_1)
                  0.33    0.32    9.71 ^ _24424_/Y (sky130_fd_sc_hd__o21ai_1)
     2    0.01                           _03964_ (net)
                  0.33    0.00    9.71 ^ _24443_/A (sky130_fd_sc_hd__buf_2)
                  0.24    0.43   10.14 ^ _24443_/X (sky130_fd_sc_hd__buf_2)
     5    0.03                           _03983_ (net)
                  0.24    0.00   10.14 ^ _24446_/A2_N (sky130_fd_sc_hd__o2bb2ai_2)
                  0.27    0.29   10.44 ^ _24446_/Y (sky130_fd_sc_hd__o2bb2ai_2)
     1    0.01                           _03986_ (net)
                  0.28    0.01   10.44 ^ _24449_/A (sky130_fd_sc_hd__nand3_4)
                  0.23    0.28   10.72 v _24449_/Y (sky130_fd_sc_hd__nand3_4)
     5    0.03                           _03989_ (net)
                  0.23    0.02   10.74 v _24508_/A1_N (sky130_fd_sc_hd__o2bb2ai_1)
                  0.19    0.38   11.12 v _24508_/Y (sky130_fd_sc_hd__o2bb2ai_1)
     2    0.01                           _04048_ (net)
                  0.19    0.00   11.13 v _24515_/A (sky130_fd_sc_hd__nand2_1)
                  0.15    0.21   11.33 ^ _24515_/Y (sky130_fd_sc_hd__nand2_1)
     2    0.01                           _04055_ (net)
                  0.15    0.00   11.33 ^ _24662_/A (sky130_fd_sc_hd__nand2_1)
                  0.14    0.16   11.49 v _24662_/Y (sky130_fd_sc_hd__nand2_1)
     1    0.01                           _04202_ (net)
                  0.14    0.00   11.50 v _24663_/A (sky130_fd_sc_hd__nand2_2)
                  0.18    0.20   11.70 ^ _24663_/Y (sky130_fd_sc_hd__nand2_2)
     3    0.02                           _04203_ (net)
                  0.18    0.00   11.70 ^ _24665_/A (sky130_fd_sc_hd__nand3_1)
                  0.21    0.24   11.94 v _24665_/Y (sky130_fd_sc_hd__nand3_1)
     2    0.01                           _04205_ (net)
                  0.21    0.00   11.94 v _24666_/A (sky130_fd_sc_hd__buf_2)
                  0.15    0.39   12.33 v _24666_/X (sky130_fd_sc_hd__buf_2)
     5    0.03                           _04206_ (net)
                  0.15    0.01   12.34 v _24697_/B2 (sky130_fd_sc_hd__a22oi_4)
                  0.24    0.30   12.65 ^ _24697_/Y (sky130_fd_sc_hd__a22oi_4)
     2    0.01                           _04237_ (net)
                  0.24    0.00   12.65 ^ _24701_/A1 (sky130_fd_sc_hd__o21bai_1)
                  0.17    0.27   12.92 v _24701_/Y (sky130_fd_sc_hd__o21bai_1)
     2    0.01                           _04241_ (net)
                  0.17    0.00   12.92 v _24702_/A (sky130_fd_sc_hd__buf_2)
                  0.13    0.36   13.28 v _24702_/X (sky130_fd_sc_hd__buf_2)
     5    0.03                           _04242_ (net)
                  0.13    0.01   13.29 v _24714_/A1 (sky130_fd_sc_hd__a21o_1)
                  0.12    0.37   13.66 v _24714_/X (sky130_fd_sc_hd__a21o_1)
     1    0.01                           _04254_ (net)
                  0.12    0.01   13.66 v _24716_/A (sky130_fd_sc_hd__nand3_4)
                  0.26    0.22   13.88 ^ _24716_/Y (sky130_fd_sc_hd__nand3_4)
     3    0.04                           _04256_ (net)
                  0.26    0.01   13.89 ^ _24720_/C1 (sky130_fd_sc_hd__o2111ai_4)
                  0.50    0.53   14.42 v _24720_/Y (sky130_fd_sc_hd__o2111ai_4)
     3    0.04                           _04260_ (net)
                  0.51    0.04   14.46 v _24721_/B (sky130_fd_sc_hd__nor2_2)
                  0.33    0.45   14.91 ^ _24721_/Y (sky130_fd_sc_hd__nor2_2)
     2    0.02                           _04261_ (net)
                  0.33    0.01   14.92 ^ _24960_/B (sky130_fd_sc_hd__nand2_1)
                  0.22    0.29   15.20 v _24960_/Y (sky130_fd_sc_hd__nand2_1)
     1    0.01                           _04500_ (net)
                  0.22    0.01   15.21 v _24961_/B (sky130_fd_sc_hd__nand3b_4)
                  0.16    0.24   15.45 ^ _24961_/Y (sky130_fd_sc_hd__nand3b_4)
     4    0.02                           _04501_ (net)
                  0.16    0.01   15.46 ^ _24962_/A2 (sky130_fd_sc_hd__a21oi_4)
                  0.11    0.17   15.63 v _24962_/Y (sky130_fd_sc_hd__a21oi_4)
     3    0.02                           _04502_ (net)
                  0.11    0.01   15.64 v _25038_/B1 (sky130_fd_sc_hd__a21oi_1)
                  0.30    0.31   15.94 ^ _25038_/Y (sky130_fd_sc_hd__a21oi_1)
     2    0.01                           _04578_ (net)
                  0.30    0.00   15.95 ^ _25151_/A (sky130_fd_sc_hd__buf_1)
                  0.30    0.40   16.34 ^ _25151_/X (sky130_fd_sc_hd__buf_1)
     5    0.02                           _04683_ (net)
                  0.30    0.01   16.35 ^ _25464_/C1 (sky130_fd_sc_hd__o211a_1)
                  0.22    0.48   16.83 ^ _25464_/X (sky130_fd_sc_hd__o211a_1)
     2    0.01                           _04935_ (net)
                  0.22    0.01   16.84 ^ _25466_/B1 (sky130_fd_sc_hd__o211ai_4)
                  0.17    0.25   17.10 v _25466_/Y (sky130_fd_sc_hd__o211ai_4)
     3    0.02                           _04937_ (net)
                  0.17    0.01   17.10 v _25473_/A1 (sky130_fd_sc_hd__a21oi_4)
                  0.27    0.33   17.43 ^ _25473_/Y (sky130_fd_sc_hd__a21oi_4)
     3    0.02                           _04944_ (net)
                  0.27    0.01   17.44 ^ _25475_/B1 (sky130_fd_sc_hd__a22oi_4)
                  0.14    0.19   17.63 v _25475_/Y (sky130_fd_sc_hd__a22oi_4)
     3    0.02                           _04946_ (net)
                  0.14    0.00   17.64 v _25488_/B (sky130_fd_sc_hd__or2_1)
                  0.14    0.55   18.18 v _25488_/X (sky130_fd_sc_hd__or2_1)
     3    0.01                           _04957_ (net)
                  0.14    0.00   18.18 v _25490_/A1 (sky130_fd_sc_hd__a31o_1)
                  0.08    0.37   18.55 v _25490_/X (sky130_fd_sc_hd__a31o_1)
     1    0.00                           _04959_ (net)
                  0.08    0.00   18.55 v _25491_/B2 (sky130_fd_sc_hd__o2bb2ai_1)
                  0.21    0.24   18.79 ^ _25491_/Y (sky130_fd_sc_hd__o2bb2ai_1)
     1    0.00                           _01695_ (net)
                  0.21    0.00   18.79 ^ _28818_/D (sky130_fd_sc_hd__dfrtp_2)
                                 18.79   data arrival time

                  0.00   20.00   20.00   clock clk (rise edge)
                          0.00   20.00   clock network delay (ideal)
                          0.00   20.00   clock reconvergence pessimism
                                 20.00 ^ _28818_/CLK (sky130_fd_sc_hd__dfrtp_2)
                         -0.04   19.96   library setup time
                                 19.96   data required time
-----------------------------------------------------------------------------
                                 19.96   data required time
                                -18.79   data arrival time
-----------------------------------------------------------------------------
                                  1.17   slack (MET)


No paths found.
wns 0.00
tns 0.00
