
 /----------------------------------------------------------------------------\
 |                                                                            |
 |  yosys -- Yosys Open SYnthesis Suite                                       |
 |                                                                            |
 |  Copyright (C) 2012 - 2020  Claire Wolf <claire@symbioticeda.com>          |
 |                                                                            |
 |  Permission to use, copy, modify, and/or distribute this software for any  |
 |  purpose with or without fee is hereby granted, provided that the above    |
 |  copyright notice and this permission notice appear in all copies.         |
 |                                                                            |
 |  THE SOFTWARE IS PROVIDED "AS IS" AND THE AUTHOR DISCLAIMS ALL WARRANTIES  |
 |  WITH REGARD TO THIS SOFTWARE INCLUDING ALL IMPLIED WARRANTIES OF          |
 |  MERCHANTABILITY AND FITNESS. IN NO EVENT SHALL THE AUTHOR BE LIABLE FOR   |
 |  ANY SPECIAL, DIRECT, INDIRECT, OR CONSEQUENTIAL DAMAGES OR ANY DAMAGES    |
 |  WHATSOEVER RESULTING FROM LOSS OF USE, DATA OR PROFITS, WHETHER IN AN     |
 |  ACTION OF CONTRACT, NEGLIGENCE OR OTHER TORTIOUS ACTION, ARISING OUT OF   |
 |  OR IN CONNECTION WITH THE USE OR PERFORMANCE OF THIS SOFTWARE.            |
 |                                                                            |
 \----------------------------------------------------------------------------/

 Yosys 0.9+3621 (git sha1 84e9fa7, gcc 8.3.1 -fPIC -Os)

[TCL: yosys -import] Command name collision: found pre-existing command `cd' -> skip.
[TCL: yosys -import] Command name collision: found pre-existing command `eval' -> skip.
[TCL: yosys -import] Command name collision: found pre-existing command `exec' -> skip.
[TCL: yosys -import] Command name collision: found pre-existing command `read' -> skip.
[TCL: yosys -import] Command name collision: found pre-existing command `trace' -> skip.

1. Executing Verilog-2005 frontend: /openLANE_flow/designs/fft_project/radix2/src/fft16_r2.v
Parsing SystemVerilog input from `/openLANE_flow/designs/fft_project/radix2/src/fft16_r2.v' to AST representation.
Generating RTLIL representation for module `\fft16_r2'.
Warning: Replacing memory \mem_imag with list of registers. See /openLANE_flow/designs/fft_project/radix2/src/fft16_r2.v:97
Warning: Replacing memory \mem_real with list of registers. See /openLANE_flow/designs/fft_project/radix2/src/fft16_r2.v:96
Successfully finished Verilog frontend.

2. Executing Verilog-2005 frontend: /openLANE_flow/designs/fft_project/radix2/src/butterfly_r2.v
Parsing SystemVerilog input from `/openLANE_flow/designs/fft_project/radix2/src/butterfly_r2.v' to AST representation.
Generating RTLIL representation for module `\butterfly_r2'.
Successfully finished Verilog frontend.

3. Executing Verilog-2005 frontend: /openLANE_flow/designs/fft_project/radix2/src/twiddle_rom_r2.v
Parsing SystemVerilog input from `/openLANE_flow/designs/fft_project/radix2/src/twiddle_rom_r2.v' to AST representation.
Generating RTLIL representation for module `\twiddle_rom_r2'.
Successfully finished Verilog frontend.

4. Executing Verilog-2005 frontend: /openLANE_flow/designs/fft_project/radix2/src/bit_reversal_r2.v
Parsing SystemVerilog input from `/openLANE_flow/designs/fft_project/radix2/src/bit_reversal_r2.v' to AST representation.
Generating RTLIL representation for module `\bit_reversal_r2'.
Successfully finished Verilog frontend.

5. Executing Verilog-2005 frontend: /openLANE_flow/designs/fft_project/radix2/src/control_fsm_r2.v
Parsing SystemVerilog input from `/openLANE_flow/designs/fft_project/radix2/src/control_fsm_r2.v' to AST representation.
Generating RTLIL representation for module `\control_fsm_r2'.
Successfully finished Verilog frontend.

6. Executing Verilog-2005 frontend: /openLANE_flow/designs/fft_project/radix2/src/pipeline_regs_r2.v
Parsing SystemVerilog input from `/openLANE_flow/designs/fft_project/radix2/src/pipeline_regs_r2.v' to AST representation.
Generating RTLIL representation for module `\pipeline_regs_r2'.
Successfully finished Verilog frontend.

7. Generating Graphviz representation of design.
Writing dot description to `/openLANE_flow/designs/fft_project/radix2/runs/final_run/tmp/synthesis/hierarchy.dot'.
Dumping module fft16_r2 to page 1.

8. Executing HIERARCHY pass (managing design hierarchy).

8.1. Analyzing design hierarchy..
Top module:  \fft16_r2
Used module:     \butterfly_r2
Used module:     \twiddle_rom_r2
Used module:     \bit_reversal_r2
Used module:     \control_fsm_r2

8.2. Analyzing design hierarchy..
Top module:  \fft16_r2
Used module:     \butterfly_r2
Used module:     \twiddle_rom_r2
Used module:     \bit_reversal_r2
Used module:     \control_fsm_r2
Removing unused module `\pipeline_regs_r2'.
Removed 1 unused modules.

9. Executing TRIBUF pass.

10. Executing SYNTH pass.

10.1. Executing HIERARCHY pass (managing design hierarchy).

10.1.1. Analyzing design hierarchy..
Top module:  \fft16_r2
Used module:     \butterfly_r2
Used module:     \twiddle_rom_r2
Used module:     \bit_reversal_r2
Used module:     \control_fsm_r2

10.1.2. Analyzing design hierarchy..
Top module:  \fft16_r2
Used module:     \butterfly_r2
Used module:     \twiddle_rom_r2
Used module:     \bit_reversal_r2
Used module:     \control_fsm_r2
Removed 0 unused modules.

10.2. Executing PROC pass (convert processes to netlists).

10.2.1. Executing PROC_CLEAN pass (remove empty switches from decision trees).
Cleaned up 0 empty switches.

10.2.2. Executing PROC_RMDEAD pass (remove dead branches from decision trees).
Removed 1 dead cases from process $proc$/openLANE_flow/designs/fft_project/radix2/src/control_fsm_r2.v:30$104 in module control_fsm_r2.
Marked 2 switch rules as full_case in process $proc$/openLANE_flow/designs/fft_project/radix2/src/control_fsm_r2.v:30$104 in module control_fsm_r2.
Removed 1 dead cases from process $proc$/openLANE_flow/designs/fft_project/radix2/src/bit_reversal_r2.v:17$103 in module bit_reversal_r2.
Marked 1 switch rules as full_case in process $proc$/openLANE_flow/designs/fft_project/radix2/src/bit_reversal_r2.v:17$103 in module bit_reversal_r2.
Removed 1 dead cases from process $proc$/openLANE_flow/designs/fft_project/radix2/src/twiddle_rom_r2.v:19$102 in module twiddle_rom_r2.
Marked 1 switch rules as full_case in process $proc$/openLANE_flow/designs/fft_project/radix2/src/twiddle_rom_r2.v:19$102 in module twiddle_rom_r2.
Marked 2 switch rules as full_case in process $proc$/openLANE_flow/designs/fft_project/radix2/src/butterfly_r2.v:56$96 in module butterfly_r2.
Removed 1 dead cases from process $proc$/openLANE_flow/designs/fft_project/radix2/src/fft16_r2.v:0$86 in module fft16_r2.
Marked 1 switch rules as full_case in process $proc$/openLANE_flow/designs/fft_project/radix2/src/fft16_r2.v:0$86 in module fft16_r2.
Removed 1 dead cases from process $proc$/openLANE_flow/designs/fft_project/radix2/src/fft16_r2.v:0$82 in module fft16_r2.
Marked 1 switch rules as full_case in process $proc$/openLANE_flow/designs/fft_project/radix2/src/fft16_r2.v:0$82 in module fft16_r2.
Removed 1 dead cases from process $proc$/openLANE_flow/designs/fft_project/radix2/src/fft16_r2.v:0$79 in module fft16_r2.
Marked 1 switch rules as full_case in process $proc$/openLANE_flow/designs/fft_project/radix2/src/fft16_r2.v:0$79 in module fft16_r2.
Removed 1 dead cases from process $proc$/openLANE_flow/designs/fft_project/radix2/src/fft16_r2.v:0$76 in module fft16_r2.
Marked 1 switch rules as full_case in process $proc$/openLANE_flow/designs/fft_project/radix2/src/fft16_r2.v:0$76 in module fft16_r2.
Marked 9 switch rules as full_case in process $proc$/openLANE_flow/designs/fft_project/radix2/src/fft16_r2.v:93$28 in module fft16_r2.
Removed a total of 7 dead cases.

10.2.3. Executing PROC_PRUNE pass (remove redundant assignments in processes).
Removed 3 redundant assignments.
Promoted 20 assignments to connections.

10.2.4. Executing PROC_INIT pass (extract init attributes).

10.2.5. Executing PROC_ARST pass (detect async resets in processes).
Found async reset \rst_n in `\control_fsm_r2.$proc$/openLANE_flow/designs/fft_project/radix2/src/control_fsm_r2.v:30$104'.
Found async reset \rst_n in `\butterfly_r2.$proc$/openLANE_flow/designs/fft_project/radix2/src/butterfly_r2.v:56$96'.
Found async reset \rst_n in `\fft16_r2.$proc$/openLANE_flow/designs/fft_project/radix2/src/fft16_r2.v:93$28'.

10.2.6. Executing PROC_MUX pass (convert decision trees to multiplexers).
Creating decoders for process `\control_fsm_r2.$proc$/openLANE_flow/designs/fft_project/radix2/src/control_fsm_r2.v:30$104'.
     1/9: $0\count[4:0]
     2/9: $0\compute_en[0:0]
     3/9: $0\state[1:0]
     4/9: $0\clk_gate[0:0]
     5/9: $0\load_en[0:0]
     6/9: $0\twiddle_addr[2:0]
     7/9: $0\stage[1:0]
     8/9: $0\sample_addr[3:0]
     9/9: $0\valid_out[0:0]
Creating decoders for process `\bit_reversal_r2.$proc$/openLANE_flow/designs/fft_project/radix2/src/bit_reversal_r2.v:17$103'.
     1/1: $1\addr_out[3:0]
Creating decoders for process `\twiddle_rom_r2.$proc$/openLANE_flow/designs/fft_project/radix2/src/twiddle_rom_r2.v:19$102'.
     1/2: $1\w_imag[15:0]
     2/2: $1\w_real[15:0]
Creating decoders for process `\butterfly_r2.$proc$/openLANE_flow/designs/fft_project/radix2/src/butterfly_r2.v:56$96'.
     1/5: $0\valid_out[0:0]
     2/5: $0\q_imag[15:0]
     3/5: $0\q_real[15:0]
     4/5: $0\p_imag[15:0]
     5/5: $0\p_real[15:0]
Creating decoders for process `\fft16_r2.$proc$/openLANE_flow/designs/fft_project/radix2/src/fft16_r2.v:0$86'.
     1/1: $1$mem2reg_rd$\mem_imag$/openLANE_flow/designs/fft_project/radix2/src/fft16_r2.v:81$20_DATA[15:0]$88
Creating decoders for process `\fft16_r2.$proc$/openLANE_flow/designs/fft_project/radix2/src/fft16_r2.v:0$82'.
     1/1: $1$mem2reg_rd$\mem_real$/openLANE_flow/designs/fft_project/radix2/src/fft16_r2.v:80$19_DATA[15:0]$84
Creating decoders for process `\fft16_r2.$proc$/openLANE_flow/designs/fft_project/radix2/src/fft16_r2.v:0$79'.
     1/1: $1$mem2reg_rd$\mem_imag$/openLANE_flow/designs/fft_project/radix2/src/fft16_r2.v:79$18_DATA[15:0]$81
Creating decoders for process `\fft16_r2.$proc$/openLANE_flow/designs/fft_project/radix2/src/fft16_r2.v:0$76'.
     1/1: $1$mem2reg_rd$\mem_real$/openLANE_flow/designs/fft_project/radix2/src/fft16_r2.v:78$17_DATA[15:0]$78
Creating decoders for process `\fft16_r2.$proc$/openLANE_flow/designs/fft_project/radix2/src/fft16_r2.v:93$28'.
     1/65: $3$mem2reg_wr$\mem_imag$/openLANE_flow/designs/fft_project/radix2/src/fft16_r2.v:108$26_ADDR[3:0]$72
     2/65: $3$mem2reg_wr$\mem_imag$/openLANE_flow/designs/fft_project/radix2/src/fft16_r2.v:108$26_DATA[15:0]$73
     3/65: $3$mem2reg_wr$\mem_real$/openLANE_flow/designs/fft_project/radix2/src/fft16_r2.v:107$25_ADDR[3:0]$70
     4/65: $3$mem2reg_wr$\mem_real$/openLANE_flow/designs/fft_project/radix2/src/fft16_r2.v:107$25_DATA[15:0]$71
     5/65: $3$mem2reg_wr$\mem_imag$/openLANE_flow/designs/fft_project/radix2/src/fft16_r2.v:106$24_ADDR[3:0]$68
     6/65: $3$mem2reg_wr$\mem_imag$/openLANE_flow/designs/fft_project/radix2/src/fft16_r2.v:106$24_DATA[15:0]$69
     7/65: $3$mem2reg_wr$\mem_real$/openLANE_flow/designs/fft_project/radix2/src/fft16_r2.v:105$23_ADDR[3:0]$66
     8/65: $3$mem2reg_wr$\mem_real$/openLANE_flow/designs/fft_project/radix2/src/fft16_r2.v:105$23_DATA[15:0]$67
     9/65: $2$mem2reg_wr$\mem_imag$/openLANE_flow/designs/fft_project/radix2/src/fft16_r2.v:102$22_ADDR[3:0]$56
    10/65: $2$mem2reg_wr$\mem_imag$/openLANE_flow/designs/fft_project/radix2/src/fft16_r2.v:102$22_DATA[15:0]$57
    11/65: $2$mem2reg_wr$\mem_real$/openLANE_flow/designs/fft_project/radix2/src/fft16_r2.v:101$21_ADDR[3:0]$54
    12/65: $2$mem2reg_wr$\mem_real$/openLANE_flow/designs/fft_project/radix2/src/fft16_r2.v:101$21_DATA[15:0]$55
    13/65: $2$mem2reg_wr$\mem_imag$/openLANE_flow/designs/fft_project/radix2/src/fft16_r2.v:108$26_DATA[15:0]$65
    14/65: $2$mem2reg_wr$\mem_imag$/openLANE_flow/designs/fft_project/radix2/src/fft16_r2.v:108$26_ADDR[3:0]$64
    15/65: $2$mem2reg_wr$\mem_real$/openLANE_flow/designs/fft_project/radix2/src/fft16_r2.v:107$25_DATA[15:0]$63
    16/65: $2$mem2reg_wr$\mem_real$/openLANE_flow/designs/fft_project/radix2/src/fft16_r2.v:107$25_ADDR[3:0]$62
    17/65: $2$mem2reg_wr$\mem_imag$/openLANE_flow/designs/fft_project/radix2/src/fft16_r2.v:106$24_DATA[15:0]$61
    18/65: $2$mem2reg_wr$\mem_imag$/openLANE_flow/designs/fft_project/radix2/src/fft16_r2.v:106$24_ADDR[3:0]$60
    19/65: $2$mem2reg_wr$\mem_real$/openLANE_flow/designs/fft_project/radix2/src/fft16_r2.v:105$23_DATA[15:0]$59
    20/65: $2$mem2reg_wr$\mem_real$/openLANE_flow/designs/fft_project/radix2/src/fft16_r2.v:105$23_ADDR[3:0]$58
    21/65: $1$mem2reg_wr$\mem_imag$/openLANE_flow/designs/fft_project/radix2/src/fft16_r2.v:108$26_DATA[15:0]$53
    22/65: $1$mem2reg_wr$\mem_imag$/openLANE_flow/designs/fft_project/radix2/src/fft16_r2.v:108$26_ADDR[3:0]$52
    23/65: $1$mem2reg_wr$\mem_real$/openLANE_flow/designs/fft_project/radix2/src/fft16_r2.v:107$25_DATA[15:0]$51
    24/65: $1$mem2reg_wr$\mem_real$/openLANE_flow/designs/fft_project/radix2/src/fft16_r2.v:107$25_ADDR[3:0]$50
    25/65: $1$mem2reg_wr$\mem_imag$/openLANE_flow/designs/fft_project/radix2/src/fft16_r2.v:106$24_DATA[15:0]$49
    26/65: $1$mem2reg_wr$\mem_imag$/openLANE_flow/designs/fft_project/radix2/src/fft16_r2.v:106$24_ADDR[3:0]$48
    27/65: $1$mem2reg_wr$\mem_real$/openLANE_flow/designs/fft_project/radix2/src/fft16_r2.v:105$23_DATA[15:0]$47
    28/65: $1$mem2reg_wr$\mem_real$/openLANE_flow/designs/fft_project/radix2/src/fft16_r2.v:105$23_ADDR[3:0]$46
    29/65: $1$mem2reg_wr$\mem_imag$/openLANE_flow/designs/fft_project/radix2/src/fft16_r2.v:102$22_DATA[15:0]$45
    30/65: $1$mem2reg_wr$\mem_imag$/openLANE_flow/designs/fft_project/radix2/src/fft16_r2.v:102$22_ADDR[3:0]$44
    31/65: $1$mem2reg_wr$\mem_real$/openLANE_flow/designs/fft_project/radix2/src/fft16_r2.v:101$21_DATA[15:0]$43
    32/65: $1$mem2reg_wr$\mem_real$/openLANE_flow/designs/fft_project/radix2/src/fft16_r2.v:101$21_ADDR[3:0]$42
    33/65: $1\i[31:0]
    34/65: $0\mem_imag[15][15:0]
    35/65: $0\mem_imag[14][15:0]
    36/65: $0\mem_imag[13][15:0]
    37/65: $0\mem_imag[12][15:0]
    38/65: $0\mem_imag[11][15:0]
    39/65: $0\mem_imag[10][15:0]
    40/65: $0\mem_imag[9][15:0]
    41/65: $0\mem_imag[8][15:0]
    42/65: $0\mem_imag[7][15:0]
    43/65: $0\mem_imag[6][15:0]
    44/65: $0\mem_imag[5][15:0]
    45/65: $0\mem_imag[4][15:0]
    46/65: $0\mem_imag[3][15:0]
    47/65: $0\mem_imag[2][15:0]
    48/65: $0\mem_imag[1][15:0]
    49/65: $0\mem_imag[0][15:0]
    50/65: $0\mem_real[15][15:0]
    51/65: $0\mem_real[14][15:0]
    52/65: $0\mem_real[13][15:0]
    53/65: $0\mem_real[12][15:0]
    54/65: $0\mem_real[11][15:0]
    55/65: $0\mem_real[10][15:0]
    56/65: $0\mem_real[9][15:0]
    57/65: $0\mem_real[8][15:0]
    58/65: $0\mem_real[7][15:0]
    59/65: $0\mem_real[6][15:0]
    60/65: $0\mem_real[5][15:0]
    61/65: $0\mem_real[4][15:0]
    62/65: $0\mem_real[3][15:0]
    63/65: $0\mem_real[2][15:0]
    64/65: $0\mem_real[1][15:0]
    65/65: $0\mem_real[0][15:0]

10.2.7. Executing PROC_DLATCH pass (convert process syncs to latches).
No latch inferred for signal `\bit_reversal_r2.\addr_out' from process `\bit_reversal_r2.$proc$/openLANE_flow/designs/fft_project/radix2/src/bit_reversal_r2.v:17$103'.
No latch inferred for signal `\twiddle_rom_r2.\w_real' from process `\twiddle_rom_r2.$proc$/openLANE_flow/designs/fft_project/radix2/src/twiddle_rom_r2.v:19$102'.
No latch inferred for signal `\twiddle_rom_r2.\w_imag' from process `\twiddle_rom_r2.$proc$/openLANE_flow/designs/fft_project/radix2/src/twiddle_rom_r2.v:19$102'.
No latch inferred for signal `\fft16_r2.$mem2reg_rd$\mem_imag$/openLANE_flow/designs/fft_project/radix2/src/fft16_r2.v:81$20_DATA' from process `\fft16_r2.$proc$/openLANE_flow/designs/fft_project/radix2/src/fft16_r2.v:0$86'.
No latch inferred for signal `\fft16_r2.$mem2reg_rd$\mem_real$/openLANE_flow/designs/fft_project/radix2/src/fft16_r2.v:80$19_DATA' from process `\fft16_r2.$proc$/openLANE_flow/designs/fft_project/radix2/src/fft16_r2.v:0$82'.
No latch inferred for signal `\fft16_r2.$mem2reg_rd$\mem_imag$/openLANE_flow/designs/fft_project/radix2/src/fft16_r2.v:79$18_DATA' from process `\fft16_r2.$proc$/openLANE_flow/designs/fft_project/radix2/src/fft16_r2.v:0$79'.
No latch inferred for signal `\fft16_r2.$mem2reg_rd$\mem_real$/openLANE_flow/designs/fft_project/radix2/src/fft16_r2.v:78$17_DATA' from process `\fft16_r2.$proc$/openLANE_flow/designs/fft_project/radix2/src/fft16_r2.v:0$76'.

10.2.8. Executing PROC_DFF pass (convert process syncs to FFs).
Creating register for signal `\control_fsm_r2.\valid_out' using process `\control_fsm_r2.$proc$/openLANE_flow/designs/fft_project/radix2/src/control_fsm_r2.v:30$104'.
  created $adff cell `$procdff$1499' with positive edge clock and negative level reset.
Creating register for signal `\control_fsm_r2.\sample_addr' using process `\control_fsm_r2.$proc$/openLANE_flow/designs/fft_project/radix2/src/control_fsm_r2.v:30$104'.
  created $adff cell `$procdff$1500' with positive edge clock and negative level reset.
Creating register for signal `\control_fsm_r2.\stage' using process `\control_fsm_r2.$proc$/openLANE_flow/designs/fft_project/radix2/src/control_fsm_r2.v:30$104'.
  created $adff cell `$procdff$1501' with positive edge clock and negative level reset.
Creating register for signal `\control_fsm_r2.\twiddle_addr' using process `\control_fsm_r2.$proc$/openLANE_flow/designs/fft_project/radix2/src/control_fsm_r2.v:30$104'.
  created $adff cell `$procdff$1502' with positive edge clock and negative level reset.
Creating register for signal `\control_fsm_r2.\load_en' using process `\control_fsm_r2.$proc$/openLANE_flow/designs/fft_project/radix2/src/control_fsm_r2.v:30$104'.
  created $adff cell `$procdff$1503' with positive edge clock and negative level reset.
Creating register for signal `\control_fsm_r2.\compute_en' using process `\control_fsm_r2.$proc$/openLANE_flow/designs/fft_project/radix2/src/control_fsm_r2.v:30$104'.
  created $adff cell `$procdff$1504' with positive edge clock and negative level reset.
Creating register for signal `\control_fsm_r2.\clk_gate' using process `\control_fsm_r2.$proc$/openLANE_flow/designs/fft_project/radix2/src/control_fsm_r2.v:30$104'.
  created $adff cell `$procdff$1505' with positive edge clock and negative level reset.
Creating register for signal `\control_fsm_r2.\state' using process `\control_fsm_r2.$proc$/openLANE_flow/designs/fft_project/radix2/src/control_fsm_r2.v:30$104'.
  created $adff cell `$procdff$1506' with positive edge clock and negative level reset.
Creating register for signal `\control_fsm_r2.\count' using process `\control_fsm_r2.$proc$/openLANE_flow/designs/fft_project/radix2/src/control_fsm_r2.v:30$104'.
  created $adff cell `$procdff$1507' with positive edge clock and negative level reset.
Creating register for signal `\butterfly_r2.\valid_out' using process `\butterfly_r2.$proc$/openLANE_flow/designs/fft_project/radix2/src/butterfly_r2.v:56$96'.
  created $adff cell `$procdff$1508' with positive edge clock and negative level reset.
Creating register for signal `\butterfly_r2.\p_real' using process `\butterfly_r2.$proc$/openLANE_flow/designs/fft_project/radix2/src/butterfly_r2.v:56$96'.
  created $adff cell `$procdff$1509' with positive edge clock and negative level reset.
Creating register for signal `\butterfly_r2.\p_imag' using process `\butterfly_r2.$proc$/openLANE_flow/designs/fft_project/radix2/src/butterfly_r2.v:56$96'.
  created $adff cell `$procdff$1510' with positive edge clock and negative level reset.
Creating register for signal `\butterfly_r2.\q_real' using process `\butterfly_r2.$proc$/openLANE_flow/designs/fft_project/radix2/src/butterfly_r2.v:56$96'.
  created $adff cell `$procdff$1511' with positive edge clock and negative level reset.
Creating register for signal `\butterfly_r2.\q_imag' using process `\butterfly_r2.$proc$/openLANE_flow/designs/fft_project/radix2/src/butterfly_r2.v:56$96'.
  created $adff cell `$procdff$1512' with positive edge clock and negative level reset.
Creating register for signal `\fft16_r2.\i' using process `\fft16_r2.$proc$/openLANE_flow/designs/fft_project/radix2/src/fft16_r2.v:93$28'.
  created $adff cell `$procdff$1513' with positive edge clock and negative level reset.
Creating register for signal `\fft16_r2.\mem_real[0]' using process `\fft16_r2.$proc$/openLANE_flow/designs/fft_project/radix2/src/fft16_r2.v:93$28'.
  created $adff cell `$procdff$1514' with positive edge clock and negative level reset.
Creating register for signal `\fft16_r2.\mem_real[1]' using process `\fft16_r2.$proc$/openLANE_flow/designs/fft_project/radix2/src/fft16_r2.v:93$28'.
  created $adff cell `$procdff$1515' with positive edge clock and negative level reset.
Creating register for signal `\fft16_r2.\mem_real[2]' using process `\fft16_r2.$proc$/openLANE_flow/designs/fft_project/radix2/src/fft16_r2.v:93$28'.
  created $adff cell `$procdff$1516' with positive edge clock and negative level reset.
Creating register for signal `\fft16_r2.\mem_real[3]' using process `\fft16_r2.$proc$/openLANE_flow/designs/fft_project/radix2/src/fft16_r2.v:93$28'.
  created $adff cell `$procdff$1517' with positive edge clock and negative level reset.
Creating register for signal `\fft16_r2.\mem_real[4]' using process `\fft16_r2.$proc$/openLANE_flow/designs/fft_project/radix2/src/fft16_r2.v:93$28'.
  created $adff cell `$procdff$1518' with positive edge clock and negative level reset.
Creating register for signal `\fft16_r2.\mem_real[5]' using process `\fft16_r2.$proc$/openLANE_flow/designs/fft_project/radix2/src/fft16_r2.v:93$28'.
  created $adff cell `$procdff$1519' with positive edge clock and negative level reset.
Creating register for signal `\fft16_r2.\mem_real[6]' using process `\fft16_r2.$proc$/openLANE_flow/designs/fft_project/radix2/src/fft16_r2.v:93$28'.
  created $adff cell `$procdff$1520' with positive edge clock and negative level reset.
Creating register for signal `\fft16_r2.\mem_real[7]' using process `\fft16_r2.$proc$/openLANE_flow/designs/fft_project/radix2/src/fft16_r2.v:93$28'.
  created $adff cell `$procdff$1521' with positive edge clock and negative level reset.
Creating register for signal `\fft16_r2.\mem_real[8]' using process `\fft16_r2.$proc$/openLANE_flow/designs/fft_project/radix2/src/fft16_r2.v:93$28'.
  created $adff cell `$procdff$1522' with positive edge clock and negative level reset.
Creating register for signal `\fft16_r2.\mem_real[9]' using process `\fft16_r2.$proc$/openLANE_flow/designs/fft_project/radix2/src/fft16_r2.v:93$28'.
  created $adff cell `$procdff$1523' with positive edge clock and negative level reset.
Creating register for signal `\fft16_r2.\mem_real[10]' using process `\fft16_r2.$proc$/openLANE_flow/designs/fft_project/radix2/src/fft16_r2.v:93$28'.
  created $adff cell `$procdff$1524' with positive edge clock and negative level reset.
Creating register for signal `\fft16_r2.\mem_real[11]' using process `\fft16_r2.$proc$/openLANE_flow/designs/fft_project/radix2/src/fft16_r2.v:93$28'.
  created $adff cell `$procdff$1525' with positive edge clock and negative level reset.
Creating register for signal `\fft16_r2.\mem_real[12]' using process `\fft16_r2.$proc$/openLANE_flow/designs/fft_project/radix2/src/fft16_r2.v:93$28'.
  created $adff cell `$procdff$1526' with positive edge clock and negative level reset.
Creating register for signal `\fft16_r2.\mem_real[13]' using process `\fft16_r2.$proc$/openLANE_flow/designs/fft_project/radix2/src/fft16_r2.v:93$28'.
  created $adff cell `$procdff$1527' with positive edge clock and negative level reset.
Creating register for signal `\fft16_r2.\mem_real[14]' using process `\fft16_r2.$proc$/openLANE_flow/designs/fft_project/radix2/src/fft16_r2.v:93$28'.
  created $adff cell `$procdff$1528' with positive edge clock and negative level reset.
Creating register for signal `\fft16_r2.\mem_real[15]' using process `\fft16_r2.$proc$/openLANE_flow/designs/fft_project/radix2/src/fft16_r2.v:93$28'.
  created $adff cell `$procdff$1529' with positive edge clock and negative level reset.
Creating register for signal `\fft16_r2.\mem_imag[0]' using process `\fft16_r2.$proc$/openLANE_flow/designs/fft_project/radix2/src/fft16_r2.v:93$28'.
  created $adff cell `$procdff$1530' with positive edge clock and negative level reset.
Creating register for signal `\fft16_r2.\mem_imag[1]' using process `\fft16_r2.$proc$/openLANE_flow/designs/fft_project/radix2/src/fft16_r2.v:93$28'.
  created $adff cell `$procdff$1531' with positive edge clock and negative level reset.
Creating register for signal `\fft16_r2.\mem_imag[2]' using process `\fft16_r2.$proc$/openLANE_flow/designs/fft_project/radix2/src/fft16_r2.v:93$28'.
  created $adff cell `$procdff$1532' with positive edge clock and negative level reset.
Creating register for signal `\fft16_r2.\mem_imag[3]' using process `\fft16_r2.$proc$/openLANE_flow/designs/fft_project/radix2/src/fft16_r2.v:93$28'.
  created $adff cell `$procdff$1533' with positive edge clock and negative level reset.
Creating register for signal `\fft16_r2.\mem_imag[4]' using process `\fft16_r2.$proc$/openLANE_flow/designs/fft_project/radix2/src/fft16_r2.v:93$28'.
  created $adff cell `$procdff$1534' with positive edge clock and negative level reset.
Creating register for signal `\fft16_r2.\mem_imag[5]' using process `\fft16_r2.$proc$/openLANE_flow/designs/fft_project/radix2/src/fft16_r2.v:93$28'.
  created $adff cell `$procdff$1535' with positive edge clock and negative level reset.
Creating register for signal `\fft16_r2.\mem_imag[6]' using process `\fft16_r2.$proc$/openLANE_flow/designs/fft_project/radix2/src/fft16_r2.v:93$28'.
  created $adff cell `$procdff$1536' with positive edge clock and negative level reset.
Creating register for signal `\fft16_r2.\mem_imag[7]' using process `\fft16_r2.$proc$/openLANE_flow/designs/fft_project/radix2/src/fft16_r2.v:93$28'.
  created $adff cell `$procdff$1537' with positive edge clock and negative level reset.
Creating register for signal `\fft16_r2.\mem_imag[8]' using process `\fft16_r2.$proc$/openLANE_flow/designs/fft_project/radix2/src/fft16_r2.v:93$28'.
  created $adff cell `$procdff$1538' with positive edge clock and negative level reset.
Creating register for signal `\fft16_r2.\mem_imag[9]' using process `\fft16_r2.$proc$/openLANE_flow/designs/fft_project/radix2/src/fft16_r2.v:93$28'.
  created $adff cell `$procdff$1539' with positive edge clock and negative level reset.
Creating register for signal `\fft16_r2.\mem_imag[10]' using process `\fft16_r2.$proc$/openLANE_flow/designs/fft_project/radix2/src/fft16_r2.v:93$28'.
  created $adff cell `$procdff$1540' with positive edge clock and negative level reset.
Creating register for signal `\fft16_r2.\mem_imag[11]' using process `\fft16_r2.$proc$/openLANE_flow/designs/fft_project/radix2/src/fft16_r2.v:93$28'.
  created $adff cell `$procdff$1541' with positive edge clock and negative level reset.
Creating register for signal `\fft16_r2.\mem_imag[12]' using process `\fft16_r2.$proc$/openLANE_flow/designs/fft_project/radix2/src/fft16_r2.v:93$28'.
  created $adff cell `$procdff$1542' with positive edge clock and negative level reset.
Creating register for signal `\fft16_r2.\mem_imag[13]' using process `\fft16_r2.$proc$/openLANE_flow/designs/fft_project/radix2/src/fft16_r2.v:93$28'.
  created $adff cell `$procdff$1543' with positive edge clock and negative level reset.
Creating register for signal `\fft16_r2.\mem_imag[14]' using process `\fft16_r2.$proc$/openLANE_flow/designs/fft_project/radix2/src/fft16_r2.v:93$28'.
  created $adff cell `$procdff$1544' with positive edge clock and negative level reset.
Creating register for signal `\fft16_r2.\mem_imag[15]' using process `\fft16_r2.$proc$/openLANE_flow/designs/fft_project/radix2/src/fft16_r2.v:93$28'.
  created $adff cell `$procdff$1545' with positive edge clock and negative level reset.
Creating register for signal `\fft16_r2.$mem2reg_wr$\mem_real$/openLANE_flow/designs/fft_project/radix2/src/fft16_r2.v:101$21_ADDR' using process `\fft16_r2.$proc$/openLANE_flow/designs/fft_project/radix2/src/fft16_r2.v:93$28'.
  created $adff cell `$procdff$1546' with positive edge clock and negative level reset.
Creating register for signal `\fft16_r2.$mem2reg_wr$\mem_real$/openLANE_flow/designs/fft_project/radix2/src/fft16_r2.v:101$21_DATA' using process `\fft16_r2.$proc$/openLANE_flow/designs/fft_project/radix2/src/fft16_r2.v:93$28'.
  created $adff cell `$procdff$1547' with positive edge clock and negative level reset.
Creating register for signal `\fft16_r2.$mem2reg_wr$\mem_imag$/openLANE_flow/designs/fft_project/radix2/src/fft16_r2.v:102$22_ADDR' using process `\fft16_r2.$proc$/openLANE_flow/designs/fft_project/radix2/src/fft16_r2.v:93$28'.
  created $adff cell `$procdff$1548' with positive edge clock and negative level reset.
Creating register for signal `\fft16_r2.$mem2reg_wr$\mem_imag$/openLANE_flow/designs/fft_project/radix2/src/fft16_r2.v:102$22_DATA' using process `\fft16_r2.$proc$/openLANE_flow/designs/fft_project/radix2/src/fft16_r2.v:93$28'.
  created $adff cell `$procdff$1549' with positive edge clock and negative level reset.
Creating register for signal `\fft16_r2.$mem2reg_wr$\mem_real$/openLANE_flow/designs/fft_project/radix2/src/fft16_r2.v:105$23_ADDR' using process `\fft16_r2.$proc$/openLANE_flow/designs/fft_project/radix2/src/fft16_r2.v:93$28'.
  created $adff cell `$procdff$1550' with positive edge clock and negative level reset.
Creating register for signal `\fft16_r2.$mem2reg_wr$\mem_real$/openLANE_flow/designs/fft_project/radix2/src/fft16_r2.v:105$23_DATA' using process `\fft16_r2.$proc$/openLANE_flow/designs/fft_project/radix2/src/fft16_r2.v:93$28'.
  created $adff cell `$procdff$1551' with positive edge clock and negative level reset.
Creating register for signal `\fft16_r2.$mem2reg_wr$\mem_imag$/openLANE_flow/designs/fft_project/radix2/src/fft16_r2.v:106$24_ADDR' using process `\fft16_r2.$proc$/openLANE_flow/designs/fft_project/radix2/src/fft16_r2.v:93$28'.
  created $adff cell `$procdff$1552' with positive edge clock and negative level reset.
Creating register for signal `\fft16_r2.$mem2reg_wr$\mem_imag$/openLANE_flow/designs/fft_project/radix2/src/fft16_r2.v:106$24_DATA' using process `\fft16_r2.$proc$/openLANE_flow/designs/fft_project/radix2/src/fft16_r2.v:93$28'.
  created $adff cell `$procdff$1553' with positive edge clock and negative level reset.
Creating register for signal `\fft16_r2.$mem2reg_wr$\mem_real$/openLANE_flow/designs/fft_project/radix2/src/fft16_r2.v:107$25_ADDR' using process `\fft16_r2.$proc$/openLANE_flow/designs/fft_project/radix2/src/fft16_r2.v:93$28'.
  created $adff cell `$procdff$1554' with positive edge clock and negative level reset.
Creating register for signal `\fft16_r2.$mem2reg_wr$\mem_real$/openLANE_flow/designs/fft_project/radix2/src/fft16_r2.v:107$25_DATA' using process `\fft16_r2.$proc$/openLANE_flow/designs/fft_project/radix2/src/fft16_r2.v:93$28'.
  created $adff cell `$procdff$1555' with positive edge clock and negative level reset.
Creating register for signal `\fft16_r2.$mem2reg_wr$\mem_imag$/openLANE_flow/designs/fft_project/radix2/src/fft16_r2.v:108$26_ADDR' using process `\fft16_r2.$proc$/openLANE_flow/designs/fft_project/radix2/src/fft16_r2.v:93$28'.
  created $adff cell `$procdff$1556' with positive edge clock and negative level reset.
Creating register for signal `\fft16_r2.$mem2reg_wr$\mem_imag$/openLANE_flow/designs/fft_project/radix2/src/fft16_r2.v:108$26_DATA' using process `\fft16_r2.$proc$/openLANE_flow/designs/fft_project/radix2/src/fft16_r2.v:93$28'.
  created $adff cell `$procdff$1557' with positive edge clock and negative level reset.

10.2.9. Executing PROC_CLEAN pass (remove empty switches from decision trees).
Found and cleaned up 6 empty switches in `\control_fsm_r2.$proc$/openLANE_flow/designs/fft_project/radix2/src/control_fsm_r2.v:30$104'.
Removing empty process `control_fsm_r2.$proc$/openLANE_flow/designs/fft_project/radix2/src/control_fsm_r2.v:30$104'.
Found and cleaned up 1 empty switch in `\bit_reversal_r2.$proc$/openLANE_flow/designs/fft_project/radix2/src/bit_reversal_r2.v:17$103'.
Removing empty process `bit_reversal_r2.$proc$/openLANE_flow/designs/fft_project/radix2/src/bit_reversal_r2.v:17$103'.
Found and cleaned up 1 empty switch in `\twiddle_rom_r2.$proc$/openLANE_flow/designs/fft_project/radix2/src/twiddle_rom_r2.v:19$102'.
Removing empty process `twiddle_rom_r2.$proc$/openLANE_flow/designs/fft_project/radix2/src/twiddle_rom_r2.v:19$102'.
Found and cleaned up 1 empty switch in `\butterfly_r2.$proc$/openLANE_flow/designs/fft_project/radix2/src/butterfly_r2.v:56$96'.
Removing empty process `butterfly_r2.$proc$/openLANE_flow/designs/fft_project/radix2/src/butterfly_r2.v:56$96'.
Found and cleaned up 1 empty switch in `\fft16_r2.$proc$/openLANE_flow/designs/fft_project/radix2/src/fft16_r2.v:0$86'.
Removing empty process `fft16_r2.$proc$/openLANE_flow/designs/fft_project/radix2/src/fft16_r2.v:0$86'.
Found and cleaned up 1 empty switch in `\fft16_r2.$proc$/openLANE_flow/designs/fft_project/radix2/src/fft16_r2.v:0$82'.
Removing empty process `fft16_r2.$proc$/openLANE_flow/designs/fft_project/radix2/src/fft16_r2.v:0$82'.
Found and cleaned up 1 empty switch in `\fft16_r2.$proc$/openLANE_flow/designs/fft_project/radix2/src/fft16_r2.v:0$79'.
Removing empty process `fft16_r2.$proc$/openLANE_flow/designs/fft_project/radix2/src/fft16_r2.v:0$79'.
Found and cleaned up 1 empty switch in `\fft16_r2.$proc$/openLANE_flow/designs/fft_project/radix2/src/fft16_r2.v:0$76'.
Removing empty process `fft16_r2.$proc$/openLANE_flow/designs/fft_project/radix2/src/fft16_r2.v:0$76'.
Found and cleaned up 8 empty switches in `\fft16_r2.$proc$/openLANE_flow/designs/fft_project/radix2/src/fft16_r2.v:93$28'.
Removing empty process `fft16_r2.$proc$/openLANE_flow/designs/fft_project/radix2/src/fft16_r2.v:93$28'.
Cleaned up 21 empty switches.

10.3. Executing FLATTEN pass (flatten design).
Deleting now unused module control_fsm_r2.
Deleting now unused module bit_reversal_r2.
Deleting now unused module twiddle_rom_r2.
Deleting now unused module butterfly_r2.
<suppressed ~4 debug messages>

10.4. Executing OPT_EXPR pass (perform const folding).
Optimizing module fft16_r2.
<suppressed ~19 debug messages>

10.5. Executing OPT_CLEAN pass (remove unused cells and wires).
Finding unused cells or wires in module \fft16_r2..
Removed 44 unused cells and 277 unused wires.
<suppressed ~46 debug messages>

10.6. Executing CHECK pass (checking for obvious problems).
checking module fft16_r2..
found and reported 0 problems.

10.7. Executing OPT pass (performing simple optimizations).

10.7.1. Executing OPT_EXPR pass (perform const folding).
Optimizing module fft16_r2.

10.7.2. Executing OPT_MERGE pass (detect identical cells).
Finding identical cells in module `\fft16_r2'.
<suppressed ~483 debug messages>
Removed a total of 161 cells.

10.7.3. Executing OPT_MUXTREE pass (detect dead branches in mux trees).
Running muxtree optimizer on module \fft16_r2..
  Creating internal representation of mux trees.
  Evaluating internal representation of mux trees.
  Analyzing evaluation results.
Removed 0 multiplexer ports.
<suppressed ~53 debug messages>

10.7.4. Executing OPT_REDUCE pass (consolidate $*mux and $reduce_* inputs).
  Optimizing cells in module \fft16_r2.
    New ctrl vector for $pmux cell $flatten\u_fsm.$procmux$143: { $flatten\u_fsm.$procmux$138_CMP $auto$opt_reduce.cc:134:opt_mux$1559 }
    New ctrl vector for $pmux cell $flatten\u_fsm.$procmux$171: { $flatten\u_fsm.$procmux$141_CMP $auto$opt_reduce.cc:134:opt_mux$1561 }
    New ctrl vector for $pmux cell $flatten\u_rom.$procmux$210: { $flatten\u_rom.$procmux$218_CMP $flatten\u_rom.$procmux$214_CMP $auto$opt_reduce.cc:134:opt_mux$1567 $auto$opt_reduce.cc:134:opt_mux$1565 $auto$opt_reduce.cc:134:opt_mux$1563 }
  Optimizing cells in module \fft16_r2.
Performed a total of 3 changes.

10.7.5. Executing OPT_MERGE pass (detect identical cells).
Finding identical cells in module `\fft16_r2'.
<suppressed ~3 debug messages>
Removed a total of 1 cells.

10.7.6. Executing OPT_DFF pass (perform DFF optimizations).

10.7.7. Executing OPT_CLEAN pass (remove unused cells and wires).
Finding unused cells or wires in module \fft16_r2..
Removed 0 unused cells and 162 unused wires.
<suppressed ~1 debug messages>

10.7.8. Executing OPT_EXPR pass (perform const folding).
Optimizing module fft16_r2.

10.7.9. Rerunning OPT passes. (Maybe there is more to do..)

10.7.10. Executing OPT_MUXTREE pass (detect dead branches in mux trees).
Running muxtree optimizer on module \fft16_r2..
  Creating internal representation of mux trees.
  Evaluating internal representation of mux trees.
  Analyzing evaluation results.
Removed 0 multiplexer ports.
<suppressed ~53 debug messages>

10.7.11. Executing OPT_REDUCE pass (consolidate $*mux and $reduce_* inputs).
  Optimizing cells in module \fft16_r2.
    New ctrl vector for $pmux cell $flatten\u_fsm.$procmux$134: { $flatten\u_fsm.$procmux$142_CMP $flatten\u_fsm.$procmux$138_CMP $auto$opt_reduce.cc:134:opt_mux$1569 }
  Optimizing cells in module \fft16_r2.
Performed a total of 1 changes.

10.7.12. Executing OPT_MERGE pass (detect identical cells).
Finding identical cells in module `\fft16_r2'.
Removed a total of 0 cells.

10.7.13. Executing OPT_DFF pass (perform DFF optimizations).

10.7.14. Executing OPT_CLEAN pass (remove unused cells and wires).
Finding unused cells or wires in module \fft16_r2..

10.7.15. Executing OPT_EXPR pass (perform const folding).
Optimizing module fft16_r2.

10.7.16. Rerunning OPT passes. (Maybe there is more to do..)

10.7.17. Executing OPT_MUXTREE pass (detect dead branches in mux trees).
Running muxtree optimizer on module \fft16_r2..
  Creating internal representation of mux trees.
  Evaluating internal representation of mux trees.
  Analyzing evaluation results.
Removed 0 multiplexer ports.
<suppressed ~53 debug messages>

10.7.18. Executing OPT_REDUCE pass (consolidate $*mux and $reduce_* inputs).
  Optimizing cells in module \fft16_r2.
Performed a total of 0 changes.

10.7.19. Executing OPT_MERGE pass (detect identical cells).
Finding identical cells in module `\fft16_r2'.
Removed a total of 0 cells.

10.7.20. Executing OPT_DFF pass (perform DFF optimizations).

10.7.21. Executing OPT_CLEAN pass (remove unused cells and wires).
Finding unused cells or wires in module \fft16_r2..

10.7.22. Executing OPT_EXPR pass (perform const folding).
Optimizing module fft16_r2.

10.7.23. Finished OPT passes. (There is nothing left to do.)

10.8. Executing FSM pass (extract and optimize FSM).

10.8.1. Executing FSM_DETECT pass (finding FSMs in design).
Found FSM state register fft16_r2.u_fsm.state.

10.8.2. Executing FSM_EXTRACT pass (extracting FSM from design).
Extracting FSM `\u_fsm.state' from module `\fft16_r2'.
  found $adff cell for state register: $flatten\u_fsm.$procdff$1506
  root of input selection tree: $flatten\u_fsm.$0\state[1:0]
  found reset state: 2'00 (from async reset)
  found ctrl input: $flatten\u_fsm.$procmux$135_CMP
  found ctrl input: $flatten\u_fsm.$procmux$138_CMP
  found ctrl input: $flatten\u_fsm.$procmux$141_CMP
  found ctrl input: $flatten\u_fsm.$procmux$142_CMP
  found ctrl input: $flatten\u_fsm.$eq$/openLANE_flow/designs/fft_project/radix2/src/control_fsm_r2.v:61$107_Y
  found ctrl input: $flatten\u_fsm.$eq$/openLANE_flow/designs/fft_project/radix2/src/control_fsm_r2.v:73$109_Y
  found ctrl input: $flatten\u_fsm.$eq$/openLANE_flow/designs/fft_project/radix2/src/control_fsm_r2.v:76$111_Y
  found state code: 2'11
  found state code: 2'10
  found ctrl input: \valid_in
  found state code: 2'01
  found ctrl output: $flatten\u_fsm.$procmux$142_CMP
  found ctrl output: $flatten\u_fsm.$procmux$141_CMP
  found ctrl output: $flatten\u_fsm.$procmux$138_CMP
  found ctrl output: $flatten\u_fsm.$procmux$135_CMP
  ctrl inputs: { $flatten\u_fsm.$eq$/openLANE_flow/designs/fft_project/radix2/src/control_fsm_r2.v:61$107_Y $flatten\u_fsm.$eq$/openLANE_flow/designs/fft_project/radix2/src/control_fsm_r2.v:73$109_Y $flatten\u_fsm.$eq$/openLANE_flow/designs/fft_project/radix2/src/control_fsm_r2.v:76$111_Y \valid_in }
  ctrl outputs: { $flatten\u_fsm.$0\state[1:0] $flatten\u_fsm.$procmux$135_CMP $flatten\u_fsm.$procmux$138_CMP $flatten\u_fsm.$procmux$141_CMP $flatten\u_fsm.$procmux$142_CMP }
  transition:       2'00 4'---0 ->       2'00 6'000001
  transition:       2'00 4'---1 ->       2'01 6'010001
  transition:       2'10 4'-0-- ->       2'10 6'100100
  transition:       2'10 4'-10- ->       2'10 6'100100
  transition:       2'10 4'-11- ->       2'11 6'110100
  transition:       2'01 4'0--- ->       2'01 6'010010
  transition:       2'01 4'1--- ->       2'10 6'100010
  transition:       2'11 4'0--- ->       2'11 6'111000
  transition:       2'11 4'1--- ->       2'00 6'001000

10.8.3. Executing FSM_OPT pass (simple optimizations of FSMs).
Optimizing FSM `$fsm$\u_fsm.state$1570' from module `\fft16_r2'.

10.8.4. Executing OPT_CLEAN pass (remove unused cells and wires).
Finding unused cells or wires in module \fft16_r2..
Removed 11 unused cells and 11 unused wires.
<suppressed ~12 debug messages>

10.8.5. Executing FSM_OPT pass (simple optimizations of FSMs).
Optimizing FSM `$fsm$\u_fsm.state$1570' from module `\fft16_r2'.
  Removing unused output signal $flatten\u_fsm.$0\state[1:0] [0].
  Removing unused output signal $flatten\u_fsm.$0\state[1:0] [1].

10.8.6. Executing FSM_RECODE pass (re-assigning FSM state encoding).
Recoding FSM `$fsm$\u_fsm.state$1570' from module `\fft16_r2' using `auto' encoding:
  mapping auto encoding to `one-hot` for this FSM.
  00 -> ---1
  10 -> --1-
  01 -> -1--
  11 -> 1---

10.8.7. Executing FSM_INFO pass (dumping all available information on FSM cells).

FSM `$fsm$\u_fsm.state$1570' from module `fft16_r2':
-------------------------------------

  Information on FSM $fsm$\u_fsm.state$1570 (\u_fsm.state):

  Number of input signals:    4
  Number of output signals:   4
  Number of state bits:       4

  Input signals:
    0: \valid_in
    1: $flatten\u_fsm.$eq$/openLANE_flow/designs/fft_project/radix2/src/control_fsm_r2.v:76$111_Y
    2: $flatten\u_fsm.$eq$/openLANE_flow/designs/fft_project/radix2/src/control_fsm_r2.v:73$109_Y
    3: $flatten\u_fsm.$eq$/openLANE_flow/designs/fft_project/radix2/src/control_fsm_r2.v:61$107_Y

  Output signals:
    0: $flatten\u_fsm.$procmux$142_CMP
    1: $flatten\u_fsm.$procmux$141_CMP
    2: $flatten\u_fsm.$procmux$138_CMP
    3: $flatten\u_fsm.$procmux$135_CMP

  State encoding:
    0:     4'---1  <RESET STATE>
    1:     4'--1-
    2:     4'-1--
    3:     4'1---

  Transition Table (state_in, ctrl_in, state_out, ctrl_out):
      0:     0 4'---0   ->     0 4'0001
      1:     0 4'---1   ->     2 4'0001
      2:     1 4'-10-   ->     1 4'0100
      3:     1 4'-0--   ->     1 4'0100
      4:     1 4'-11-   ->     3 4'0100
      5:     2 4'1---   ->     1 4'0010
      6:     2 4'0---   ->     2 4'0010
      7:     3 4'1---   ->     0 4'1000
      8:     3 4'0---   ->     3 4'1000

-------------------------------------

10.8.8. Executing FSM_MAP pass (mapping FSMs to basic logic).
Mapping FSM `$fsm$\u_fsm.state$1570' from module `\fft16_r2'.

10.9. Executing OPT pass (performing simple optimizations).

10.9.1. Executing OPT_EXPR pass (perform const folding).
Optimizing module fft16_r2.
<suppressed ~7 debug messages>

10.9.2. Executing OPT_MERGE pass (detect identical cells).
Finding identical cells in module `\fft16_r2'.
<suppressed ~3 debug messages>
Removed a total of 1 cells.

10.9.3. Executing OPT_MUXTREE pass (detect dead branches in mux trees).
Running muxtree optimizer on module \fft16_r2..
  Creating internal representation of mux trees.
  Evaluating internal representation of mux trees.
  Analyzing evaluation results.
Removed 0 multiplexer ports.
<suppressed ~52 debug messages>

10.9.4. Executing OPT_REDUCE pass (consolidate $*mux and $reduce_* inputs).
  Optimizing cells in module \fft16_r2.
Performed a total of 0 changes.

10.9.5. Executing OPT_MERGE pass (detect identical cells).
Finding identical cells in module `\fft16_r2'.
Removed a total of 0 cells.

10.9.6. Executing OPT_DFF pass (perform DFF optimizations).
Adding EN signal on $procdff$1545 ($adff) from module fft16_r2 (D = $0\mem_imag[15][15:0], Q = \mem_imag[15]).
Adding EN signal on $procdff$1544 ($adff) from module fft16_r2 (D = $0\mem_imag[14][15:0], Q = \mem_imag[14]).
Adding EN signal on $procdff$1543 ($adff) from module fft16_r2 (D = $0\mem_imag[13][15:0], Q = \mem_imag[13]).
Adding EN signal on $procdff$1542 ($adff) from module fft16_r2 (D = $0\mem_imag[12][15:0], Q = \mem_imag[12]).
Adding EN signal on $procdff$1541 ($adff) from module fft16_r2 (D = $0\mem_imag[11][15:0], Q = \mem_imag[11]).
Adding EN signal on $procdff$1540 ($adff) from module fft16_r2 (D = $0\mem_imag[10][15:0], Q = \mem_imag[10]).
Adding EN signal on $procdff$1539 ($adff) from module fft16_r2 (D = $0\mem_imag[9][15:0], Q = \mem_imag[9]).
Adding EN signal on $procdff$1538 ($adff) from module fft16_r2 (D = $0\mem_imag[8][15:0], Q = \mem_imag[8]).
Adding EN signal on $procdff$1537 ($adff) from module fft16_r2 (D = $0\mem_imag[7][15:0], Q = \mem_imag[7]).
Adding EN signal on $procdff$1536 ($adff) from module fft16_r2 (D = $0\mem_imag[6][15:0], Q = \mem_imag[6]).
Adding EN signal on $procdff$1535 ($adff) from module fft16_r2 (D = $0\mem_imag[5][15:0], Q = \mem_imag[5]).
Adding EN signal on $procdff$1534 ($adff) from module fft16_r2 (D = $0\mem_imag[4][15:0], Q = \mem_imag[4]).
Adding EN signal on $procdff$1533 ($adff) from module fft16_r2 (D = $0\mem_imag[3][15:0], Q = \mem_imag[3]).
Adding EN signal on $procdff$1532 ($adff) from module fft16_r2 (D = $0\mem_imag[2][15:0], Q = \mem_imag[2]).
Adding EN signal on $procdff$1531 ($adff) from module fft16_r2 (D = $0\mem_imag[1][15:0], Q = \mem_imag[1]).
Adding EN signal on $procdff$1530 ($adff) from module fft16_r2 (D = $0\mem_imag[0][15:0], Q = \mem_imag[0]).
Adding EN signal on $procdff$1529 ($adff) from module fft16_r2 (D = $0\mem_real[15][15:0], Q = \mem_real[15]).
Adding EN signal on $procdff$1528 ($adff) from module fft16_r2 (D = $0\mem_real[14][15:0], Q = \mem_real[14]).
Adding EN signal on $procdff$1527 ($adff) from module fft16_r2 (D = $0\mem_real[13][15:0], Q = \mem_real[13]).
Adding EN signal on $procdff$1526 ($adff) from module fft16_r2 (D = $0\mem_real[12][15:0], Q = \mem_real[12]).
Adding EN signal on $procdff$1525 ($adff) from module fft16_r2 (D = $0\mem_real[11][15:0], Q = \mem_real[11]).
Adding EN signal on $procdff$1524 ($adff) from module fft16_r2 (D = $0\mem_real[10][15:0], Q = \mem_real[10]).
Adding EN signal on $procdff$1523 ($adff) from module fft16_r2 (D = $0\mem_real[9][15:0], Q = \mem_real[9]).
Adding EN signal on $procdff$1522 ($adff) from module fft16_r2 (D = $0\mem_real[8][15:0], Q = \mem_real[8]).
Adding EN signal on $procdff$1521 ($adff) from module fft16_r2 (D = $0\mem_real[7][15:0], Q = \mem_real[7]).
Adding EN signal on $procdff$1520 ($adff) from module fft16_r2 (D = $0\mem_real[6][15:0], Q = \mem_real[6]).
Adding EN signal on $procdff$1519 ($adff) from module fft16_r2 (D = $0\mem_real[5][15:0], Q = \mem_real[5]).
Adding EN signal on $procdff$1518 ($adff) from module fft16_r2 (D = $0\mem_real[4][15:0], Q = \mem_real[4]).
Adding EN signal on $procdff$1517 ($adff) from module fft16_r2 (D = $0\mem_real[3][15:0], Q = \mem_real[3]).
Adding EN signal on $procdff$1516 ($adff) from module fft16_r2 (D = $0\mem_real[2][15:0], Q = \mem_real[2]).
Adding EN signal on $procdff$1515 ($adff) from module fft16_r2 (D = $0\mem_real[1][15:0], Q = \mem_real[1]).
Adding EN signal on $procdff$1514 ($adff) from module fft16_r2 (D = $0\mem_real[0][15:0], Q = \mem_real[0]).
Adding EN signal on $flatten\u_fsm.$procdff$1505 ($adff) from module fft16_r2 (D = $flatten\u_fsm.$0\clk_gate[0:0], Q = \u_fsm.clk_gate).
Adding EN signal on $flatten\u_fsm.$procdff$1503 ($adff) from module fft16_r2 (D = $flatten\u_fsm.$0\load_en[0:0], Q = \u_fsm.load_en).
Adding EN signal on $flatten\u_fsm.$procdff$1502 ($adff) from module fft16_r2 (D = \u_fsm.count [2:0], Q = \u_fsm.twiddle_addr).
Adding EN signal on $flatten\u_fsm.$procdff$1501 ($adff) from module fft16_r2 (D = $flatten\u_fsm.$0\stage[1:0], Q = \u_fsm.stage).
Adding EN signal on $flatten\u_fsm.$procdff$1500 ($adff) from module fft16_r2 (D = \u_fsm.count [3:0], Q = \u_fsm.sample_addr).
Adding EN signal on $flatten\u_fsm.$procdff$1499 ($adff) from module fft16_r2 (D = $flatten\u_fsm.$0\valid_out[0:0], Q = \u_fsm.valid_out).
Adding EN signal on $flatten\u_bf.$procdff$1512 ($adff) from module fft16_r2 (D = $flatten\u_bf.$sub$/openLANE_flow/designs/fft_project/radix2/src/butterfly_r2.v:71$101_Y, Q = \u_bf.q_imag).
Adding EN signal on $flatten\u_bf.$procdff$1511 ($adff) from module fft16_r2 (D = $flatten\u_bf.$sub$/openLANE_flow/designs/fft_project/radix2/src/butterfly_r2.v:70$100_Y, Q = \u_bf.q_real).
Adding EN signal on $flatten\u_bf.$procdff$1510 ($adff) from module fft16_r2 (D = $flatten\u_bf.$add$/openLANE_flow/designs/fft_project/radix2/src/butterfly_r2.v:67$99_Y, Q = \u_bf.p_imag).
Adding EN signal on $flatten\u_bf.$procdff$1509 ($adff) from module fft16_r2 (D = $flatten\u_bf.$add$/openLANE_flow/designs/fft_project/radix2/src/butterfly_r2.v:66$98_Y, Q = \u_bf.p_real).

10.9.7. Executing OPT_CLEAN pass (remove unused cells and wires).
Finding unused cells or wires in module \fft16_r2..
Removed 6 unused cells and 17 unused wires.
<suppressed ~7 debug messages>

10.9.8. Executing OPT_EXPR pass (perform const folding).
Optimizing module fft16_r2.
<suppressed ~36 debug messages>

10.9.9. Rerunning OPT passes. (Maybe there is more to do..)

10.9.10. Executing OPT_MUXTREE pass (detect dead branches in mux trees).
Running muxtree optimizer on module \fft16_r2..
  Creating internal representation of mux trees.
  Evaluating internal representation of mux trees.
  Analyzing evaluation results.
Removed 0 multiplexer ports.
<suppressed ~46 debug messages>

10.9.11. Executing OPT_REDUCE pass (consolidate $*mux and $reduce_* inputs).
  Optimizing cells in module \fft16_r2.
Performed a total of 0 changes.

10.9.12. Executing OPT_MERGE pass (detect identical cells).
Finding identical cells in module `\fft16_r2'.
<suppressed ~240 debug messages>
Removed a total of 80 cells.

10.9.13. Executing OPT_DFF pass (perform DFF optimizations).

10.9.14. Executing OPT_CLEAN pass (remove unused cells and wires).
Finding unused cells or wires in module \fft16_r2..
Removed 0 unused cells and 80 unused wires.
<suppressed ~1 debug messages>

10.9.15. Executing OPT_EXPR pass (perform const folding).
Optimizing module fft16_r2.

10.9.16. Rerunning OPT passes. (Maybe there is more to do..)

10.9.17. Executing OPT_MUXTREE pass (detect dead branches in mux trees).
Running muxtree optimizer on module \fft16_r2..
  Creating internal representation of mux trees.
  Evaluating internal representation of mux trees.
  Analyzing evaluation results.
Removed 0 multiplexer ports.
<suppressed ~46 debug messages>

10.9.18. Executing OPT_REDUCE pass (consolidate $*mux and $reduce_* inputs).
  Optimizing cells in module \fft16_r2.
Performed a total of 0 changes.

10.9.19. Executing OPT_MERGE pass (detect identical cells).
Finding identical cells in module `\fft16_r2'.
Removed a total of 0 cells.

10.9.20. Executing OPT_DFF pass (perform DFF optimizations).

10.9.21. Executing OPT_CLEAN pass (remove unused cells and wires).
Finding unused cells or wires in module \fft16_r2..

10.9.22. Executing OPT_EXPR pass (perform const folding).
Optimizing module fft16_r2.

10.9.23. Finished OPT passes. (There is nothing left to do.)

10.10. Executing WREDUCE pass (reducing word size of cells).
Removed top 31 bits (of 32) from port B of cell fft16_r2.$add$/openLANE_flow/designs/fft_project/radix2/src/fft16_r2.v:107$74 ($add).
Removed top 28 bits (of 32) from port Y of cell fft16_r2.$add$/openLANE_flow/designs/fft_project/radix2/src/fft16_r2.v:107$74 ($add).
Removed cell fft16_r2.$procmux$396 ($mux).
Removed cell fft16_r2.$procmux$400 ($mux).
Removed cell fft16_r2.$procmux$403 ($mux).
Removed cell fft16_r2.$procmux$409 ($mux).
Removed cell fft16_r2.$procmux$414 ($mux).
Removed cell fft16_r2.$procmux$418 ($mux).
Removed cell fft16_r2.$procmux$425 ($mux).
Removed cell fft16_r2.$procmux$431 ($mux).
Removed cell fft16_r2.$procmux$436 ($mux).
Removed cell fft16_r2.$procmux$444 ($mux).
Removed cell fft16_r2.$procmux$451 ($mux).
Removed cell fft16_r2.$procmux$457 ($mux).
Removed cell fft16_r2.$procmux$466 ($mux).
Removed cell fft16_r2.$procmux$474 ($mux).
Removed cell fft16_r2.$procmux$481 ($mux).
Removed cell fft16_r2.$procmux$491 ($mux).
Removed cell fft16_r2.$procmux$500 ($mux).
Removed cell fft16_r2.$procmux$508 ($mux).
Removed cell fft16_r2.$procmux$519 ($mux).
Removed cell fft16_r2.$procmux$529 ($mux).
Removed cell fft16_r2.$procmux$538 ($mux).
Removed cell fft16_r2.$procmux$550 ($mux).
Removed cell fft16_r2.$procmux$561 ($mux).
Removed cell fft16_r2.$procmux$571 ($mux).
Removed cell fft16_r2.$procmux$584 ($mux).
Removed cell fft16_r2.$procmux$596 ($mux).
Removed cell fft16_r2.$procmux$607 ($mux).
Removed cell fft16_r2.$procmux$621 ($mux).
Removed cell fft16_r2.$procmux$634 ($mux).
Removed cell fft16_r2.$procmux$646 ($mux).
Removed cell fft16_r2.$procmux$661 ($mux).
Removed cell fft16_r2.$procmux$675 ($mux).
Removed cell fft16_r2.$procmux$688 ($mux).
Removed cell fft16_r2.$procmux$704 ($mux).
Removed cell fft16_r2.$procmux$719 ($mux).
Removed cell fft16_r2.$procmux$733 ($mux).
Removed cell fft16_r2.$procmux$750 ($mux).
Removed cell fft16_r2.$procmux$766 ($mux).
Removed cell fft16_r2.$procmux$781 ($mux).
Removed cell fft16_r2.$procmux$799 ($mux).
Removed cell fft16_r2.$procmux$816 ($mux).
Removed cell fft16_r2.$procmux$832 ($mux).
Removed cell fft16_r2.$procmux$851 ($mux).
Removed cell fft16_r2.$procmux$869 ($mux).
Removed cell fft16_r2.$procmux$886 ($mux).
Removed cell fft16_r2.$procmux$906 ($mux).
Removed cell fft16_r2.$procmux$925 ($mux).
Removed cell fft16_r2.$procmux$943 ($mux).
Removed cell fft16_r2.$procmux$948 ($mux).
Removed cell fft16_r2.$procmux$952 ($mux).
Removed cell fft16_r2.$procmux$955 ($mux).
Removed cell fft16_r2.$procmux$961 ($mux).
Removed cell fft16_r2.$procmux$966 ($mux).
Removed cell fft16_r2.$procmux$970 ($mux).
Removed cell fft16_r2.$procmux$977 ($mux).
Removed cell fft16_r2.$procmux$983 ($mux).
Removed cell fft16_r2.$procmux$988 ($mux).
Removed cell fft16_r2.$procmux$996 ($mux).
Removed cell fft16_r2.$procmux$1003 ($mux).
Removed cell fft16_r2.$procmux$1009 ($mux).
Removed cell fft16_r2.$procmux$1018 ($mux).
Removed cell fft16_r2.$procmux$1026 ($mux).
Removed cell fft16_r2.$procmux$1033 ($mux).
Removed cell fft16_r2.$procmux$1043 ($mux).
Removed cell fft16_r2.$procmux$1052 ($mux).
Removed cell fft16_r2.$procmux$1060 ($mux).
Removed cell fft16_r2.$procmux$1071 ($mux).
Removed cell fft16_r2.$procmux$1081 ($mux).
Removed cell fft16_r2.$procmux$1090 ($mux).
Removed cell fft16_r2.$procmux$1102 ($mux).
Removed cell fft16_r2.$procmux$1113 ($mux).
Removed cell fft16_r2.$procmux$1123 ($mux).
Removed cell fft16_r2.$procmux$1136 ($mux).
Removed top 1 bits (of 4) from port B of cell fft16_r2.$procmux$1147_CMP0 ($eq).
Removed cell fft16_r2.$procmux$1148 ($mux).
Removed top 1 bits (of 4) from port B of cell fft16_r2.$procmux$1160_CMP0 ($eq).
Removed cell fft16_r2.$procmux$1159 ($mux).
Removed cell fft16_r2.$procmux$1173 ($mux).
Removed top 1 bits (of 4) from port B of cell fft16_r2.$procmux$1185_CMP0 ($eq).
Removed cell fft16_r2.$procmux$1186 ($mux).
Removed top 1 bits (of 4) from port B of cell fft16_r2.$procmux$1199_CMP0 ($eq).
Removed cell fft16_r2.$procmux$1198 ($mux).
Removed cell fft16_r2.$procmux$1213 ($mux).
Removed top 1 bits (of 4) from port B of cell fft16_r2.$procmux$1226_CMP0 ($eq).
Removed cell fft16_r2.$procmux$1227 ($mux).
Removed top 1 bits (of 4) from port B of cell fft16_r2.$procmux$1241_CMP0 ($eq).
Removed cell fft16_r2.$procmux$1240 ($mux).
Removed cell fft16_r2.$procmux$1256 ($mux).
Removed top 1 bits (of 4) from port B of cell fft16_r2.$procmux$1270_CMP0 ($eq).
Removed cell fft16_r2.$procmux$1271 ($mux).
Removed top 1 bits (of 4) from port B of cell fft16_r2.$procmux$1286_CMP0 ($eq).
Removed cell fft16_r2.$procmux$1285 ($mux).
Removed cell fft16_r2.$procmux$1302 ($mux).
Removed top 2 bits (of 4) from port B of cell fft16_r2.$procmux$1317_CMP0 ($eq).
Removed cell fft16_r2.$procmux$1318 ($mux).
Removed top 2 bits (of 4) from port B of cell fft16_r2.$procmux$1334_CMP0 ($eq).
Removed cell fft16_r2.$procmux$1333 ($mux).
Removed cell fft16_r2.$procmux$1351 ($mux).
Removed top 2 bits (of 4) from port B of cell fft16_r2.$procmux$1367_CMP0 ($eq).
Removed cell fft16_r2.$procmux$1368 ($mux).
Removed top 2 bits (of 4) from port B of cell fft16_r2.$procmux$1385_CMP0 ($eq).
Removed cell fft16_r2.$procmux$1384 ($mux).
Removed cell fft16_r2.$procmux$1403 ($mux).
Removed top 3 bits (of 4) from port B of cell fft16_r2.$procmux$1420_CMP0 ($eq).
Removed cell fft16_r2.$procmux$1421 ($mux).
Removed top 3 bits (of 4) from port B of cell fft16_r2.$procmux$1439_CMP0 ($eq).
Removed cell fft16_r2.$procmux$1438 ($mux).
Removed cell fft16_r2.$procmux$1458 ($mux).
Removed cell fft16_r2.$procmux$1477 ($mux).
Removed cell fft16_r2.$procmux$1495 ($mux).
Removed cell fft16_r2.$flatten\u_fsm.$procmux$183 ($mux).
Removed top 1 bits (of 2) from port B of cell fft16_r2.$auto$opt_dff.cc:218:make_patterns_logic$1922 ($ne).
Removed cell fft16_r2.$flatten\u_fsm.$procmux$179 ($mux).
Removed top 1 bits (of 2) from port B of cell fft16_r2.$auto$opt_dff.cc:218:make_patterns_logic$1924 ($ne).
Removed cell fft16_r2.$flatten\u_fsm.$procmux$163 ($mux).
Removed top 31 bits (of 32) from port B of cell fft16_r2.$flatten\u_fsm.$add$/openLANE_flow/designs/fft_project/radix2/src/control_fsm_r2.v:75$110 ($add).
Removed top 30 bits (of 32) from port Y of cell fft16_r2.$flatten\u_fsm.$add$/openLANE_flow/designs/fft_project/radix2/src/control_fsm_r2.v:75$110 ($add).
Removed top 2 bits (of 5) from port B of cell fft16_r2.$flatten\u_fsm.$eq$/openLANE_flow/designs/fft_project/radix2/src/control_fsm_r2.v:73$109 ($eq).
Removed top 1 bits (of 5) from port B of cell fft16_r2.$flatten\u_fsm.$eq$/openLANE_flow/designs/fft_project/radix2/src/control_fsm_r2.v:61$107 ($eq).
Removed top 31 bits (of 32) from port B of cell fft16_r2.$flatten\u_fsm.$add$/openLANE_flow/designs/fft_project/radix2/src/control_fsm_r2.v:60$106 ($add).
Removed top 27 bits (of 32) from port Y of cell fft16_r2.$flatten\u_fsm.$add$/openLANE_flow/designs/fft_project/radix2/src/control_fsm_r2.v:60$106 ($add).
Removed top 3 bits (of 4) from port B of cell fft16_r2.$flatten\u_br.$procmux$208_CMP0 ($eq).
Removed top 2 bits (of 4) from port B of cell fft16_r2.$flatten\u_br.$procmux$207_CMP0 ($eq).
Removed top 2 bits (of 4) from port B of cell fft16_r2.$flatten\u_br.$procmux$206_CMP0 ($eq).
Removed top 1 bits (of 4) from port B of cell fft16_r2.$flatten\u_br.$procmux$205_CMP0 ($eq).
Removed top 1 bits (of 4) from port B of cell fft16_r2.$flatten\u_br.$procmux$204_CMP0 ($eq).
Removed top 1 bits (of 4) from port B of cell fft16_r2.$flatten\u_br.$procmux$203_CMP0 ($eq).
Removed top 1 bits (of 4) from port B of cell fft16_r2.$flatten\u_br.$procmux$202_CMP0 ($eq).
Removed top 1 bits (of 2) from port B of cell fft16_r2.$auto$opt_dff.cc:218:make_patterns_logic$1911 ($ne).
Removed top 2 bits (of 3) from port B of cell fft16_r2.$flatten\u_rom.$procmux$217_CMP0 ($eq).
Removed top 1 bits (of 3) from port B of cell fft16_r2.$flatten\u_rom.$procmux$216_CMP0 ($eq).
Removed top 1 bits (of 3) from port B of cell fft16_r2.$flatten\u_rom.$procmux$215_CMP0 ($eq).
Removed top 1 bits (of 32) from port Y of cell fft16_r2.$flatten\u_bf.$add$/openLANE_flow/designs/fft_project/radix2/src/butterfly_r2.v:45$95 ($add).
Removed top 1 bits (of 32) from port A of cell fft16_r2.$flatten\u_bf.$add$/openLANE_flow/designs/fft_project/radix2/src/butterfly_r2.v:45$95 ($add).
Removed top 1 bits (of 32) from port B of cell fft16_r2.$flatten\u_bf.$add$/openLANE_flow/designs/fft_project/radix2/src/butterfly_r2.v:45$95 ($add).
Removed top 1 bits (of 32) from port Y of cell fft16_r2.$flatten\u_bf.$mul$/openLANE_flow/designs/fft_project/radix2/src/butterfly_r2.v:45$94 ($mul).
Removed top 1 bits (of 32) from port Y of cell fft16_r2.$flatten\u_bf.$mul$/openLANE_flow/designs/fft_project/radix2/src/butterfly_r2.v:45$93 ($mul).
Removed top 1 bits (of 32) from port Y of cell fft16_r2.$flatten\u_bf.$sub$/openLANE_flow/designs/fft_project/radix2/src/butterfly_r2.v:44$92 ($sub).
Removed top 1 bits (of 32) from port A of cell fft16_r2.$flatten\u_bf.$sub$/openLANE_flow/designs/fft_project/radix2/src/butterfly_r2.v:44$92 ($sub).
Removed top 1 bits (of 32) from port B of cell fft16_r2.$flatten\u_bf.$sub$/openLANE_flow/designs/fft_project/radix2/src/butterfly_r2.v:44$92 ($sub).
Removed top 1 bits (of 32) from port Y of cell fft16_r2.$flatten\u_bf.$mul$/openLANE_flow/designs/fft_project/radix2/src/butterfly_r2.v:44$91 ($mul).
Removed top 1 bits (of 32) from port Y of cell fft16_r2.$flatten\u_bf.$mul$/openLANE_flow/designs/fft_project/radix2/src/butterfly_r2.v:44$90 ($mul).
Removed top 28 bits (of 32) from wire fft16_r2.$add$/openLANE_flow/designs/fft_project/radix2/src/fft16_r2.v:107$74_Y.
Removed top 1 bits (of 32) from wire fft16_r2.$flatten\u_bf.$mul$/openLANE_flow/designs/fft_project/radix2/src/butterfly_r2.v:44$90_Y.
Removed top 9 bits (of 32) from wire fft16_r2.$flatten\u_bf.$mul$/openLANE_flow/designs/fft_project/radix2/src/butterfly_r2.v:45$93_Y.
Removed top 1 bits (of 32) from wire fft16_r2.$flatten\u_bf.$mul$/openLANE_flow/designs/fft_project/radix2/src/butterfly_r2.v:45$94_Y.
Removed top 27 bits (of 32) from wire fft16_r2.$flatten\u_fsm.$add$/openLANE_flow/designs/fft_project/radix2/src/control_fsm_r2.v:60$106_Y.

10.11. Executing PEEPOPT pass (run peephole optimizers).

10.12. Executing OPT_CLEAN pass (remove unused cells and wires).
Finding unused cells or wires in module \fft16_r2..
Removed 0 unused cells and 104 unused wires.
<suppressed ~1 debug messages>

10.13. Executing ALUMACC pass (create $alu and $macc cells).
Extracting $alu and $macc cells in module fft16_r2:
  creating $macc model for $add$/openLANE_flow/designs/fft_project/radix2/src/fft16_r2.v:107$74 ($add).
  creating $macc model for $flatten\u_bf.$add$/openLANE_flow/designs/fft_project/radix2/src/butterfly_r2.v:45$95 ($add).
  creating $macc model for $flatten\u_bf.$add$/openLANE_flow/designs/fft_project/radix2/src/butterfly_r2.v:66$98 ($add).
  creating $macc model for $flatten\u_bf.$add$/openLANE_flow/designs/fft_project/radix2/src/butterfly_r2.v:67$99 ($add).
  creating $macc model for $flatten\u_bf.$mul$/openLANE_flow/designs/fft_project/radix2/src/butterfly_r2.v:44$90 ($mul).
  creating $macc model for $flatten\u_bf.$mul$/openLANE_flow/designs/fft_project/radix2/src/butterfly_r2.v:44$91 ($mul).
  creating $macc model for $flatten\u_bf.$mul$/openLANE_flow/designs/fft_project/radix2/src/butterfly_r2.v:45$93 ($mul).
  creating $macc model for $flatten\u_bf.$mul$/openLANE_flow/designs/fft_project/radix2/src/butterfly_r2.v:45$94 ($mul).
  creating $macc model for $flatten\u_bf.$sub$/openLANE_flow/designs/fft_project/radix2/src/butterfly_r2.v:44$92 ($sub).
  creating $macc model for $flatten\u_bf.$sub$/openLANE_flow/designs/fft_project/radix2/src/butterfly_r2.v:70$100 ($sub).
  creating $macc model for $flatten\u_bf.$sub$/openLANE_flow/designs/fft_project/radix2/src/butterfly_r2.v:71$101 ($sub).
  creating $macc model for $flatten\u_fsm.$add$/openLANE_flow/designs/fft_project/radix2/src/control_fsm_r2.v:60$106 ($add).
  creating $macc model for $flatten\u_fsm.$add$/openLANE_flow/designs/fft_project/radix2/src/control_fsm_r2.v:75$110 ($add).
  merging $macc model for $flatten\u_bf.$mul$/openLANE_flow/designs/fft_project/radix2/src/butterfly_r2.v:44$90 into $flatten\u_bf.$sub$/openLANE_flow/designs/fft_project/radix2/src/butterfly_r2.v:44$92.
  merging $macc model for $flatten\u_bf.$mul$/openLANE_flow/designs/fft_project/radix2/src/butterfly_r2.v:44$91 into $flatten\u_bf.$sub$/openLANE_flow/designs/fft_project/radix2/src/butterfly_r2.v:44$92.
  merging $macc model for $flatten\u_bf.$mul$/openLANE_flow/designs/fft_project/radix2/src/butterfly_r2.v:45$93 into $flatten\u_bf.$add$/openLANE_flow/designs/fft_project/radix2/src/butterfly_r2.v:45$95.
  merging $macc model for $flatten\u_bf.$mul$/openLANE_flow/designs/fft_project/radix2/src/butterfly_r2.v:45$94 into $flatten\u_bf.$add$/openLANE_flow/designs/fft_project/radix2/src/butterfly_r2.v:45$95.
  creating $alu model for $macc $flatten\u_fsm.$add$/openLANE_flow/designs/fft_project/radix2/src/control_fsm_r2.v:75$110.
  creating $alu model for $macc $flatten\u_fsm.$add$/openLANE_flow/designs/fft_project/radix2/src/control_fsm_r2.v:60$106.
  creating $alu model for $macc $flatten\u_bf.$sub$/openLANE_flow/designs/fft_project/radix2/src/butterfly_r2.v:71$101.
  creating $alu model for $macc $flatten\u_bf.$sub$/openLANE_flow/designs/fft_project/radix2/src/butterfly_r2.v:70$100.
  creating $alu model for $macc $flatten\u_bf.$add$/openLANE_flow/designs/fft_project/radix2/src/butterfly_r2.v:67$99.
  creating $alu model for $macc $flatten\u_bf.$add$/openLANE_flow/designs/fft_project/radix2/src/butterfly_r2.v:66$98.
  creating $alu model for $macc $add$/openLANE_flow/designs/fft_project/radix2/src/fft16_r2.v:107$74.
  creating $macc cell for $flatten\u_bf.$add$/openLANE_flow/designs/fft_project/radix2/src/butterfly_r2.v:45$95: $auto$alumacc.cc:365:replace_macc$1941
  creating $macc cell for $flatten\u_bf.$sub$/openLANE_flow/designs/fft_project/radix2/src/butterfly_r2.v:44$92: $auto$alumacc.cc:365:replace_macc$1942
  creating $alu cell for $add$/openLANE_flow/designs/fft_project/radix2/src/fft16_r2.v:107$74: $auto$alumacc.cc:485:replace_alu$1943
  creating $alu cell for $flatten\u_bf.$add$/openLANE_flow/designs/fft_project/radix2/src/butterfly_r2.v:67$99: $auto$alumacc.cc:485:replace_alu$1946
  creating $alu cell for $flatten\u_bf.$add$/openLANE_flow/designs/fft_project/radix2/src/butterfly_r2.v:66$98: $auto$alumacc.cc:485:replace_alu$1949
  creating $alu cell for $flatten\u_bf.$sub$/openLANE_flow/designs/fft_project/radix2/src/butterfly_r2.v:70$100: $auto$alumacc.cc:485:replace_alu$1952
  creating $alu cell for $flatten\u_bf.$sub$/openLANE_flow/designs/fft_project/radix2/src/butterfly_r2.v:71$101: $auto$alumacc.cc:485:replace_alu$1955
  creating $alu cell for $flatten\u_fsm.$add$/openLANE_flow/designs/fft_project/radix2/src/control_fsm_r2.v:60$106: $auto$alumacc.cc:485:replace_alu$1958
  creating $alu cell for $flatten\u_fsm.$add$/openLANE_flow/designs/fft_project/radix2/src/control_fsm_r2.v:75$110: $auto$alumacc.cc:485:replace_alu$1961
  created 7 $alu and 2 $macc cells.

10.14. Executing SHARE pass (SAT-based resource sharing).
Found 4 cells in module fft16_r2 that may be considered for resource sharing.
  Analyzing resource sharing options for $flatten\u_bf.$mul$/openLANE_flow/designs/fft_project/radix2/src/butterfly_r2.v:45$94 ($mul):
    Found cell that is never activated: $flatten\u_bf.$mul$/openLANE_flow/designs/fft_project/radix2/src/butterfly_r2.v:45$94
    Cell is never active. Sharing is pointless, we simply remove it.
  Analyzing resource sharing options for $flatten\u_bf.$mul$/openLANE_flow/designs/fft_project/radix2/src/butterfly_r2.v:45$93 ($mul):
    Found cell that is never activated: $flatten\u_bf.$mul$/openLANE_flow/designs/fft_project/radix2/src/butterfly_r2.v:45$93
    Cell is never active. Sharing is pointless, we simply remove it.
  Analyzing resource sharing options for $flatten\u_bf.$mul$/openLANE_flow/designs/fft_project/radix2/src/butterfly_r2.v:44$91 ($mul):
    Found cell that is never activated: $flatten\u_bf.$mul$/openLANE_flow/designs/fft_project/radix2/src/butterfly_r2.v:44$91
    Cell is never active. Sharing is pointless, we simply remove it.
  Analyzing resource sharing options for $flatten\u_bf.$mul$/openLANE_flow/designs/fft_project/radix2/src/butterfly_r2.v:44$90 ($mul):
    Found cell that is never activated: $flatten\u_bf.$mul$/openLANE_flow/designs/fft_project/radix2/src/butterfly_r2.v:44$90
    Cell is never active. Sharing is pointless, we simply remove it.
Removing 4 cells in module fft16_r2:
  Removing cell $flatten\u_bf.$mul$/openLANE_flow/designs/fft_project/radix2/src/butterfly_r2.v:44$90 ($mul).
  Removing cell $flatten\u_bf.$mul$/openLANE_flow/designs/fft_project/radix2/src/butterfly_r2.v:44$91 ($mul).
  Removing cell $flatten\u_bf.$mul$/openLANE_flow/designs/fft_project/radix2/src/butterfly_r2.v:45$93 ($mul).
  Removing cell $flatten\u_bf.$mul$/openLANE_flow/designs/fft_project/radix2/src/butterfly_r2.v:45$94 ($mul).

10.15. Executing OPT pass (performing simple optimizations).

10.15.1. Executing OPT_EXPR pass (perform const folding).
Optimizing module fft16_r2.

10.15.2. Executing OPT_MERGE pass (detect identical cells).
Finding identical cells in module `\fft16_r2'.
Removed a total of 0 cells.

10.15.3. Executing OPT_MUXTREE pass (detect dead branches in mux trees).
Running muxtree optimizer on module \fft16_r2..
  Creating internal representation of mux trees.
  Evaluating internal representation of mux trees.
  Analyzing evaluation results.
Removed 0 multiplexer ports.
<suppressed ~46 debug messages>

10.15.4. Executing OPT_REDUCE pass (consolidate $*mux and $reduce_* inputs).
  Optimizing cells in module \fft16_r2.
Performed a total of 0 changes.

10.15.5. Executing OPT_MERGE pass (detect identical cells).
Finding identical cells in module `\fft16_r2'.
Removed a total of 0 cells.

10.15.6. Executing OPT_DFF pass (perform DFF optimizations).

10.15.7. Executing OPT_CLEAN pass (remove unused cells and wires).
Finding unused cells or wires in module \fft16_r2..
Removed 0 unused cells and 4 unused wires.
<suppressed ~1 debug messages>

10.15.8. Executing OPT_EXPR pass (perform const folding).
Optimizing module fft16_r2.

10.15.9. Rerunning OPT passes. (Maybe there is more to do..)

10.15.10. Executing OPT_MUXTREE pass (detect dead branches in mux trees).
Running muxtree optimizer on module \fft16_r2..
  Creating internal representation of mux trees.
  Evaluating internal representation of mux trees.
  Analyzing evaluation results.
Removed 0 multiplexer ports.
<suppressed ~46 debug messages>

10.15.11. Executing OPT_REDUCE pass (consolidate $*mux and $reduce_* inputs).
  Optimizing cells in module \fft16_r2.
Performed a total of 0 changes.

10.15.12. Executing OPT_MERGE pass (detect identical cells).
Finding identical cells in module `\fft16_r2'.
Removed a total of 0 cells.

10.15.13. Executing OPT_DFF pass (perform DFF optimizations).

10.15.14. Executing OPT_CLEAN pass (remove unused cells and wires).
Finding unused cells or wires in module \fft16_r2..

10.15.15. Executing OPT_EXPR pass (perform const folding).
Optimizing module fft16_r2.

10.15.16. Finished OPT passes. (There is nothing left to do.)

10.16. Executing MEMORY pass.

10.16.1. Executing OPT_MEM pass (optimize memories).
Performed a total of 0 transformations.

10.16.2. Executing MEMORY_DFF pass (merging $dff cells to $memrd and $memwr).

10.16.3. Executing OPT_CLEAN pass (remove unused cells and wires).
Finding unused cells or wires in module \fft16_r2..

10.16.4. Executing MEMORY_SHARE pass (consolidating $memrd/$memwr cells).

10.16.5. Executing OPT_CLEAN pass (remove unused cells and wires).
Finding unused cells or wires in module \fft16_r2..

10.16.6. Executing MEMORY_COLLECT pass (generating $mem cells).

10.17. Executing OPT_CLEAN pass (remove unused cells and wires).
Finding unused cells or wires in module \fft16_r2..

10.18. Executing OPT pass (performing simple optimizations).

10.18.1. Executing OPT_EXPR pass (perform const folding).
Optimizing module fft16_r2.
<suppressed ~19 debug messages>

10.18.2. Executing OPT_MERGE pass (detect identical cells).
Finding identical cells in module `\fft16_r2'.
Removed a total of 0 cells.

10.18.3. Executing OPT_DFF pass (perform DFF optimizations).

10.18.4. Executing OPT_CLEAN pass (remove unused cells and wires).
Finding unused cells or wires in module \fft16_r2..
Removed 1 unused cells and 4 unused wires.
<suppressed ~2 debug messages>

10.18.5. Finished fast OPT passes.

10.19. Executing MEMORY_MAP pass (converting $mem cells to logic and flip-flops).

10.20. Executing OPT pass (performing simple optimizations).

10.20.1. Executing OPT_EXPR pass (perform const folding).
Optimizing module fft16_r2.

10.20.2. Executing OPT_MERGE pass (detect identical cells).
Finding identical cells in module `\fft16_r2'.
Removed a total of 0 cells.

10.20.3. Executing OPT_MUXTREE pass (detect dead branches in mux trees).
Running muxtree optimizer on module \fft16_r2..
  Creating internal representation of mux trees.
  Evaluating internal representation of mux trees.
  Analyzing evaluation results.
Removed 0 multiplexer ports.
<suppressed ~42 debug messages>

10.20.4. Executing OPT_REDUCE pass (consolidate $*mux and $reduce_* inputs).
  Optimizing cells in module \fft16_r2.
    Consolidated identical input bits for $pmux cell $flatten\u_rom.$procmux$210:
      Old ports: A=16'0000000000000000, B=64'1000000000000001100010011011111010100101011111101100111100000100, Y=\u_bf.w_imag
      New ports: A=9'000000000, B=36'100000001110010110101001110111100100, Y={ \u_bf.w_imag [15] \u_bf.w_imag [11:9] \u_bf.w_imag [7:6] \u_bf.w_imag [2:0] }
      New connections: { \u_bf.w_imag [14:12] \u_bf.w_imag [8] \u_bf.w_imag [5:3] } = { \u_bf.w_imag [9] \u_bf.w_imag [6] 1'0 \u_bf.w_imag [2:1] \u_bf.w_imag [1] \u_bf.w_imag [1] }
    Consolidated identical input bits for $pmux cell $flatten\u_rom.$procmux$219:
      Old ports: A=16'0111111111111111, B=112'0111011001000010010110101000001000110000111111000000000000000000110011110000010010100101011111101000100110111110, Y=\u_bf.w_real
      New ports: A=12'011111111111, B=84'010110010010011010100010010000111100000000000000101111000100100101011110101001101110, Y={ \u_bf.w_real [15] \u_bf.w_real [12:6] \u_bf.w_real [3:0] }
      New connections: { \u_bf.w_real [14:13] \u_bf.w_real [5:4] } = { \u_bf.w_real [9] \u_bf.w_real [6] \u_bf.w_real [3] \u_bf.w_real [3] }
  Optimizing cells in module \fft16_r2.
Performed a total of 2 changes.

10.20.5. Executing OPT_MERGE pass (detect identical cells).
Finding identical cells in module `\fft16_r2'.
Removed a total of 0 cells.

10.20.6. Executing OPT_SHARE pass.

10.20.7. Executing OPT_DFF pass (perform DFF optimizations).

10.20.8. Executing OPT_CLEAN pass (remove unused cells and wires).
Finding unused cells or wires in module \fft16_r2..

10.20.9. Executing OPT_EXPR pass (perform const folding).
Optimizing module fft16_r2.

10.20.10. Rerunning OPT passes. (Maybe there is more to do..)

10.20.11. Executing OPT_MUXTREE pass (detect dead branches in mux trees).
Running muxtree optimizer on module \fft16_r2..
  Creating internal representation of mux trees.
  Evaluating internal representation of mux trees.
  Analyzing evaluation results.
Removed 0 multiplexer ports.
<suppressed ~42 debug messages>

10.20.12. Executing OPT_REDUCE pass (consolidate $*mux and $reduce_* inputs).
  Optimizing cells in module \fft16_r2.
Performed a total of 0 changes.

10.20.13. Executing OPT_MERGE pass (detect identical cells).
Finding identical cells in module `\fft16_r2'.
Removed a total of 0 cells.

10.20.14. Executing OPT_SHARE pass.

10.20.15. Executing OPT_DFF pass (perform DFF optimizations).

10.20.16. Executing OPT_CLEAN pass (remove unused cells and wires).
Finding unused cells or wires in module \fft16_r2..

10.20.17. Executing OPT_EXPR pass (perform const folding).
Optimizing module fft16_r2.

10.20.18. Finished OPT passes. (There is nothing left to do.)

10.21. Executing TECHMAP pass (map to technology primitives).

10.21.1. Executing Verilog-2005 frontend: /build/bin/../share/yosys/techmap.v
Parsing Verilog input from `/build/bin/../share/yosys/techmap.v' to AST representation.
Generating RTLIL representation for module `\_90_simplemap_bool_ops'.
Generating RTLIL representation for module `\_90_simplemap_reduce_ops'.
Generating RTLIL representation for module `\_90_simplemap_logic_ops'.
Generating RTLIL representation for module `\_90_simplemap_compare_ops'.
Generating RTLIL representation for module `\_90_simplemap_various'.
Generating RTLIL representation for module `\_90_simplemap_registers'.
Generating RTLIL representation for module `\_90_shift_ops_shr_shl_sshl_sshr'.
Generating RTLIL representation for module `\_90_shift_shiftx'.
Generating RTLIL representation for module `\_90_fa'.
Generating RTLIL representation for module `\_90_lcu'.
Generating RTLIL representation for module `\_90_alu'.
Generating RTLIL representation for module `\_90_macc'.
Generating RTLIL representation for module `\_90_alumacc'.
Generating RTLIL representation for module `\$__div_mod_u'.
Generating RTLIL representation for module `\$__div_mod_trunc'.
Generating RTLIL representation for module `\_90_div'.
Generating RTLIL representation for module `\_90_mod'.
Generating RTLIL representation for module `\$__div_mod_floor'.
Generating RTLIL representation for module `\_90_divfloor'.
Generating RTLIL representation for module `\_90_modfloor'.
Generating RTLIL representation for module `\_90_pow'.
Generating RTLIL representation for module `\_90_pmux'.
Generating RTLIL representation for module `\_90_lut'.
Successfully finished Verilog frontend.

10.21.2. Continuing TECHMAP pass.
Using extmapper simplemap for cells of type $and.
Using extmapper simplemap for cells of type $reduce_bool.
Using template $paramod\_90_pmux\WIDTH=16\S_WIDTH=15 for cells of type $pmux.
Using template $paramod\_90_alu\A_SIGNED=1\B_SIGNED=1\A_WIDTH=16\B_WIDTH=16\Y_WIDTH=16 for cells of type $alu.
Using extmapper simplemap for cells of type $reduce_or.
Using extmapper simplemap for cells of type $eq.
Using extmapper simplemap for cells of type $adffe.
Using extmapper simplemap for cells of type $reduce_and.
Using extmapper simplemap for cells of type $ne.
Using extmapper simplemap for cells of type $mux.
Using extmapper simplemap for cells of type $logic_not.
Using extmapper simplemap for cells of type $not.
Using extmapper simplemap for cells of type $adff.
Using extmapper maccmap for cells of type $macc.
  add { \u_bf.w_real [15:10] \u_bf.w_real [14] \u_bf.w_real [8:7] \u_bf.w_real [13] \u_bf.w_real [5] \u_bf.w_real [5] \u_bf.w_real [5] \u_bf.w_real [2:0] } * \u_bf.b_imag (16x16 bits, signed)
  add { \u_bf.w_imag [15:13] 1'0 \u_bf.w_imag [11:10] \u_bf.w_imag [14] \u_bf.w_imag [8:7] \u_bf.w_imag [13] \u_bf.w_imag [5] \u_bf.w_imag [5] \u_bf.w_imag [5] \u_bf.w_imag [8] \u_bf.w_imag [5] \u_bf.w_imag [0] } * \u_bf.b_real (16x16 bits, signed)
Using template $paramod\_90_pmux\WIDTH=5\S_WIDTH=2 for cells of type $pmux.
Using template $paramod\_90_alu\A_SIGNED=0\B_SIGNED=0\A_WIDTH=1\B_WIDTH=2\Y_WIDTH=2 for cells of type $alu.
Using template $paramod\_90_pmux\WIDTH=4\S_WIDTH=15 for cells of type $pmux.
Using template $paramod\_90_pmux\WIDTH=12\S_WIDTH=7 for cells of type $pmux.
Using template $paramod\_90_pmux\WIDTH=9\S_WIDTH=4 for cells of type $pmux.
Using template $paramod\_90_alu\A_SIGNED=0\B_SIGNED=0\A_WIDTH=1\B_WIDTH=5\Y_WIDTH=5 for cells of type $alu.
  add { \u_bf.w_real [15:10] \u_bf.w_real [14] \u_bf.w_real [8:7] \u_bf.w_real [13] \u_bf.w_real [5] \u_bf.w_real [5] \u_bf.w_real [5] \u_bf.w_real [2:0] } * \u_bf.b_real (16x16 bits, signed)
  sub { \u_bf.w_imag [15:13] 1'0 \u_bf.w_imag [11:10] \u_bf.w_imag [14] \u_bf.w_imag [8:7] \u_bf.w_imag [13] \u_bf.w_imag [5] \u_bf.w_imag [5] \u_bf.w_imag [5] \u_bf.w_imag [8] \u_bf.w_imag [5] \u_bf.w_imag [0] } * \u_bf.b_imag (16x16 bits, signed)
Using template $paramod\_90_alu\A_SIGNED=0\B_SIGNED=0\A_WIDTH=1\B_WIDTH=4\Y_WIDTH=4 for cells of type $alu.
Using template $paramod\_90_lcu\WIDTH=16 for cells of type $lcu.
Using extmapper simplemap for cells of type $pos.
Using extmapper simplemap for cells of type $xor.
Using template $paramod\_90_fa\WIDTH=31 for cells of type $fa.
Using template $paramod\_90_fa\WIDTH=30 for cells of type $fa.
Using template $paramod\_90_alu\A_SIGNED=0\B_SIGNED=0\A_WIDTH=31\B_WIDTH=31\Y_WIDTH=31 for cells of type $alu.
Using template $paramod\_90_lcu\WIDTH=2 for cells of type $lcu.
Using template $paramod\_90_lcu\WIDTH=5 for cells of type $lcu.
Using template $paramod\_90_lcu\WIDTH=4 for cells of type $lcu.
Using extmapper simplemap for cells of type $or.
Using template $paramod\_90_lcu\WIDTH=31 for cells of type $lcu.
No more expansions possible.
<suppressed ~2320 debug messages>

10.22. Executing OPT pass (performing simple optimizations).

10.22.1. Executing OPT_EXPR pass (perform const folding).
Optimizing module fft16_r2.
<suppressed ~4896 debug messages>

10.22.2. Executing OPT_MERGE pass (detect identical cells).
Finding identical cells in module `\fft16_r2'.
<suppressed ~7668 debug messages>
Removed a total of 2556 cells.

10.22.3. Executing OPT_DFF pass (perform DFF optimizations).

10.22.4. Executing OPT_CLEAN pass (remove unused cells and wires).
Finding unused cells or wires in module \fft16_r2..
Removed 274 unused cells and 1993 unused wires.
<suppressed ~275 debug messages>

10.22.5. Finished fast OPT passes.

10.23. Executing ABC pass (technology mapping using ABC).

10.23.1. Extracting gate netlist of module `\fft16_r2' to `<abc-temp-dir>/input.blif'..
Extracted 10924 gates and 11557 wires to a netlist network with 631 inputs and 611 outputs.

10.23.1.1. Executing ABC.
Running ABC command: <yosys-exe-dir>/yosys-abc -s -f <abc-temp-dir>/abc.script 2>&1
ABC: ABC command line: "source <abc-temp-dir>/abc.script".
ABC: 
ABC: + read_blif <abc-temp-dir>/input.blif 
ABC: + read_library <abc-temp-dir>/stdcells.genlib 
ABC: Entered genlib library with 13 gates from file "<abc-temp-dir>/stdcells.genlib".
ABC: + strash 
ABC: + dretime 
ABC: + map 
ABC: + write_blif <abc-temp-dir>/output.blif 

10.23.1.2. Re-integrating ABC results.
ABC RESULTS:               AND cells:      348
ABC RESULTS:            ANDNOT cells:     3286
ABC RESULTS:               MUX cells:     1114
ABC RESULTS:              NAND cells:       59
ABC RESULTS:               NOR cells:      954
ABC RESULTS:               NOT cells:      207
ABC RESULTS:                OR cells:     1758
ABC RESULTS:             ORNOT cells:      378
ABC RESULTS:              XNOR cells:      868
ABC RESULTS:               XOR cells:     1741
ABC RESULTS:        internal signals:    10315
ABC RESULTS:           input signals:      631
ABC RESULTS:          output signals:      611
Removing temp directory.

10.24. Executing OPT pass (performing simple optimizations).

10.24.1. Executing OPT_EXPR pass (perform const folding).
Optimizing module fft16_r2.
<suppressed ~20 debug messages>

10.24.2. Executing OPT_MERGE pass (detect identical cells).
Finding identical cells in module `\fft16_r2'.
<suppressed ~30 debug messages>
Removed a total of 10 cells.

10.24.3. Executing OPT_DFF pass (perform DFF optimizations).

10.24.4. Executing OPT_CLEAN pass (remove unused cells and wires).
Finding unused cells or wires in module \fft16_r2..
Removed 1 unused cells and 2474 unused wires.
<suppressed ~8 debug messages>

10.24.5. Finished fast OPT passes.

10.25. Executing HIERARCHY pass (managing design hierarchy).

10.25.1. Analyzing design hierarchy..
Top module:  \fft16_r2

10.25.2. Analyzing design hierarchy..
Top module:  \fft16_r2
Removed 0 unused modules.

10.26. Printing statistics.

=== fft16_r2 ===

   Number of wires:              10247
   Number of wire bits:          12143
   Number of public wires:          84
   Number of public wire bits:    1406
   Number of memories:               0
   Number of memory bits:            0
   Number of processes:              0
   Number of cells:              11301
     $_ANDNOT_                    3285
     $_AND_                        348
     $_DFFE_PN0P_                  586
     $_DFF_PN0_                     10
     $_DFF_PN1_                      1
     $_MUX_                       1114
     $_NAND_                        58
     $_NOR_                        954
     $_NOT_                        206
     $_ORNOT_                      377
     $_OR_                        1756
     $_XNOR_                       868
     $_XOR_                       1738

10.27. Executing CHECK pass (checking for obvious problems).
checking module fft16_r2..
found and reported 0 problems.

11. Executing SHARE pass (SAT-based resource sharing).

12. Executing OPT pass (performing simple optimizations).

12.1. Executing OPT_EXPR pass (perform const folding).
Optimizing module fft16_r2.
<suppressed ~32 debug messages>

12.2. Executing OPT_MERGE pass (detect identical cells).
Finding identical cells in module `\fft16_r2'.
<suppressed ~90 debug messages>
Removed a total of 30 cells.

12.3. Executing OPT_MUXTREE pass (detect dead branches in mux trees).
Running muxtree optimizer on module \fft16_r2..
  Creating internal representation of mux trees.
  No muxes found in this module.
Removed 0 multiplexer ports.

12.4. Executing OPT_REDUCE pass (consolidate $*mux and $reduce_* inputs).
  Optimizing cells in module \fft16_r2.
Performed a total of 0 changes.

12.5. Executing OPT_MERGE pass (detect identical cells).
Finding identical cells in module `\fft16_r2'.
Removed a total of 0 cells.

12.6. Executing OPT_DFF pass (perform DFF optimizations).

12.7. Executing OPT_CLEAN pass (remove unused cells and wires).
Finding unused cells or wires in module \fft16_r2..
Removed 0 unused cells and 32 unused wires.
<suppressed ~1 debug messages>

12.8. Executing OPT_EXPR pass (perform const folding).
Optimizing module fft16_r2.

12.9. Rerunning OPT passes. (Maybe there is more to do..)

12.10. Executing OPT_MUXTREE pass (detect dead branches in mux trees).
Running muxtree optimizer on module \fft16_r2..
  Creating internal representation of mux trees.
  No muxes found in this module.
Removed 0 multiplexer ports.

12.11. Executing OPT_REDUCE pass (consolidate $*mux and $reduce_* inputs).
  Optimizing cells in module \fft16_r2.
Performed a total of 0 changes.

12.12. Executing OPT_MERGE pass (detect identical cells).
Finding identical cells in module `\fft16_r2'.
Removed a total of 0 cells.

12.13. Executing OPT_DFF pass (perform DFF optimizations).

12.14. Executing OPT_CLEAN pass (remove unused cells and wires).
Finding unused cells or wires in module \fft16_r2..

12.15. Executing OPT_EXPR pass (perform const folding).
Optimizing module fft16_r2.

12.16. Finished OPT passes. (There is nothing left to do.)

13. Executing OPT_CLEAN pass (remove unused cells and wires).
Finding unused cells or wires in module \fft16_r2..
Removed 0 unused cells and 62 unused wires.
<suppressed ~62 debug messages>

14. Printing statistics.

=== fft16_r2 ===

   Number of wires:              10153
   Number of wire bits:          11340
   Number of public wires:          22
   Number of public wire bits:     635
   Number of memories:               0
   Number of memory bits:            0
   Number of processes:              0
   Number of cells:              11239
     $_ANDNOT_                    3285
     $_AND_                        348
     $_DFFE_PN0P_                  586
     $_DFF_PN0_                     10
     $_DFF_PN1_                      1
     $_MUX_                       1052
     $_NAND_                        58
     $_NOR_                        954
     $_NOT_                        206
     $_ORNOT_                      377
     $_OR_                        1756
     $_XNOR_                       868
     $_XOR_                       1738

mapping tbuf

15. Executing TECHMAP pass (map to technology primitives).

15.1. Executing Verilog-2005 frontend: /home/vsduser/Desktop/work/tools/openlane_working_dir/pdks/sky130A/libs.tech/openlane/sky130_fd_sc_hd/tribuff_map.v
Parsing Verilog input from `/home/vsduser/Desktop/work/tools/openlane_working_dir/pdks/sky130A/libs.tech/openlane/sky130_fd_sc_hd/tribuff_map.v' to AST representation.
Generating RTLIL representation for module `\$_TBUF_'.
Successfully finished Verilog frontend.

15.2. Continuing TECHMAP pass.
No more expansions possible.
<suppressed ~3 debug messages>

16. Executing SIMPLEMAP pass (map simple cells to gate primitives).

17. Executing MUXCOVER pass (mapping to wider MUXes).
Covering MUX trees in module fft16_r2..
  Treeifying 1052 MUXes:
    Found tree with 1 MUXes at root $0\mem_real[0][15:0] [0].
    Found tree with 2 MUXes at root $0\mem_real[0][15:0] [1].
    Found tree with 2 MUXes at root $0\mem_real[0][15:0] [2].
    Found tree with 2 MUXes at root $0\mem_real[0][15:0] [3].
    Found tree with 2 MUXes at root $0\mem_real[0][15:0] [4].
    Found tree with 2 MUXes at root $0\mem_real[0][15:0] [5].
    Found tree with 2 MUXes at root $0\mem_real[0][15:0] [6].
    Found tree with 2 MUXes at root $0\mem_real[0][15:0] [7].
    Found tree with 2 MUXes at root $0\mem_real[0][15:0] [8].
    Found tree with 2 MUXes at root $0\mem_real[0][15:0] [9].
    Found tree with 2 MUXes at root $0\mem_real[0][15:0] [10].
    Found tree with 2 MUXes at root $0\mem_real[0][15:0] [11].
    Found tree with 2 MUXes at root $0\mem_real[0][15:0] [12].
    Found tree with 2 MUXes at root $0\mem_real[0][15:0] [13].
    Found tree with 2 MUXes at root $0\mem_real[0][15:0] [14].
    Found tree with 2 MUXes at root $0\mem_real[0][15:0] [15].
    Found tree with 2 MUXes at root $0\mem_real[1][15:0] [1].
    Found tree with 2 MUXes at root $0\mem_real[1][15:0] [2].
    Found tree with 2 MUXes at root $0\mem_real[1][15:0] [3].
    Found tree with 2 MUXes at root $0\mem_real[1][15:0] [4].
    Found tree with 2 MUXes at root $0\mem_real[1][15:0] [5].
    Found tree with 2 MUXes at root $0\mem_real[1][15:0] [6].
    Found tree with 2 MUXes at root $0\mem_real[1][15:0] [7].
    Found tree with 2 MUXes at root $0\mem_real[1][15:0] [8].
    Found tree with 2 MUXes at root $0\mem_real[1][15:0] [9].
    Found tree with 2 MUXes at root $0\mem_real[1][15:0] [10].
    Found tree with 2 MUXes at root $0\mem_real[1][15:0] [11].
    Found tree with 2 MUXes at root $0\mem_real[1][15:0] [12].
    Found tree with 2 MUXes at root $0\mem_real[1][15:0] [13].
    Found tree with 2 MUXes at root $0\mem_real[1][15:0] [14].
    Found tree with 2 MUXes at root $0\mem_real[1][15:0] [15].
    Found tree with 2 MUXes at root $0\mem_real[2][15:0] [1].
    Found tree with 2 MUXes at root $0\mem_real[2][15:0] [2].
    Found tree with 2 MUXes at root $0\mem_real[2][15:0] [3].
    Found tree with 2 MUXes at root $0\mem_real[2][15:0] [4].
    Found tree with 2 MUXes at root $0\mem_real[2][15:0] [5].
    Found tree with 2 MUXes at root $0\mem_real[2][15:0] [6].
    Found tree with 2 MUXes at root $0\mem_real[2][15:0] [7].
    Found tree with 2 MUXes at root $0\mem_real[2][15:0] [8].
    Found tree with 2 MUXes at root $0\mem_real[2][15:0] [9].
    Found tree with 2 MUXes at root $0\mem_real[2][15:0] [10].
    Found tree with 2 MUXes at root $0\mem_real[2][15:0] [11].
    Found tree with 2 MUXes at root $0\mem_real[2][15:0] [12].
    Found tree with 2 MUXes at root $0\mem_real[2][15:0] [13].
    Found tree with 2 MUXes at root $0\mem_real[2][15:0] [14].
    Found tree with 2 MUXes at root $0\mem_real[2][15:0] [15].
    Found tree with 2 MUXes at root $0\mem_real[3][15:0] [1].
    Found tree with 2 MUXes at root $0\mem_real[3][15:0] [2].
    Found tree with 2 MUXes at root $0\mem_real[3][15:0] [3].
    Found tree with 2 MUXes at root $0\mem_real[3][15:0] [4].
    Found tree with 2 MUXes at root $0\mem_real[3][15:0] [5].
    Found tree with 2 MUXes at root $0\mem_real[3][15:0] [6].
    Found tree with 2 MUXes at root $0\mem_real[3][15:0] [7].
    Found tree with 2 MUXes at root $0\mem_real[3][15:0] [8].
    Found tree with 2 MUXes at root $0\mem_real[3][15:0] [9].
    Found tree with 2 MUXes at root $0\mem_real[3][15:0] [10].
    Found tree with 2 MUXes at root $0\mem_real[3][15:0] [11].
    Found tree with 2 MUXes at root $0\mem_real[3][15:0] [12].
    Found tree with 2 MUXes at root $0\mem_real[3][15:0] [13].
    Found tree with 2 MUXes at root $0\mem_real[3][15:0] [14].
    Found tree with 2 MUXes at root $0\mem_real[3][15:0] [15].
    Found tree with 2 MUXes at root $0\mem_real[4][15:0] [1].
    Found tree with 2 MUXes at root $0\mem_real[4][15:0] [2].
    Found tree with 2 MUXes at root $0\mem_real[4][15:0] [3].
    Found tree with 2 MUXes at root $0\mem_real[4][15:0] [4].
    Found tree with 2 MUXes at root $0\mem_real[4][15:0] [5].
    Found tree with 2 MUXes at root $0\mem_real[4][15:0] [6].
    Found tree with 2 MUXes at root $0\mem_real[4][15:0] [7].
    Found tree with 2 MUXes at root $0\mem_real[4][15:0] [8].
    Found tree with 2 MUXes at root $0\mem_real[4][15:0] [9].
    Found tree with 2 MUXes at root $0\mem_real[4][15:0] [10].
    Found tree with 2 MUXes at root $0\mem_real[4][15:0] [11].
    Found tree with 2 MUXes at root $0\mem_real[4][15:0] [12].
    Found tree with 2 MUXes at root $0\mem_real[4][15:0] [13].
    Found tree with 2 MUXes at root $0\mem_real[4][15:0] [14].
    Found tree with 2 MUXes at root $0\mem_real[4][15:0] [15].
    Found tree with 2 MUXes at root $0\mem_real[5][15:0] [1].
    Found tree with 2 MUXes at root $0\mem_real[5][15:0] [2].
    Found tree with 2 MUXes at root $0\mem_real[5][15:0] [3].
    Found tree with 2 MUXes at root $0\mem_real[5][15:0] [4].
    Found tree with 2 MUXes at root $0\mem_real[5][15:0] [5].
    Found tree with 2 MUXes at root $0\mem_real[5][15:0] [6].
    Found tree with 2 MUXes at root $0\mem_real[5][15:0] [7].
    Found tree with 2 MUXes at root $0\mem_real[5][15:0] [8].
    Found tree with 2 MUXes at root $0\mem_real[5][15:0] [9].
    Found tree with 2 MUXes at root $0\mem_real[5][15:0] [10].
    Found tree with 2 MUXes at root $0\mem_real[5][15:0] [11].
    Found tree with 2 MUXes at root $0\mem_real[5][15:0] [12].
    Found tree with 2 MUXes at root $0\mem_real[5][15:0] [13].
    Found tree with 2 MUXes at root $0\mem_real[5][15:0] [14].
    Found tree with 2 MUXes at root $0\mem_real[5][15:0] [15].
    Found tree with 2 MUXes at root $0\mem_real[6][15:0] [1].
    Found tree with 2 MUXes at root $0\mem_real[6][15:0] [2].
    Found tree with 2 MUXes at root $0\mem_real[6][15:0] [3].
    Found tree with 2 MUXes at root $0\mem_real[6][15:0] [4].
    Found tree with 2 MUXes at root $0\mem_real[6][15:0] [5].
    Found tree with 2 MUXes at root $0\mem_real[6][15:0] [6].
    Found tree with 2 MUXes at root $0\mem_real[6][15:0] [7].
    Found tree with 2 MUXes at root $0\mem_real[6][15:0] [8].
    Found tree with 2 MUXes at root $0\mem_real[6][15:0] [9].
    Found tree with 2 MUXes at root $0\mem_real[6][15:0] [10].
    Found tree with 2 MUXes at root $0\mem_real[6][15:0] [11].
    Found tree with 2 MUXes at root $0\mem_real[6][15:0] [12].
    Found tree with 2 MUXes at root $0\mem_real[6][15:0] [13].
    Found tree with 2 MUXes at root $0\mem_real[6][15:0] [14].
    Found tree with 2 MUXes at root $0\mem_real[6][15:0] [15].
    Found tree with 2 MUXes at root $0\mem_real[7][15:0] [1].
    Found tree with 2 MUXes at root $0\mem_real[7][15:0] [2].
    Found tree with 2 MUXes at root $0\mem_real[7][15:0] [3].
    Found tree with 2 MUXes at root $0\mem_real[7][15:0] [4].
    Found tree with 2 MUXes at root $0\mem_real[7][15:0] [5].
    Found tree with 2 MUXes at root $0\mem_real[7][15:0] [6].
    Found tree with 2 MUXes at root $0\mem_real[7][15:0] [7].
    Found tree with 2 MUXes at root $0\mem_real[7][15:0] [8].
    Found tree with 2 MUXes at root $0\mem_real[7][15:0] [9].
    Found tree with 2 MUXes at root $0\mem_real[7][15:0] [10].
    Found tree with 2 MUXes at root $0\mem_real[7][15:0] [11].
    Found tree with 2 MUXes at root $0\mem_real[7][15:0] [12].
    Found tree with 2 MUXes at root $0\mem_real[7][15:0] [13].
    Found tree with 2 MUXes at root $0\mem_real[7][15:0] [14].
    Found tree with 2 MUXes at root $0\mem_real[7][15:0] [15].
    Found tree with 2 MUXes at root $0\mem_real[8][15:0] [1].
    Found tree with 2 MUXes at root $0\mem_real[8][15:0] [2].
    Found tree with 2 MUXes at root $0\mem_real[8][15:0] [3].
    Found tree with 2 MUXes at root $0\mem_real[8][15:0] [4].
    Found tree with 2 MUXes at root $0\mem_real[8][15:0] [5].
    Found tree with 2 MUXes at root $0\mem_real[8][15:0] [6].
    Found tree with 2 MUXes at root $0\mem_real[8][15:0] [7].
    Found tree with 2 MUXes at root $0\mem_real[8][15:0] [8].
    Found tree with 2 MUXes at root $0\mem_real[8][15:0] [9].
    Found tree with 2 MUXes at root $0\mem_real[8][15:0] [10].
    Found tree with 2 MUXes at root $0\mem_real[8][15:0] [11].
    Found tree with 2 MUXes at root $0\mem_real[8][15:0] [12].
    Found tree with 2 MUXes at root $0\mem_real[8][15:0] [13].
    Found tree with 2 MUXes at root $0\mem_real[8][15:0] [14].
    Found tree with 2 MUXes at root $0\mem_real[8][15:0] [15].
    Found tree with 2 MUXes at root $0\mem_real[9][15:0] [1].
    Found tree with 2 MUXes at root $0\mem_real[9][15:0] [2].
    Found tree with 2 MUXes at root $0\mem_real[9][15:0] [3].
    Found tree with 2 MUXes at root $0\mem_real[9][15:0] [4].
    Found tree with 2 MUXes at root $0\mem_real[9][15:0] [5].
    Found tree with 2 MUXes at root $0\mem_real[9][15:0] [6].
    Found tree with 2 MUXes at root $0\mem_real[9][15:0] [7].
    Found tree with 2 MUXes at root $0\mem_real[9][15:0] [8].
    Found tree with 2 MUXes at root $0\mem_real[9][15:0] [9].
    Found tree with 2 MUXes at root $0\mem_real[9][15:0] [10].
    Found tree with 2 MUXes at root $0\mem_real[9][15:0] [11].
    Found tree with 2 MUXes at root $0\mem_real[9][15:0] [12].
    Found tree with 2 MUXes at root $0\mem_real[9][15:0] [13].
    Found tree with 2 MUXes at root $0\mem_real[9][15:0] [14].
    Found tree with 2 MUXes at root $0\mem_real[9][15:0] [15].
    Found tree with 2 MUXes at root $0\mem_real[10][15:0] [1].
    Found tree with 2 MUXes at root $0\mem_real[10][15:0] [2].
    Found tree with 2 MUXes at root $0\mem_real[10][15:0] [3].
    Found tree with 2 MUXes at root $0\mem_real[10][15:0] [4].
    Found tree with 2 MUXes at root $0\mem_real[10][15:0] [5].
    Found tree with 2 MUXes at root $0\mem_real[10][15:0] [6].
    Found tree with 2 MUXes at root $0\mem_real[10][15:0] [7].
    Found tree with 2 MUXes at root $0\mem_real[10][15:0] [8].
    Found tree with 2 MUXes at root $0\mem_real[10][15:0] [9].
    Found tree with 2 MUXes at root $0\mem_real[10][15:0] [10].
    Found tree with 2 MUXes at root $0\mem_real[10][15:0] [11].
    Found tree with 2 MUXes at root $0\mem_real[10][15:0] [12].
    Found tree with 2 MUXes at root $0\mem_real[10][15:0] [13].
    Found tree with 2 MUXes at root $0\mem_real[10][15:0] [14].
    Found tree with 2 MUXes at root $0\mem_real[10][15:0] [15].
    Found tree with 2 MUXes at root $0\mem_real[11][15:0] [1].
    Found tree with 2 MUXes at root $0\mem_real[11][15:0] [2].
    Found tree with 2 MUXes at root $0\mem_real[11][15:0] [3].
    Found tree with 2 MUXes at root $0\mem_real[11][15:0] [4].
    Found tree with 2 MUXes at root $0\mem_real[11][15:0] [5].
    Found tree with 2 MUXes at root $0\mem_real[11][15:0] [6].
    Found tree with 2 MUXes at root $0\mem_real[11][15:0] [7].
    Found tree with 2 MUXes at root $0\mem_real[11][15:0] [8].
    Found tree with 2 MUXes at root $0\mem_real[11][15:0] [9].
    Found tree with 2 MUXes at root $0\mem_real[11][15:0] [10].
    Found tree with 2 MUXes at root $0\mem_real[11][15:0] [11].
    Found tree with 2 MUXes at root $0\mem_real[11][15:0] [12].
    Found tree with 2 MUXes at root $0\mem_real[11][15:0] [13].
    Found tree with 2 MUXes at root $0\mem_real[11][15:0] [14].
    Found tree with 2 MUXes at root $0\mem_real[11][15:0] [15].
    Found tree with 2 MUXes at root $0\mem_real[12][15:0] [1].
    Found tree with 2 MUXes at root $0\mem_real[12][15:0] [2].
    Found tree with 2 MUXes at root $0\mem_real[12][15:0] [3].
    Found tree with 2 MUXes at root $0\mem_real[12][15:0] [4].
    Found tree with 2 MUXes at root $0\mem_real[12][15:0] [5].
    Found tree with 2 MUXes at root $0\mem_real[12][15:0] [6].
    Found tree with 2 MUXes at root $0\mem_real[12][15:0] [7].
    Found tree with 2 MUXes at root $0\mem_real[12][15:0] [8].
    Found tree with 2 MUXes at root $0\mem_real[12][15:0] [9].
    Found tree with 2 MUXes at root $0\mem_real[12][15:0] [10].
    Found tree with 2 MUXes at root $0\mem_real[12][15:0] [11].
    Found tree with 2 MUXes at root $0\mem_real[12][15:0] [12].
    Found tree with 2 MUXes at root $0\mem_real[12][15:0] [13].
    Found tree with 2 MUXes at root $0\mem_real[12][15:0] [14].
    Found tree with 2 MUXes at root $0\mem_real[12][15:0] [15].
    Found tree with 2 MUXes at root $0\mem_real[13][15:0] [1].
    Found tree with 2 MUXes at root $0\mem_real[13][15:0] [2].
    Found tree with 2 MUXes at root $0\mem_real[13][15:0] [3].
    Found tree with 2 MUXes at root $0\mem_real[13][15:0] [4].
    Found tree with 2 MUXes at root $0\mem_real[13][15:0] [5].
    Found tree with 2 MUXes at root $0\mem_real[13][15:0] [6].
    Found tree with 2 MUXes at root $0\mem_real[13][15:0] [7].
    Found tree with 2 MUXes at root $0\mem_real[13][15:0] [8].
    Found tree with 2 MUXes at root $0\mem_real[13][15:0] [9].
    Found tree with 2 MUXes at root $0\mem_real[13][15:0] [10].
    Found tree with 2 MUXes at root $0\mem_real[13][15:0] [11].
    Found tree with 2 MUXes at root $0\mem_real[13][15:0] [12].
    Found tree with 2 MUXes at root $0\mem_real[13][15:0] [13].
    Found tree with 2 MUXes at root $0\mem_real[13][15:0] [14].
    Found tree with 2 MUXes at root $0\mem_real[13][15:0] [15].
    Found tree with 2 MUXes at root $0\mem_real[14][15:0] [1].
    Found tree with 2 MUXes at root $0\mem_real[14][15:0] [2].
    Found tree with 2 MUXes at root $0\mem_real[14][15:0] [3].
    Found tree with 2 MUXes at root $0\mem_real[14][15:0] [4].
    Found tree with 2 MUXes at root $0\mem_real[14][15:0] [5].
    Found tree with 2 MUXes at root $0\mem_real[14][15:0] [6].
    Found tree with 2 MUXes at root $0\mem_real[14][15:0] [7].
    Found tree with 2 MUXes at root $0\mem_real[14][15:0] [8].
    Found tree with 2 MUXes at root $0\mem_real[14][15:0] [9].
    Found tree with 2 MUXes at root $0\mem_real[14][15:0] [10].
    Found tree with 2 MUXes at root $0\mem_real[14][15:0] [11].
    Found tree with 2 MUXes at root $0\mem_real[14][15:0] [12].
    Found tree with 2 MUXes at root $0\mem_real[14][15:0] [13].
    Found tree with 2 MUXes at root $0\mem_real[14][15:0] [14].
    Found tree with 2 MUXes at root $0\mem_real[14][15:0] [15].
    Found tree with 2 MUXes at root $0\mem_real[15][15:0] [1].
    Found tree with 2 MUXes at root $0\mem_real[15][15:0] [2].
    Found tree with 2 MUXes at root $0\mem_real[15][15:0] [3].
    Found tree with 2 MUXes at root $0\mem_real[15][15:0] [4].
    Found tree with 2 MUXes at root $0\mem_real[15][15:0] [5].
    Found tree with 2 MUXes at root $0\mem_real[15][15:0] [6].
    Found tree with 2 MUXes at root $0\mem_real[15][15:0] [7].
    Found tree with 2 MUXes at root $0\mem_real[15][15:0] [8].
    Found tree with 2 MUXes at root $0\mem_real[15][15:0] [9].
    Found tree with 2 MUXes at root $0\mem_real[15][15:0] [10].
    Found tree with 2 MUXes at root $0\mem_real[15][15:0] [11].
    Found tree with 2 MUXes at root $0\mem_real[15][15:0] [12].
    Found tree with 2 MUXes at root $0\mem_real[15][15:0] [13].
    Found tree with 2 MUXes at root $0\mem_real[15][15:0] [14].
    Found tree with 2 MUXes at root $0\mem_real[15][15:0] [15].
    Found tree with 1 MUXes at root $0\mem_imag[0][15:0] [0].
    Found tree with 2 MUXes at root $0\mem_imag[0][15:0] [1].
    Found tree with 2 MUXes at root $0\mem_imag[0][15:0] [2].
    Found tree with 2 MUXes at root $0\mem_imag[0][15:0] [3].
    Found tree with 2 MUXes at root $0\mem_imag[0][15:0] [4].
    Found tree with 2 MUXes at root $0\mem_imag[0][15:0] [5].
    Found tree with 2 MUXes at root $0\mem_imag[0][15:0] [6].
    Found tree with 2 MUXes at root $0\mem_imag[0][15:0] [7].
    Found tree with 2 MUXes at root $0\mem_imag[0][15:0] [8].
    Found tree with 2 MUXes at root $0\mem_imag[0][15:0] [9].
    Found tree with 2 MUXes at root $0\mem_imag[0][15:0] [10].
    Found tree with 2 MUXes at root $0\mem_imag[0][15:0] [11].
    Found tree with 2 MUXes at root $0\mem_imag[0][15:0] [12].
    Found tree with 2 MUXes at root $0\mem_imag[0][15:0] [13].
    Found tree with 2 MUXes at root $0\mem_imag[0][15:0] [14].
    Found tree with 2 MUXes at root $0\mem_imag[0][15:0] [15].
    Found tree with 2 MUXes at root $0\mem_imag[1][15:0] [1].
    Found tree with 2 MUXes at root $0\mem_imag[1][15:0] [2].
    Found tree with 2 MUXes at root $0\mem_imag[1][15:0] [3].
    Found tree with 2 MUXes at root $0\mem_imag[1][15:0] [4].
    Found tree with 2 MUXes at root $0\mem_imag[1][15:0] [5].
    Found tree with 2 MUXes at root $0\mem_imag[1][15:0] [6].
    Found tree with 2 MUXes at root $0\mem_imag[1][15:0] [7].
    Found tree with 2 MUXes at root $0\mem_imag[1][15:0] [8].
    Found tree with 2 MUXes at root $0\mem_imag[1][15:0] [9].
    Found tree with 2 MUXes at root $0\mem_imag[1][15:0] [10].
    Found tree with 2 MUXes at root $0\mem_imag[1][15:0] [11].
    Found tree with 2 MUXes at root $0\mem_imag[1][15:0] [12].
    Found tree with 2 MUXes at root $0\mem_imag[1][15:0] [13].
    Found tree with 2 MUXes at root $0\mem_imag[1][15:0] [14].
    Found tree with 2 MUXes at root $0\mem_imag[1][15:0] [15].
    Found tree with 2 MUXes at root $0\mem_imag[2][15:0] [1].
    Found tree with 2 MUXes at root $0\mem_imag[2][15:0] [2].
    Found tree with 2 MUXes at root $0\mem_imag[2][15:0] [3].
    Found tree with 2 MUXes at root $0\mem_imag[2][15:0] [4].
    Found tree with 2 MUXes at root $0\mem_imag[2][15:0] [5].
    Found tree with 2 MUXes at root $0\mem_imag[2][15:0] [6].
    Found tree with 2 MUXes at root $0\mem_imag[2][15:0] [7].
    Found tree with 2 MUXes at root $0\mem_imag[2][15:0] [8].
    Found tree with 2 MUXes at root $0\mem_imag[2][15:0] [9].
    Found tree with 2 MUXes at root $0\mem_imag[2][15:0] [10].
    Found tree with 2 MUXes at root $0\mem_imag[2][15:0] [11].
    Found tree with 2 MUXes at root $0\mem_imag[2][15:0] [12].
    Found tree with 2 MUXes at root $0\mem_imag[2][15:0] [13].
    Found tree with 2 MUXes at root $0\mem_imag[2][15:0] [14].
    Found tree with 2 MUXes at root $0\mem_imag[2][15:0] [15].
    Found tree with 2 MUXes at root $0\mem_imag[3][15:0] [1].
    Found tree with 2 MUXes at root $0\mem_imag[3][15:0] [2].
    Found tree with 2 MUXes at root $0\mem_imag[3][15:0] [3].
    Found tree with 2 MUXes at root $0\mem_imag[3][15:0] [4].
    Found tree with 2 MUXes at root $0\mem_imag[3][15:0] [5].
    Found tree with 2 MUXes at root $0\mem_imag[3][15:0] [6].
    Found tree with 2 MUXes at root $0\mem_imag[3][15:0] [7].
    Found tree with 2 MUXes at root $0\mem_imag[3][15:0] [8].
    Found tree with 2 MUXes at root $0\mem_imag[3][15:0] [9].
    Found tree with 2 MUXes at root $0\mem_imag[3][15:0] [10].
    Found tree with 2 MUXes at root $0\mem_imag[3][15:0] [11].
    Found tree with 2 MUXes at root $0\mem_imag[3][15:0] [12].
    Found tree with 2 MUXes at root $0\mem_imag[3][15:0] [13].
    Found tree with 2 MUXes at root $0\mem_imag[3][15:0] [14].
    Found tree with 2 MUXes at root $0\mem_imag[3][15:0] [15].
    Found tree with 2 MUXes at root $0\mem_imag[4][15:0] [1].
    Found tree with 2 MUXes at root $0\mem_imag[4][15:0] [2].
    Found tree with 2 MUXes at root $0\mem_imag[4][15:0] [3].
    Found tree with 2 MUXes at root $0\mem_imag[4][15:0] [4].
    Found tree with 2 MUXes at root $0\mem_imag[4][15:0] [5].
    Found tree with 2 MUXes at root $0\mem_imag[4][15:0] [6].
    Found tree with 2 MUXes at root $0\mem_imag[4][15:0] [7].
    Found tree with 2 MUXes at root $0\mem_imag[4][15:0] [8].
    Found tree with 2 MUXes at root $0\mem_imag[4][15:0] [9].
    Found tree with 2 MUXes at root $0\mem_imag[4][15:0] [10].
    Found tree with 2 MUXes at root $0\mem_imag[4][15:0] [11].
    Found tree with 2 MUXes at root $0\mem_imag[4][15:0] [12].
    Found tree with 2 MUXes at root $0\mem_imag[4][15:0] [13].
    Found tree with 2 MUXes at root $0\mem_imag[4][15:0] [14].
    Found tree with 2 MUXes at root $0\mem_imag[4][15:0] [15].
    Found tree with 2 MUXes at root $0\mem_imag[5][15:0] [1].
    Found tree with 2 MUXes at root $0\mem_imag[5][15:0] [2].
    Found tree with 2 MUXes at root $0\mem_imag[5][15:0] [3].
    Found tree with 2 MUXes at root $0\mem_imag[5][15:0] [4].
    Found tree with 2 MUXes at root $0\mem_imag[5][15:0] [5].
    Found tree with 2 MUXes at root $0\mem_imag[5][15:0] [6].
    Found tree with 2 MUXes at root $0\mem_imag[5][15:0] [7].
    Found tree with 2 MUXes at root $0\mem_imag[5][15:0] [8].
    Found tree with 2 MUXes at root $0\mem_imag[5][15:0] [9].
    Found tree with 2 MUXes at root $0\mem_imag[5][15:0] [10].
    Found tree with 2 MUXes at root $0\mem_imag[5][15:0] [11].
    Found tree with 2 MUXes at root $0\mem_imag[5][15:0] [12].
    Found tree with 2 MUXes at root $0\mem_imag[5][15:0] [13].
    Found tree with 2 MUXes at root $0\mem_imag[5][15:0] [14].
    Found tree with 2 MUXes at root $0\mem_imag[5][15:0] [15].
    Found tree with 2 MUXes at root $0\mem_imag[6][15:0] [1].
    Found tree with 2 MUXes at root $0\mem_imag[6][15:0] [2].
    Found tree with 2 MUXes at root $0\mem_imag[6][15:0] [3].
    Found tree with 2 MUXes at root $0\mem_imag[6][15:0] [4].
    Found tree with 2 MUXes at root $0\mem_imag[6][15:0] [5].
    Found tree with 2 MUXes at root $0\mem_imag[6][15:0] [6].
    Found tree with 2 MUXes at root $0\mem_imag[6][15:0] [7].
    Found tree with 2 MUXes at root $0\mem_imag[6][15:0] [8].
    Found tree with 2 MUXes at root $0\mem_imag[6][15:0] [9].
    Found tree with 2 MUXes at root $0\mem_imag[6][15:0] [10].
    Found tree with 2 MUXes at root $0\mem_imag[6][15:0] [11].
    Found tree with 2 MUXes at root $0\mem_imag[6][15:0] [12].
    Found tree with 2 MUXes at root $0\mem_imag[6][15:0] [13].
    Found tree with 2 MUXes at root $0\mem_imag[6][15:0] [14].
    Found tree with 2 MUXes at root $0\mem_imag[6][15:0] [15].
    Found tree with 2 MUXes at root $0\mem_imag[7][15:0] [1].
    Found tree with 2 MUXes at root $0\mem_imag[7][15:0] [2].
    Found tree with 2 MUXes at root $0\mem_imag[7][15:0] [3].
    Found tree with 2 MUXes at root $0\mem_imag[7][15:0] [4].
    Found tree with 2 MUXes at root $0\mem_imag[7][15:0] [5].
    Found tree with 2 MUXes at root $0\mem_imag[7][15:0] [6].
    Found tree with 2 MUXes at root $0\mem_imag[7][15:0] [7].
    Found tree with 2 MUXes at root $0\mem_imag[7][15:0] [8].
    Found tree with 2 MUXes at root $0\mem_imag[7][15:0] [9].
    Found tree with 2 MUXes at root $0\mem_imag[7][15:0] [10].
    Found tree with 2 MUXes at root $0\mem_imag[7][15:0] [11].
    Found tree with 2 MUXes at root $0\mem_imag[7][15:0] [12].
    Found tree with 2 MUXes at root $0\mem_imag[7][15:0] [13].
    Found tree with 2 MUXes at root $0\mem_imag[7][15:0] [14].
    Found tree with 2 MUXes at root $0\mem_imag[7][15:0] [15].
    Found tree with 2 MUXes at root $0\mem_imag[8][15:0] [1].
    Found tree with 2 MUXes at root $0\mem_imag[8][15:0] [2].
    Found tree with 2 MUXes at root $0\mem_imag[8][15:0] [3].
    Found tree with 2 MUXes at root $0\mem_imag[8][15:0] [4].
    Found tree with 2 MUXes at root $0\mem_imag[8][15:0] [5].
    Found tree with 2 MUXes at root $0\mem_imag[8][15:0] [6].
    Found tree with 2 MUXes at root $0\mem_imag[8][15:0] [7].
    Found tree with 2 MUXes at root $0\mem_imag[8][15:0] [8].
    Found tree with 2 MUXes at root $0\mem_imag[8][15:0] [9].
    Found tree with 2 MUXes at root $0\mem_imag[8][15:0] [10].
    Found tree with 2 MUXes at root $0\mem_imag[8][15:0] [11].
    Found tree with 2 MUXes at root $0\mem_imag[8][15:0] [12].
    Found tree with 2 MUXes at root $0\mem_imag[8][15:0] [13].
    Found tree with 2 MUXes at root $0\mem_imag[8][15:0] [14].
    Found tree with 2 MUXes at root $0\mem_imag[8][15:0] [15].
    Found tree with 2 MUXes at root $0\mem_imag[9][15:0] [1].
    Found tree with 2 MUXes at root $0\mem_imag[9][15:0] [2].
    Found tree with 2 MUXes at root $0\mem_imag[9][15:0] [3].
    Found tree with 2 MUXes at root $0\mem_imag[9][15:0] [4].
    Found tree with 2 MUXes at root $0\mem_imag[9][15:0] [5].
    Found tree with 2 MUXes at root $0\mem_imag[9][15:0] [6].
    Found tree with 2 MUXes at root $0\mem_imag[9][15:0] [7].
    Found tree with 2 MUXes at root $0\mem_imag[9][15:0] [8].
    Found tree with 2 MUXes at root $0\mem_imag[9][15:0] [9].
    Found tree with 2 MUXes at root $0\mem_imag[9][15:0] [10].
    Found tree with 2 MUXes at root $0\mem_imag[9][15:0] [11].
    Found tree with 2 MUXes at root $0\mem_imag[9][15:0] [12].
    Found tree with 2 MUXes at root $0\mem_imag[9][15:0] [13].
    Found tree with 2 MUXes at root $0\mem_imag[9][15:0] [14].
    Found tree with 2 MUXes at root $0\mem_imag[9][15:0] [15].
    Found tree with 2 MUXes at root $0\mem_imag[10][15:0] [1].
    Found tree with 2 MUXes at root $0\mem_imag[10][15:0] [2].
    Found tree with 2 MUXes at root $0\mem_imag[10][15:0] [3].
    Found tree with 2 MUXes at root $0\mem_imag[10][15:0] [4].
    Found tree with 2 MUXes at root $0\mem_imag[10][15:0] [5].
    Found tree with 2 MUXes at root $0\mem_imag[10][15:0] [6].
    Found tree with 2 MUXes at root $0\mem_imag[10][15:0] [7].
    Found tree with 2 MUXes at root $0\mem_imag[10][15:0] [8].
    Found tree with 2 MUXes at root $0\mem_imag[10][15:0] [9].
    Found tree with 2 MUXes at root $0\mem_imag[10][15:0] [10].
    Found tree with 2 MUXes at root $0\mem_imag[10][15:0] [11].
    Found tree with 2 MUXes at root $0\mem_imag[10][15:0] [12].
    Found tree with 2 MUXes at root $0\mem_imag[10][15:0] [13].
    Found tree with 2 MUXes at root $0\mem_imag[10][15:0] [14].
    Found tree with 2 MUXes at root $0\mem_imag[10][15:0] [15].
    Found tree with 2 MUXes at root $0\mem_imag[11][15:0] [1].
    Found tree with 2 MUXes at root $0\mem_imag[11][15:0] [2].
    Found tree with 2 MUXes at root $0\mem_imag[11][15:0] [3].
    Found tree with 2 MUXes at root $0\mem_imag[11][15:0] [4].
    Found tree with 2 MUXes at root $0\mem_imag[11][15:0] [5].
    Found tree with 2 MUXes at root $0\mem_imag[11][15:0] [6].
    Found tree with 2 MUXes at root $0\mem_imag[11][15:0] [7].
    Found tree with 2 MUXes at root $0\mem_imag[11][15:0] [8].
    Found tree with 2 MUXes at root $0\mem_imag[11][15:0] [9].
    Found tree with 2 MUXes at root $0\mem_imag[11][15:0] [10].
    Found tree with 2 MUXes at root $0\mem_imag[11][15:0] [11].
    Found tree with 2 MUXes at root $0\mem_imag[11][15:0] [12].
    Found tree with 2 MUXes at root $0\mem_imag[11][15:0] [13].
    Found tree with 2 MUXes at root $0\mem_imag[11][15:0] [14].
    Found tree with 2 MUXes at root $0\mem_imag[11][15:0] [15].
    Found tree with 2 MUXes at root $0\mem_imag[12][15:0] [1].
    Found tree with 2 MUXes at root $0\mem_imag[12][15:0] [2].
    Found tree with 2 MUXes at root $0\mem_imag[12][15:0] [3].
    Found tree with 2 MUXes at root $0\mem_imag[12][15:0] [4].
    Found tree with 2 MUXes at root $0\mem_imag[12][15:0] [5].
    Found tree with 2 MUXes at root $0\mem_imag[12][15:0] [6].
    Found tree with 2 MUXes at root $0\mem_imag[12][15:0] [7].
    Found tree with 2 MUXes at root $0\mem_imag[12][15:0] [8].
    Found tree with 2 MUXes at root $0\mem_imag[12][15:0] [9].
    Found tree with 2 MUXes at root $0\mem_imag[12][15:0] [10].
    Found tree with 2 MUXes at root $0\mem_imag[12][15:0] [11].
    Found tree with 2 MUXes at root $0\mem_imag[12][15:0] [12].
    Found tree with 2 MUXes at root $0\mem_imag[12][15:0] [13].
    Found tree with 2 MUXes at root $0\mem_imag[12][15:0] [14].
    Found tree with 2 MUXes at root $0\mem_imag[12][15:0] [15].
    Found tree with 2 MUXes at root $0\mem_imag[13][15:0] [1].
    Found tree with 2 MUXes at root $0\mem_imag[13][15:0] [2].
    Found tree with 2 MUXes at root $0\mem_imag[13][15:0] [3].
    Found tree with 2 MUXes at root $0\mem_imag[13][15:0] [4].
    Found tree with 2 MUXes at root $0\mem_imag[13][15:0] [5].
    Found tree with 2 MUXes at root $0\mem_imag[13][15:0] [6].
    Found tree with 2 MUXes at root $0\mem_imag[13][15:0] [7].
    Found tree with 2 MUXes at root $0\mem_imag[13][15:0] [8].
    Found tree with 2 MUXes at root $0\mem_imag[13][15:0] [9].
    Found tree with 2 MUXes at root $0\mem_imag[13][15:0] [10].
    Found tree with 2 MUXes at root $0\mem_imag[13][15:0] [11].
    Found tree with 2 MUXes at root $0\mem_imag[13][15:0] [12].
    Found tree with 2 MUXes at root $0\mem_imag[13][15:0] [13].
    Found tree with 2 MUXes at root $0\mem_imag[13][15:0] [14].
    Found tree with 2 MUXes at root $0\mem_imag[13][15:0] [15].
    Found tree with 2 MUXes at root $0\mem_imag[14][15:0] [1].
    Found tree with 2 MUXes at root $0\mem_imag[14][15:0] [2].
    Found tree with 2 MUXes at root $0\mem_imag[14][15:0] [3].
    Found tree with 2 MUXes at root $0\mem_imag[14][15:0] [4].
    Found tree with 2 MUXes at root $0\mem_imag[14][15:0] [5].
    Found tree with 2 MUXes at root $0\mem_imag[14][15:0] [6].
    Found tree with 2 MUXes at root $0\mem_imag[14][15:0] [7].
    Found tree with 2 MUXes at root $0\mem_imag[14][15:0] [8].
    Found tree with 2 MUXes at root $0\mem_imag[14][15:0] [9].
    Found tree with 2 MUXes at root $0\mem_imag[14][15:0] [10].
    Found tree with 2 MUXes at root $0\mem_imag[14][15:0] [11].
    Found tree with 2 MUXes at root $0\mem_imag[14][15:0] [12].
    Found tree with 2 MUXes at root $0\mem_imag[14][15:0] [13].
    Found tree with 2 MUXes at root $0\mem_imag[14][15:0] [14].
    Found tree with 2 MUXes at root $0\mem_imag[14][15:0] [15].
    Found tree with 2 MUXes at root $0\mem_imag[15][15:0] [1].
    Found tree with 2 MUXes at root $0\mem_imag[15][15:0] [2].
    Found tree with 2 MUXes at root $0\mem_imag[15][15:0] [3].
    Found tree with 2 MUXes at root $0\mem_imag[15][15:0] [4].
    Found tree with 2 MUXes at root $0\mem_imag[15][15:0] [5].
    Found tree with 2 MUXes at root $0\mem_imag[15][15:0] [6].
    Found tree with 2 MUXes at root $0\mem_imag[15][15:0] [7].
    Found tree with 2 MUXes at root $0\mem_imag[15][15:0] [8].
    Found tree with 2 MUXes at root $0\mem_imag[15][15:0] [9].
    Found tree with 2 MUXes at root $0\mem_imag[15][15:0] [10].
    Found tree with 2 MUXes at root $0\mem_imag[15][15:0] [11].
    Found tree with 2 MUXes at root $0\mem_imag[15][15:0] [12].
    Found tree with 2 MUXes at root $0\mem_imag[15][15:0] [13].
    Found tree with 2 MUXes at root $0\mem_imag[15][15:0] [14].
    Found tree with 2 MUXes at root $0\mem_imag[15][15:0] [15].
    Found tree with 1 MUXes at root $abc$22933$new_n11809_.
    Found tree with 1 MUXes at root $abc$22933$new_n11773_.
    Found tree with 1 MUXes at root $abc$22933$new_n11652_.
    Found tree with 1 MUXes at root $abc$22933$new_n11520_.
    Found tree with 1 MUXes at root $abc$22933$new_n11378_.
    Found tree with 1 MUXes at root $abc$22933$new_n11229_.
    Found tree with 1 MUXes at root $abc$22933$new_n11069_.
    Found tree with 1 MUXes at root $abc$22933$new_n10893_.
    Found tree with 1 MUXes at root $abc$22933$new_n10713_.
    Found tree with 1 MUXes at root $abc$22933$new_n10529_.
    Found tree with 1 MUXes at root $abc$22933$new_n10338_.
    Found tree with 1 MUXes at root $abc$22933$new_n10137_.
    Found tree with 1 MUXes at root $abc$22933$new_n9935_.
    Found tree with 1 MUXes at root $abc$22933$new_n9855_.
    Found tree with 1 MUXes at root $abc$22933$new_n9724_.
    Found tree with 1 MUXes at root $abc$22933$new_n9515_.
    Found tree with 1 MUXes at root $abc$22933$new_n9296_.
    Found tree with 1 MUXes at root $abc$22933$new_n9162_.
    Found tree with 1 MUXes at root $abc$22933$new_n9090_.
    Found tree with 1 MUXes at root $abc$22933$new_n9046_.
    Found tree with 1 MUXes at root $abc$22933$new_n8928_.
    Found tree with 1 MUXes at root $abc$22933$new_n8790_.
    Found tree with 1 MUXes at root $abc$22933$new_n8654_.
    Found tree with 1 MUXes at root $abc$22933$new_n8502_.
    Found tree with 1 MUXes at root $abc$22933$new_n8345_.
    Found tree with 1 MUXes at root $abc$22933$new_n8163_.
    Found tree with 1 MUXes at root $abc$22933$new_n7989_.
    Found tree with 1 MUXes at root $abc$22933$new_n7803_.
    Found tree with 1 MUXes at root $abc$22933$new_n7616_.
    Found tree with 1 MUXes at root $abc$22933$new_n7416_.
    Found tree with 1 MUXes at root $abc$22933$new_n7221_.
    Found tree with 1 MUXes at root $abc$22933$new_n7146_.
    Found tree with 1 MUXes at root $abc$22933$new_n7014_.
    Found tree with 1 MUXes at root $abc$22933$new_n6808_.
    Found tree with 1 MUXes at root $abc$22933$new_n5514_.
    Found tree with 1 MUXes at root $abc$22933$new_n5507_.
    Found tree with 1 MUXes at root $abc$22933$new_n5481_.
    Found tree with 1 MUXes at root $abc$22933$new_n5473_.
    Found tree with 1 MUXes at root $abc$22933$new_n5467_.
    Found tree with 1 MUXes at root $abc$22933$new_n5461_.
    Found tree with 1 MUXes at root $abc$22933$new_n5455_.
    Found tree with 1 MUXes at root $abc$22933$new_n5448_.
    Found tree with 1 MUXes at root $abc$22933$new_n5442_.
    Found tree with 1 MUXes at root $abc$22933$new_n5437_.
    Found tree with 1 MUXes at root $abc$22933$new_n5432_.
    Found tree with 1 MUXes at root $abc$22933$new_n5426_.
    Found tree with 1 MUXes at root $abc$22933$new_n5421_.
    Found tree with 1 MUXes at root $abc$22933$new_n5415_.
    Found tree with 1 MUXes at root $abc$22933$new_n5408_.
    Found tree with 1 MUXes at root $abc$22933$new_n5400_.
    Found tree with 1 MUXes at root $abc$22933$new_n5392_.
    Found tree with 1 MUXes at root $abc$22933$new_n3887_.
    Found tree with 1 MUXes at root $abc$22933$new_n2863_.
    Found tree with 1 MUXes at root $abc$22933$new_n2823_.
    Found tree with 1 MUXes at root $abc$22933$new_n2789_.
    Found tree with 1 MUXes at root $abc$22933$new_n2755_.
    Found tree with 1 MUXes at root $abc$22933$new_n2677_.
    Found tree with 1 MUXes at root $abc$22933$new_n2643_.
    Found tree with 1 MUXes at root $abc$22933$new_n2605_.
    Found tree with 1 MUXes at root $abc$22933$new_n2460_.
    Found tree with 1 MUXes at root $abc$22933$new_n2428_.
    Found tree with 1 MUXes at root $abc$22933$new_n2425_.
    Found tree with 1 MUXes at root $abc$22933$new_n2376_.
    Found tree with 1 MUXes at root $abc$22933$new_n2339_.
    Found tree with 1 MUXes at root $abc$22933$new_n2304_.
    Found tree with 1 MUXes at root $abc$22933$new_n2269_.
    Found tree with 1 MUXes at root $abc$22933$new_n2226_.
    Found tree with 1 MUXes at root $abc$22933$new_n2194_.
    Found tree with 1 MUXes at root $abc$22933$new_n2192_.
    Found tree with 1 MUXes at root $abc$22933$new_n2072_.
    Found tree with 1 MUXes at root $abc$22933$new_n2038_.
    Found tree with 1 MUXes at root $abc$22933$new_n1990_.
    Found tree with 1 MUXes at root $abc$22933$new_n1952_.
    Found tree with 1 MUXes at root $abc$22933$new_n1918_.
    Found tree with 1 MUXes at root $abc$22933$new_n1883_.
    Found tree with 1 MUXes at root $abc$22933$new_n1799_.
    Found tree with 1 MUXes at root $abc$22933$new_n1765_.
    Found tree with 1 MUXes at root $abc$22933$new_n1733_.
    Found tree with 1 MUXes at root $abc$22933$new_n1727_.
    Found tree with 1 MUXes at root $abc$22933$new_n1682_.
    Found tree with 1 MUXes at root $abc$22933$new_n1648_.
    Found tree with 1 MUXes at root $abc$22933$new_n1595_.
    Found tree with 1 MUXes at root $abc$22933$new_n1555_.
    Found tree with 1 MUXes at root $abc$22933$new_n1520_.
    Found tree with 1 MUXes at root $abc$22933$new_n1476_.
    Found tree with 1 MUXes at root $abc$22933$new_n1471_.
    Found tree with 1 MUXes at root $abc$22933$new_n1431_.
    Found tree with 1 MUXes at root $abc$22933$new_n1400_.
    Found tree with 1 MUXes at root $abc$22933$new_n1311_.
    Found tree with 1 MUXes at root $abc$22933$auto$opt_dff.cc:242:make_patterns_logic$1912.
    Finished treeification: Found 572 trees.
  Covering trees:
    Replaced tree at $0\mem_real[0][15:0] [0]: 1 MUX2, 0 MUX4, 0 MUX8, 0 MUX16
    Replaced tree at $0\mem_real[0][15:0] [1]: 2 MUX2, 0 MUX4, 0 MUX8, 0 MUX16
    Replaced tree at $0\mem_real[0][15:0] [2]: 2 MUX2, 0 MUX4, 0 MUX8, 0 MUX16
    Replaced tree at $0\mem_real[0][15:0] [3]: 2 MUX2, 0 MUX4, 0 MUX8, 0 MUX16
    Replaced tree at $0\mem_real[0][15:0] [4]: 2 MUX2, 0 MUX4, 0 MUX8, 0 MUX16
    Replaced tree at $0\mem_real[0][15:0] [5]: 2 MUX2, 0 MUX4, 0 MUX8, 0 MUX16
    Replaced tree at $0\mem_real[0][15:0] [6]: 2 MUX2, 0 MUX4, 0 MUX8, 0 MUX16
    Replaced tree at $0\mem_real[0][15:0] [7]: 2 MUX2, 0 MUX4, 0 MUX8, 0 MUX16
    Replaced tree at $0\mem_real[0][15:0] [8]: 2 MUX2, 0 MUX4, 0 MUX8, 0 MUX16
    Replaced tree at $0\mem_real[0][15:0] [9]: 2 MUX2, 0 MUX4, 0 MUX8, 0 MUX16
    Replaced tree at $0\mem_real[0][15:0] [10]: 2 MUX2, 0 MUX4, 0 MUX8, 0 MUX16
    Replaced tree at $0\mem_real[0][15:0] [11]: 2 MUX2, 0 MUX4, 0 MUX8, 0 MUX16
    Replaced tree at $0\mem_real[0][15:0] [12]: 2 MUX2, 0 MUX4, 0 MUX8, 0 MUX16
    Replaced tree at $0\mem_real[0][15:0] [13]: 2 MUX2, 0 MUX4, 0 MUX8, 0 MUX16
    Replaced tree at $0\mem_real[0][15:0] [14]: 2 MUX2, 0 MUX4, 0 MUX8, 0 MUX16
    Replaced tree at $0\mem_real[0][15:0] [15]: 2 MUX2, 0 MUX4, 0 MUX8, 0 MUX16
    Replaced tree at $0\mem_real[1][15:0] [1]: 2 MUX2, 0 MUX4, 0 MUX8, 0 MUX16
    Replaced tree at $0\mem_real[1][15:0] [2]: 2 MUX2, 0 MUX4, 0 MUX8, 0 MUX16
    Replaced tree at $0\mem_real[1][15:0] [3]: 2 MUX2, 0 MUX4, 0 MUX8, 0 MUX16
    Replaced tree at $0\mem_real[1][15:0] [4]: 2 MUX2, 0 MUX4, 0 MUX8, 0 MUX16
    Replaced tree at $0\mem_real[1][15:0] [5]: 2 MUX2, 0 MUX4, 0 MUX8, 0 MUX16
    Replaced tree at $0\mem_real[1][15:0] [6]: 2 MUX2, 0 MUX4, 0 MUX8, 0 MUX16
    Replaced tree at $0\mem_real[1][15:0] [7]: 2 MUX2, 0 MUX4, 0 MUX8, 0 MUX16
    Replaced tree at $0\mem_real[1][15:0] [8]: 2 MUX2, 0 MUX4, 0 MUX8, 0 MUX16
    Replaced tree at $0\mem_real[1][15:0] [9]: 2 MUX2, 0 MUX4, 0 MUX8, 0 MUX16
    Replaced tree at $0\mem_real[1][15:0] [10]: 2 MUX2, 0 MUX4, 0 MUX8, 0 MUX16
    Replaced tree at $0\mem_real[1][15:0] [11]: 2 MUX2, 0 MUX4, 0 MUX8, 0 MUX16
    Replaced tree at $0\mem_real[1][15:0] [12]: 2 MUX2, 0 MUX4, 0 MUX8, 0 MUX16
    Replaced tree at $0\mem_real[1][15:0] [13]: 2 MUX2, 0 MUX4, 0 MUX8, 0 MUX16
    Replaced tree at $0\mem_real[1][15:0] [14]: 2 MUX2, 0 MUX4, 0 MUX8, 0 MUX16
    Replaced tree at $0\mem_real[1][15:0] [15]: 2 MUX2, 0 MUX4, 0 MUX8, 0 MUX16
    Replaced tree at $0\mem_real[2][15:0] [1]: 2 MUX2, 0 MUX4, 0 MUX8, 0 MUX16
    Replaced tree at $0\mem_real[2][15:0] [2]: 2 MUX2, 0 MUX4, 0 MUX8, 0 MUX16
    Replaced tree at $0\mem_real[2][15:0] [3]: 2 MUX2, 0 MUX4, 0 MUX8, 0 MUX16
    Replaced tree at $0\mem_real[2][15:0] [4]: 2 MUX2, 0 MUX4, 0 MUX8, 0 MUX16
    Replaced tree at $0\mem_real[2][15:0] [5]: 2 MUX2, 0 MUX4, 0 MUX8, 0 MUX16
    Replaced tree at $0\mem_real[2][15:0] [6]: 2 MUX2, 0 MUX4, 0 MUX8, 0 MUX16
    Replaced tree at $0\mem_real[2][15:0] [7]: 2 MUX2, 0 MUX4, 0 MUX8, 0 MUX16
    Replaced tree at $0\mem_real[2][15:0] [8]: 2 MUX2, 0 MUX4, 0 MUX8, 0 MUX16
    Replaced tree at $0\mem_real[2][15:0] [9]: 2 MUX2, 0 MUX4, 0 MUX8, 0 MUX16
    Replaced tree at $0\mem_real[2][15:0] [10]: 2 MUX2, 0 MUX4, 0 MUX8, 0 MUX16
    Replaced tree at $0\mem_real[2][15:0] [11]: 2 MUX2, 0 MUX4, 0 MUX8, 0 MUX16
    Replaced tree at $0\mem_real[2][15:0] [12]: 2 MUX2, 0 MUX4, 0 MUX8, 0 MUX16
    Replaced tree at $0\mem_real[2][15:0] [13]: 2 MUX2, 0 MUX4, 0 MUX8, 0 MUX16
    Replaced tree at $0\mem_real[2][15:0] [14]: 2 MUX2, 0 MUX4, 0 MUX8, 0 MUX16
    Replaced tree at $0\mem_real[2][15:0] [15]: 2 MUX2, 0 MUX4, 0 MUX8, 0 MUX16
    Replaced tree at $0\mem_real[3][15:0] [1]: 2 MUX2, 0 MUX4, 0 MUX8, 0 MUX16
    Replaced tree at $0\mem_real[3][15:0] [2]: 2 MUX2, 0 MUX4, 0 MUX8, 0 MUX16
    Replaced tree at $0\mem_real[3][15:0] [3]: 2 MUX2, 0 MUX4, 0 MUX8, 0 MUX16
    Replaced tree at $0\mem_real[3][15:0] [4]: 2 MUX2, 0 MUX4, 0 MUX8, 0 MUX16
    Replaced tree at $0\mem_real[3][15:0] [5]: 2 MUX2, 0 MUX4, 0 MUX8, 0 MUX16
    Replaced tree at $0\mem_real[3][15:0] [6]: 2 MUX2, 0 MUX4, 0 MUX8, 0 MUX16
    Replaced tree at $0\mem_real[3][15:0] [7]: 2 MUX2, 0 MUX4, 0 MUX8, 0 MUX16
    Replaced tree at $0\mem_real[3][15:0] [8]: 2 MUX2, 0 MUX4, 0 MUX8, 0 MUX16
    Replaced tree at $0\mem_real[3][15:0] [9]: 2 MUX2, 0 MUX4, 0 MUX8, 0 MUX16
    Replaced tree at $0\mem_real[3][15:0] [10]: 2 MUX2, 0 MUX4, 0 MUX8, 0 MUX16
    Replaced tree at $0\mem_real[3][15:0] [11]: 2 MUX2, 0 MUX4, 0 MUX8, 0 MUX16
    Replaced tree at $0\mem_real[3][15:0] [12]: 2 MUX2, 0 MUX4, 0 MUX8, 0 MUX16
    Replaced tree at $0\mem_real[3][15:0] [13]: 2 MUX2, 0 MUX4, 0 MUX8, 0 MUX16
    Replaced tree at $0\mem_real[3][15:0] [14]: 2 MUX2, 0 MUX4, 0 MUX8, 0 MUX16
    Replaced tree at $0\mem_real[3][15:0] [15]: 2 MUX2, 0 MUX4, 0 MUX8, 0 MUX16
    Replaced tree at $0\mem_real[4][15:0] [1]: 2 MUX2, 0 MUX4, 0 MUX8, 0 MUX16
    Replaced tree at $0\mem_real[4][15:0] [2]: 2 MUX2, 0 MUX4, 0 MUX8, 0 MUX16
    Replaced tree at $0\mem_real[4][15:0] [3]: 2 MUX2, 0 MUX4, 0 MUX8, 0 MUX16
    Replaced tree at $0\mem_real[4][15:0] [4]: 2 MUX2, 0 MUX4, 0 MUX8, 0 MUX16
    Replaced tree at $0\mem_real[4][15:0] [5]: 2 MUX2, 0 MUX4, 0 MUX8, 0 MUX16
    Replaced tree at $0\mem_real[4][15:0] [6]: 2 MUX2, 0 MUX4, 0 MUX8, 0 MUX16
    Replaced tree at $0\mem_real[4][15:0] [7]: 2 MUX2, 0 MUX4, 0 MUX8, 0 MUX16
    Replaced tree at $0\mem_real[4][15:0] [8]: 2 MUX2, 0 MUX4, 0 MUX8, 0 MUX16
    Replaced tree at $0\mem_real[4][15:0] [9]: 2 MUX2, 0 MUX4, 0 MUX8, 0 MUX16
    Replaced tree at $0\mem_real[4][15:0] [10]: 2 MUX2, 0 MUX4, 0 MUX8, 0 MUX16
    Replaced tree at $0\mem_real[4][15:0] [11]: 2 MUX2, 0 MUX4, 0 MUX8, 0 MUX16
    Replaced tree at $0\mem_real[4][15:0] [12]: 2 MUX2, 0 MUX4, 0 MUX8, 0 MUX16
    Replaced tree at $0\mem_real[4][15:0] [13]: 2 MUX2, 0 MUX4, 0 MUX8, 0 MUX16
    Replaced tree at $0\mem_real[4][15:0] [14]: 2 MUX2, 0 MUX4, 0 MUX8, 0 MUX16
    Replaced tree at $0\mem_real[4][15:0] [15]: 2 MUX2, 0 MUX4, 0 MUX8, 0 MUX16
    Replaced tree at $0\mem_real[5][15:0] [1]: 2 MUX2, 0 MUX4, 0 MUX8, 0 MUX16
    Replaced tree at $0\mem_real[5][15:0] [2]: 2 MUX2, 0 MUX4, 0 MUX8, 0 MUX16
    Replaced tree at $0\mem_real[5][15:0] [3]: 2 MUX2, 0 MUX4, 0 MUX8, 0 MUX16
    Replaced tree at $0\mem_real[5][15:0] [4]: 2 MUX2, 0 MUX4, 0 MUX8, 0 MUX16
    Replaced tree at $0\mem_real[5][15:0] [5]: 2 MUX2, 0 MUX4, 0 MUX8, 0 MUX16
    Replaced tree at $0\mem_real[5][15:0] [6]: 2 MUX2, 0 MUX4, 0 MUX8, 0 MUX16
    Replaced tree at $0\mem_real[5][15:0] [7]: 2 MUX2, 0 MUX4, 0 MUX8, 0 MUX16
    Replaced tree at $0\mem_real[5][15:0] [8]: 2 MUX2, 0 MUX4, 0 MUX8, 0 MUX16
    Replaced tree at $0\mem_real[5][15:0] [9]: 2 MUX2, 0 MUX4, 0 MUX8, 0 MUX16
    Replaced tree at $0\mem_real[5][15:0] [10]: 2 MUX2, 0 MUX4, 0 MUX8, 0 MUX16
    Replaced tree at $0\mem_real[5][15:0] [11]: 2 MUX2, 0 MUX4, 0 MUX8, 0 MUX16
    Replaced tree at $0\mem_real[5][15:0] [12]: 2 MUX2, 0 MUX4, 0 MUX8, 0 MUX16
    Replaced tree at $0\mem_real[5][15:0] [13]: 2 MUX2, 0 MUX4, 0 MUX8, 0 MUX16
    Replaced tree at $0\mem_real[5][15:0] [14]: 2 MUX2, 0 MUX4, 0 MUX8, 0 MUX16
    Replaced tree at $0\mem_real[5][15:0] [15]: 2 MUX2, 0 MUX4, 0 MUX8, 0 MUX16
    Replaced tree at $0\mem_real[6][15:0] [1]: 2 MUX2, 0 MUX4, 0 MUX8, 0 MUX16
    Replaced tree at $0\mem_real[6][15:0] [2]: 2 MUX2, 0 MUX4, 0 MUX8, 0 MUX16
    Replaced tree at $0\mem_real[6][15:0] [3]: 2 MUX2, 0 MUX4, 0 MUX8, 0 MUX16
    Replaced tree at $0\mem_real[6][15:0] [4]: 2 MUX2, 0 MUX4, 0 MUX8, 0 MUX16
    Replaced tree at $0\mem_real[6][15:0] [5]: 2 MUX2, 0 MUX4, 0 MUX8, 0 MUX16
    Replaced tree at $0\mem_real[6][15:0] [6]: 2 MUX2, 0 MUX4, 0 MUX8, 0 MUX16
    Replaced tree at $0\mem_real[6][15:0] [7]: 2 MUX2, 0 MUX4, 0 MUX8, 0 MUX16
    Replaced tree at $0\mem_real[6][15:0] [8]: 2 MUX2, 0 MUX4, 0 MUX8, 0 MUX16
    Replaced tree at $0\mem_real[6][15:0] [9]: 2 MUX2, 0 MUX4, 0 MUX8, 0 MUX16
    Replaced tree at $0\mem_real[6][15:0] [10]: 2 MUX2, 0 MUX4, 0 MUX8, 0 MUX16
    Replaced tree at $0\mem_real[6][15:0] [11]: 2 MUX2, 0 MUX4, 0 MUX8, 0 MUX16
    Replaced tree at $0\mem_real[6][15:0] [12]: 2 MUX2, 0 MUX4, 0 MUX8, 0 MUX16
    Replaced tree at $0\mem_real[6][15:0] [13]: 2 MUX2, 0 MUX4, 0 MUX8, 0 MUX16
    Replaced tree at $0\mem_real[6][15:0] [14]: 2 MUX2, 0 MUX4, 0 MUX8, 0 MUX16
    Replaced tree at $0\mem_real[6][15:0] [15]: 2 MUX2, 0 MUX4, 0 MUX8, 0 MUX16
    Replaced tree at $0\mem_real[7][15:0] [1]: 2 MUX2, 0 MUX4, 0 MUX8, 0 MUX16
    Replaced tree at $0\mem_real[7][15:0] [2]: 2 MUX2, 0 MUX4, 0 MUX8, 0 MUX16
    Replaced tree at $0\mem_real[7][15:0] [3]: 2 MUX2, 0 MUX4, 0 MUX8, 0 MUX16
    Replaced tree at $0\mem_real[7][15:0] [4]: 2 MUX2, 0 MUX4, 0 MUX8, 0 MUX16
    Replaced tree at $0\mem_real[7][15:0] [5]: 2 MUX2, 0 MUX4, 0 MUX8, 0 MUX16
    Replaced tree at $0\mem_real[7][15:0] [6]: 2 MUX2, 0 MUX4, 0 MUX8, 0 MUX16
    Replaced tree at $0\mem_real[7][15:0] [7]: 2 MUX2, 0 MUX4, 0 MUX8, 0 MUX16
    Replaced tree at $0\mem_real[7][15:0] [8]: 2 MUX2, 0 MUX4, 0 MUX8, 0 MUX16
    Replaced tree at $0\mem_real[7][15:0] [9]: 2 MUX2, 0 MUX4, 0 MUX8, 0 MUX16
    Replaced tree at $0\mem_real[7][15:0] [10]: 2 MUX2, 0 MUX4, 0 MUX8, 0 MUX16
    Replaced tree at $0\mem_real[7][15:0] [11]: 2 MUX2, 0 MUX4, 0 MUX8, 0 MUX16
    Replaced tree at $0\mem_real[7][15:0] [12]: 2 MUX2, 0 MUX4, 0 MUX8, 0 MUX16
    Replaced tree at $0\mem_real[7][15:0] [13]: 2 MUX2, 0 MUX4, 0 MUX8, 0 MUX16
    Replaced tree at $0\mem_real[7][15:0] [14]: 2 MUX2, 0 MUX4, 0 MUX8, 0 MUX16
    Replaced tree at $0\mem_real[7][15:0] [15]: 2 MUX2, 0 MUX4, 0 MUX8, 0 MUX16
    Replaced tree at $0\mem_real[8][15:0] [1]: 2 MUX2, 0 MUX4, 0 MUX8, 0 MUX16
    Replaced tree at $0\mem_real[8][15:0] [2]: 2 MUX2, 0 MUX4, 0 MUX8, 0 MUX16
    Replaced tree at $0\mem_real[8][15:0] [3]: 2 MUX2, 0 MUX4, 0 MUX8, 0 MUX16
    Replaced tree at $0\mem_real[8][15:0] [4]: 2 MUX2, 0 MUX4, 0 MUX8, 0 MUX16
    Replaced tree at $0\mem_real[8][15:0] [5]: 2 MUX2, 0 MUX4, 0 MUX8, 0 MUX16
    Replaced tree at $0\mem_real[8][15:0] [6]: 2 MUX2, 0 MUX4, 0 MUX8, 0 MUX16
    Replaced tree at $0\mem_real[8][15:0] [7]: 2 MUX2, 0 MUX4, 0 MUX8, 0 MUX16
    Replaced tree at $0\mem_real[8][15:0] [8]: 2 MUX2, 0 MUX4, 0 MUX8, 0 MUX16
    Replaced tree at $0\mem_real[8][15:0] [9]: 2 MUX2, 0 MUX4, 0 MUX8, 0 MUX16
    Replaced tree at $0\mem_real[8][15:0] [10]: 2 MUX2, 0 MUX4, 0 MUX8, 0 MUX16
    Replaced tree at $0\mem_real[8][15:0] [11]: 2 MUX2, 0 MUX4, 0 MUX8, 0 MUX16
    Replaced tree at $0\mem_real[8][15:0] [12]: 2 MUX2, 0 MUX4, 0 MUX8, 0 MUX16
    Replaced tree at $0\mem_real[8][15:0] [13]: 2 MUX2, 0 MUX4, 0 MUX8, 0 MUX16
    Replaced tree at $0\mem_real[8][15:0] [14]: 2 MUX2, 0 MUX4, 0 MUX8, 0 MUX16
    Replaced tree at $0\mem_real[8][15:0] [15]: 2 MUX2, 0 MUX4, 0 MUX8, 0 MUX16
    Replaced tree at $0\mem_real[9][15:0] [1]: 2 MUX2, 0 MUX4, 0 MUX8, 0 MUX16
    Replaced tree at $0\mem_real[9][15:0] [2]: 2 MUX2, 0 MUX4, 0 MUX8, 0 MUX16
    Replaced tree at $0\mem_real[9][15:0] [3]: 2 MUX2, 0 MUX4, 0 MUX8, 0 MUX16
    Replaced tree at $0\mem_real[9][15:0] [4]: 2 MUX2, 0 MUX4, 0 MUX8, 0 MUX16
    Replaced tree at $0\mem_real[9][15:0] [5]: 2 MUX2, 0 MUX4, 0 MUX8, 0 MUX16
    Replaced tree at $0\mem_real[9][15:0] [6]: 2 MUX2, 0 MUX4, 0 MUX8, 0 MUX16
    Replaced tree at $0\mem_real[9][15:0] [7]: 2 MUX2, 0 MUX4, 0 MUX8, 0 MUX16
    Replaced tree at $0\mem_real[9][15:0] [8]: 2 MUX2, 0 MUX4, 0 MUX8, 0 MUX16
    Replaced tree at $0\mem_real[9][15:0] [9]: 2 MUX2, 0 MUX4, 0 MUX8, 0 MUX16
    Replaced tree at $0\mem_real[9][15:0] [10]: 2 MUX2, 0 MUX4, 0 MUX8, 0 MUX16
    Replaced tree at $0\mem_real[9][15:0] [11]: 2 MUX2, 0 MUX4, 0 MUX8, 0 MUX16
    Replaced tree at $0\mem_real[9][15:0] [12]: 2 MUX2, 0 MUX4, 0 MUX8, 0 MUX16
    Replaced tree at $0\mem_real[9][15:0] [13]: 2 MUX2, 0 MUX4, 0 MUX8, 0 MUX16
    Replaced tree at $0\mem_real[9][15:0] [14]: 2 MUX2, 0 MUX4, 0 MUX8, 0 MUX16
    Replaced tree at $0\mem_real[9][15:0] [15]: 2 MUX2, 0 MUX4, 0 MUX8, 0 MUX16
    Replaced tree at $0\mem_real[10][15:0] [1]: 2 MUX2, 0 MUX4, 0 MUX8, 0 MUX16
    Replaced tree at $0\mem_real[10][15:0] [2]: 2 MUX2, 0 MUX4, 0 MUX8, 0 MUX16
    Replaced tree at $0\mem_real[10][15:0] [3]: 2 MUX2, 0 MUX4, 0 MUX8, 0 MUX16
    Replaced tree at $0\mem_real[10][15:0] [4]: 2 MUX2, 0 MUX4, 0 MUX8, 0 MUX16
    Replaced tree at $0\mem_real[10][15:0] [5]: 2 MUX2, 0 MUX4, 0 MUX8, 0 MUX16
    Replaced tree at $0\mem_real[10][15:0] [6]: 2 MUX2, 0 MUX4, 0 MUX8, 0 MUX16
    Replaced tree at $0\mem_real[10][15:0] [7]: 2 MUX2, 0 MUX4, 0 MUX8, 0 MUX16
    Replaced tree at $0\mem_real[10][15:0] [8]: 2 MUX2, 0 MUX4, 0 MUX8, 0 MUX16
    Replaced tree at $0\mem_real[10][15:0] [9]: 2 MUX2, 0 MUX4, 0 MUX8, 0 MUX16
    Replaced tree at $0\mem_real[10][15:0] [10]: 2 MUX2, 0 MUX4, 0 MUX8, 0 MUX16
    Replaced tree at $0\mem_real[10][15:0] [11]: 2 MUX2, 0 MUX4, 0 MUX8, 0 MUX16
    Replaced tree at $0\mem_real[10][15:0] [12]: 2 MUX2, 0 MUX4, 0 MUX8, 0 MUX16
    Replaced tree at $0\mem_real[10][15:0] [13]: 2 MUX2, 0 MUX4, 0 MUX8, 0 MUX16
    Replaced tree at $0\mem_real[10][15:0] [14]: 2 MUX2, 0 MUX4, 0 MUX8, 0 MUX16
    Replaced tree at $0\mem_real[10][15:0] [15]: 2 MUX2, 0 MUX4, 0 MUX8, 0 MUX16
    Replaced tree at $0\mem_real[11][15:0] [1]: 2 MUX2, 0 MUX4, 0 MUX8, 0 MUX16
    Replaced tree at $0\mem_real[11][15:0] [2]: 2 MUX2, 0 MUX4, 0 MUX8, 0 MUX16
    Replaced tree at $0\mem_real[11][15:0] [3]: 2 MUX2, 0 MUX4, 0 MUX8, 0 MUX16
    Replaced tree at $0\mem_real[11][15:0] [4]: 2 MUX2, 0 MUX4, 0 MUX8, 0 MUX16
    Replaced tree at $0\mem_real[11][15:0] [5]: 2 MUX2, 0 MUX4, 0 MUX8, 0 MUX16
    Replaced tree at $0\mem_real[11][15:0] [6]: 2 MUX2, 0 MUX4, 0 MUX8, 0 MUX16
    Replaced tree at $0\mem_real[11][15:0] [7]: 2 MUX2, 0 MUX4, 0 MUX8, 0 MUX16
    Replaced tree at $0\mem_real[11][15:0] [8]: 2 MUX2, 0 MUX4, 0 MUX8, 0 MUX16
    Replaced tree at $0\mem_real[11][15:0] [9]: 2 MUX2, 0 MUX4, 0 MUX8, 0 MUX16
    Replaced tree at $0\mem_real[11][15:0] [10]: 2 MUX2, 0 MUX4, 0 MUX8, 0 MUX16
    Replaced tree at $0\mem_real[11][15:0] [11]: 2 MUX2, 0 MUX4, 0 MUX8, 0 MUX16
    Replaced tree at $0\mem_real[11][15:0] [12]: 2 MUX2, 0 MUX4, 0 MUX8, 0 MUX16
    Replaced tree at $0\mem_real[11][15:0] [13]: 2 MUX2, 0 MUX4, 0 MUX8, 0 MUX16
    Replaced tree at $0\mem_real[11][15:0] [14]: 2 MUX2, 0 MUX4, 0 MUX8, 0 MUX16
    Replaced tree at $0\mem_real[11][15:0] [15]: 2 MUX2, 0 MUX4, 0 MUX8, 0 MUX16
    Replaced tree at $0\mem_real[12][15:0] [1]: 2 MUX2, 0 MUX4, 0 MUX8, 0 MUX16
    Replaced tree at $0\mem_real[12][15:0] [2]: 2 MUX2, 0 MUX4, 0 MUX8, 0 MUX16
    Replaced tree at $0\mem_real[12][15:0] [3]: 2 MUX2, 0 MUX4, 0 MUX8, 0 MUX16
    Replaced tree at $0\mem_real[12][15:0] [4]: 2 MUX2, 0 MUX4, 0 MUX8, 0 MUX16
    Replaced tree at $0\mem_real[12][15:0] [5]: 2 MUX2, 0 MUX4, 0 MUX8, 0 MUX16
    Replaced tree at $0\mem_real[12][15:0] [6]: 2 MUX2, 0 MUX4, 0 MUX8, 0 MUX16
    Replaced tree at $0\mem_real[12][15:0] [7]: 2 MUX2, 0 MUX4, 0 MUX8, 0 MUX16
    Replaced tree at $0\mem_real[12][15:0] [8]: 2 MUX2, 0 MUX4, 0 MUX8, 0 MUX16
    Replaced tree at $0\mem_real[12][15:0] [9]: 2 MUX2, 0 MUX4, 0 MUX8, 0 MUX16
    Replaced tree at $0\mem_real[12][15:0] [10]: 2 MUX2, 0 MUX4, 0 MUX8, 0 MUX16
    Replaced tree at $0\mem_real[12][15:0] [11]: 2 MUX2, 0 MUX4, 0 MUX8, 0 MUX16
    Replaced tree at $0\mem_real[12][15:0] [12]: 2 MUX2, 0 MUX4, 0 MUX8, 0 MUX16
    Replaced tree at $0\mem_real[12][15:0] [13]: 2 MUX2, 0 MUX4, 0 MUX8, 0 MUX16
    Replaced tree at $0\mem_real[12][15:0] [14]: 2 MUX2, 0 MUX4, 0 MUX8, 0 MUX16
    Replaced tree at $0\mem_real[12][15:0] [15]: 2 MUX2, 0 MUX4, 0 MUX8, 0 MUX16
    Replaced tree at $0\mem_real[13][15:0] [1]: 2 MUX2, 0 MUX4, 0 MUX8, 0 MUX16
    Replaced tree at $0\mem_real[13][15:0] [2]: 2 MUX2, 0 MUX4, 0 MUX8, 0 MUX16
    Replaced tree at $0\mem_real[13][15:0] [3]: 2 MUX2, 0 MUX4, 0 MUX8, 0 MUX16
    Replaced tree at $0\mem_real[13][15:0] [4]: 2 MUX2, 0 MUX4, 0 MUX8, 0 MUX16
    Replaced tree at $0\mem_real[13][15:0] [5]: 2 MUX2, 0 MUX4, 0 MUX8, 0 MUX16
    Replaced tree at $0\mem_real[13][15:0] [6]: 2 MUX2, 0 MUX4, 0 MUX8, 0 MUX16
    Replaced tree at $0\mem_real[13][15:0] [7]: 2 MUX2, 0 MUX4, 0 MUX8, 0 MUX16
    Replaced tree at $0\mem_real[13][15:0] [8]: 2 MUX2, 0 MUX4, 0 MUX8, 0 MUX16
    Replaced tree at $0\mem_real[13][15:0] [9]: 2 MUX2, 0 MUX4, 0 MUX8, 0 MUX16
    Replaced tree at $0\mem_real[13][15:0] [10]: 2 MUX2, 0 MUX4, 0 MUX8, 0 MUX16
    Replaced tree at $0\mem_real[13][15:0] [11]: 2 MUX2, 0 MUX4, 0 MUX8, 0 MUX16
    Replaced tree at $0\mem_real[13][15:0] [12]: 2 MUX2, 0 MUX4, 0 MUX8, 0 MUX16
    Replaced tree at $0\mem_real[13][15:0] [13]: 2 MUX2, 0 MUX4, 0 MUX8, 0 MUX16
    Replaced tree at $0\mem_real[13][15:0] [14]: 2 MUX2, 0 MUX4, 0 MUX8, 0 MUX16
    Replaced tree at $0\mem_real[13][15:0] [15]: 2 MUX2, 0 MUX4, 0 MUX8, 0 MUX16
    Replaced tree at $0\mem_real[14][15:0] [1]: 2 MUX2, 0 MUX4, 0 MUX8, 0 MUX16
    Replaced tree at $0\mem_real[14][15:0] [2]: 2 MUX2, 0 MUX4, 0 MUX8, 0 MUX16
    Replaced tree at $0\mem_real[14][15:0] [3]: 2 MUX2, 0 MUX4, 0 MUX8, 0 MUX16
    Replaced tree at $0\mem_real[14][15:0] [4]: 2 MUX2, 0 MUX4, 0 MUX8, 0 MUX16
    Replaced tree at $0\mem_real[14][15:0] [5]: 2 MUX2, 0 MUX4, 0 MUX8, 0 MUX16
    Replaced tree at $0\mem_real[14][15:0] [6]: 2 MUX2, 0 MUX4, 0 MUX8, 0 MUX16
    Replaced tree at $0\mem_real[14][15:0] [7]: 2 MUX2, 0 MUX4, 0 MUX8, 0 MUX16
    Replaced tree at $0\mem_real[14][15:0] [8]: 2 MUX2, 0 MUX4, 0 MUX8, 0 MUX16
    Replaced tree at $0\mem_real[14][15:0] [9]: 2 MUX2, 0 MUX4, 0 MUX8, 0 MUX16
    Replaced tree at $0\mem_real[14][15:0] [10]: 2 MUX2, 0 MUX4, 0 MUX8, 0 MUX16
    Replaced tree at $0\mem_real[14][15:0] [11]: 2 MUX2, 0 MUX4, 0 MUX8, 0 MUX16
    Replaced tree at $0\mem_real[14][15:0] [12]: 2 MUX2, 0 MUX4, 0 MUX8, 0 MUX16
    Replaced tree at $0\mem_real[14][15:0] [13]: 2 MUX2, 0 MUX4, 0 MUX8, 0 MUX16
    Replaced tree at $0\mem_real[14][15:0] [14]: 2 MUX2, 0 MUX4, 0 MUX8, 0 MUX16
    Replaced tree at $0\mem_real[14][15:0] [15]: 2 MUX2, 0 MUX4, 0 MUX8, 0 MUX16
    Replaced tree at $0\mem_real[15][15:0] [1]: 2 MUX2, 0 MUX4, 0 MUX8, 0 MUX16
    Replaced tree at $0\mem_real[15][15:0] [2]: 2 MUX2, 0 MUX4, 0 MUX8, 0 MUX16
    Replaced tree at $0\mem_real[15][15:0] [3]: 2 MUX2, 0 MUX4, 0 MUX8, 0 MUX16
    Replaced tree at $0\mem_real[15][15:0] [4]: 2 MUX2, 0 MUX4, 0 MUX8, 0 MUX16
    Replaced tree at $0\mem_real[15][15:0] [5]: 2 MUX2, 0 MUX4, 0 MUX8, 0 MUX16
    Replaced tree at $0\mem_real[15][15:0] [6]: 2 MUX2, 0 MUX4, 0 MUX8, 0 MUX16
    Replaced tree at $0\mem_real[15][15:0] [7]: 2 MUX2, 0 MUX4, 0 MUX8, 0 MUX16
    Replaced tree at $0\mem_real[15][15:0] [8]: 2 MUX2, 0 MUX4, 0 MUX8, 0 MUX16
    Replaced tree at $0\mem_real[15][15:0] [9]: 2 MUX2, 0 MUX4, 0 MUX8, 0 MUX16
    Replaced tree at $0\mem_real[15][15:0] [10]: 2 MUX2, 0 MUX4, 0 MUX8, 0 MUX16
    Replaced tree at $0\mem_real[15][15:0] [11]: 2 MUX2, 0 MUX4, 0 MUX8, 0 MUX16
    Replaced tree at $0\mem_real[15][15:0] [12]: 2 MUX2, 0 MUX4, 0 MUX8, 0 MUX16
    Replaced tree at $0\mem_real[15][15:0] [13]: 2 MUX2, 0 MUX4, 0 MUX8, 0 MUX16
    Replaced tree at $0\mem_real[15][15:0] [14]: 2 MUX2, 0 MUX4, 0 MUX8, 0 MUX16
    Replaced tree at $0\mem_real[15][15:0] [15]: 2 MUX2, 0 MUX4, 0 MUX8, 0 MUX16
    Replaced tree at $0\mem_imag[0][15:0] [0]: 1 MUX2, 0 MUX4, 0 MUX8, 0 MUX16
    Replaced tree at $0\mem_imag[0][15:0] [1]: 2 MUX2, 0 MUX4, 0 MUX8, 0 MUX16
    Replaced tree at $0\mem_imag[0][15:0] [2]: 2 MUX2, 0 MUX4, 0 MUX8, 0 MUX16
    Replaced tree at $0\mem_imag[0][15:0] [3]: 2 MUX2, 0 MUX4, 0 MUX8, 0 MUX16
    Replaced tree at $0\mem_imag[0][15:0] [4]: 2 MUX2, 0 MUX4, 0 MUX8, 0 MUX16
    Replaced tree at $0\mem_imag[0][15:0] [5]: 2 MUX2, 0 MUX4, 0 MUX8, 0 MUX16
    Replaced tree at $0\mem_imag[0][15:0] [6]: 2 MUX2, 0 MUX4, 0 MUX8, 0 MUX16
    Replaced tree at $0\mem_imag[0][15:0] [7]: 2 MUX2, 0 MUX4, 0 MUX8, 0 MUX16
    Replaced tree at $0\mem_imag[0][15:0] [8]: 2 MUX2, 0 MUX4, 0 MUX8, 0 MUX16
    Replaced tree at $0\mem_imag[0][15:0] [9]: 2 MUX2, 0 MUX4, 0 MUX8, 0 MUX16
    Replaced tree at $0\mem_imag[0][15:0] [10]: 2 MUX2, 0 MUX4, 0 MUX8, 0 MUX16
    Replaced tree at $0\mem_imag[0][15:0] [11]: 2 MUX2, 0 MUX4, 0 MUX8, 0 MUX16
    Replaced tree at $0\mem_imag[0][15:0] [12]: 2 MUX2, 0 MUX4, 0 MUX8, 0 MUX16
    Replaced tree at $0\mem_imag[0][15:0] [13]: 2 MUX2, 0 MUX4, 0 MUX8, 0 MUX16
    Replaced tree at $0\mem_imag[0][15:0] [14]: 2 MUX2, 0 MUX4, 0 MUX8, 0 MUX16
    Replaced tree at $0\mem_imag[0][15:0] [15]: 2 MUX2, 0 MUX4, 0 MUX8, 0 MUX16
    Replaced tree at $0\mem_imag[1][15:0] [1]: 2 MUX2, 0 MUX4, 0 MUX8, 0 MUX16
    Replaced tree at $0\mem_imag[1][15:0] [2]: 2 MUX2, 0 MUX4, 0 MUX8, 0 MUX16
    Replaced tree at $0\mem_imag[1][15:0] [3]: 2 MUX2, 0 MUX4, 0 MUX8, 0 MUX16
    Replaced tree at $0\mem_imag[1][15:0] [4]: 2 MUX2, 0 MUX4, 0 MUX8, 0 MUX16
    Replaced tree at $0\mem_imag[1][15:0] [5]: 2 MUX2, 0 MUX4, 0 MUX8, 0 MUX16
    Replaced tree at $0\mem_imag[1][15:0] [6]: 2 MUX2, 0 MUX4, 0 MUX8, 0 MUX16
    Replaced tree at $0\mem_imag[1][15:0] [7]: 2 MUX2, 0 MUX4, 0 MUX8, 0 MUX16
    Replaced tree at $0\mem_imag[1][15:0] [8]: 2 MUX2, 0 MUX4, 0 MUX8, 0 MUX16
    Replaced tree at $0\mem_imag[1][15:0] [9]: 2 MUX2, 0 MUX4, 0 MUX8, 0 MUX16
    Replaced tree at $0\mem_imag[1][15:0] [10]: 2 MUX2, 0 MUX4, 0 MUX8, 0 MUX16
    Replaced tree at $0\mem_imag[1][15:0] [11]: 2 MUX2, 0 MUX4, 0 MUX8, 0 MUX16
    Replaced tree at $0\mem_imag[1][15:0] [12]: 2 MUX2, 0 MUX4, 0 MUX8, 0 MUX16
    Replaced tree at $0\mem_imag[1][15:0] [13]: 2 MUX2, 0 MUX4, 0 MUX8, 0 MUX16
    Replaced tree at $0\mem_imag[1][15:0] [14]: 2 MUX2, 0 MUX4, 0 MUX8, 0 MUX16
    Replaced tree at $0\mem_imag[1][15:0] [15]: 2 MUX2, 0 MUX4, 0 MUX8, 0 MUX16
    Replaced tree at $0\mem_imag[2][15:0] [1]: 2 MUX2, 0 MUX4, 0 MUX8, 0 MUX16
    Replaced tree at $0\mem_imag[2][15:0] [2]: 2 MUX2, 0 MUX4, 0 MUX8, 0 MUX16
    Replaced tree at $0\mem_imag[2][15:0] [3]: 2 MUX2, 0 MUX4, 0 MUX8, 0 MUX16
    Replaced tree at $0\mem_imag[2][15:0] [4]: 2 MUX2, 0 MUX4, 0 MUX8, 0 MUX16
    Replaced tree at $0\mem_imag[2][15:0] [5]: 2 MUX2, 0 MUX4, 0 MUX8, 0 MUX16
    Replaced tree at $0\mem_imag[2][15:0] [6]: 2 MUX2, 0 MUX4, 0 MUX8, 0 MUX16
    Replaced tree at $0\mem_imag[2][15:0] [7]: 2 MUX2, 0 MUX4, 0 MUX8, 0 MUX16
    Replaced tree at $0\mem_imag[2][15:0] [8]: 2 MUX2, 0 MUX4, 0 MUX8, 0 MUX16
    Replaced tree at $0\mem_imag[2][15:0] [9]: 2 MUX2, 0 MUX4, 0 MUX8, 0 MUX16
    Replaced tree at $0\mem_imag[2][15:0] [10]: 2 MUX2, 0 MUX4, 0 MUX8, 0 MUX16
    Replaced tree at $0\mem_imag[2][15:0] [11]: 2 MUX2, 0 MUX4, 0 MUX8, 0 MUX16
    Replaced tree at $0\mem_imag[2][15:0] [12]: 2 MUX2, 0 MUX4, 0 MUX8, 0 MUX16
    Replaced tree at $0\mem_imag[2][15:0] [13]: 2 MUX2, 0 MUX4, 0 MUX8, 0 MUX16
    Replaced tree at $0\mem_imag[2][15:0] [14]: 2 MUX2, 0 MUX4, 0 MUX8, 0 MUX16
    Replaced tree at $0\mem_imag[2][15:0] [15]: 2 MUX2, 0 MUX4, 0 MUX8, 0 MUX16
    Replaced tree at $0\mem_imag[3][15:0] [1]: 2 MUX2, 0 MUX4, 0 MUX8, 0 MUX16
    Replaced tree at $0\mem_imag[3][15:0] [2]: 2 MUX2, 0 MUX4, 0 MUX8, 0 MUX16
    Replaced tree at $0\mem_imag[3][15:0] [3]: 2 MUX2, 0 MUX4, 0 MUX8, 0 MUX16
    Replaced tree at $0\mem_imag[3][15:0] [4]: 2 MUX2, 0 MUX4, 0 MUX8, 0 MUX16
    Replaced tree at $0\mem_imag[3][15:0] [5]: 2 MUX2, 0 MUX4, 0 MUX8, 0 MUX16
    Replaced tree at $0\mem_imag[3][15:0] [6]: 2 MUX2, 0 MUX4, 0 MUX8, 0 MUX16
    Replaced tree at $0\mem_imag[3][15:0] [7]: 2 MUX2, 0 MUX4, 0 MUX8, 0 MUX16
    Replaced tree at $0\mem_imag[3][15:0] [8]: 2 MUX2, 0 MUX4, 0 MUX8, 0 MUX16
    Replaced tree at $0\mem_imag[3][15:0] [9]: 2 MUX2, 0 MUX4, 0 MUX8, 0 MUX16
    Replaced tree at $0\mem_imag[3][15:0] [10]: 2 MUX2, 0 MUX4, 0 MUX8, 0 MUX16
    Replaced tree at $0\mem_imag[3][15:0] [11]: 2 MUX2, 0 MUX4, 0 MUX8, 0 MUX16
    Replaced tree at $0\mem_imag[3][15:0] [12]: 2 MUX2, 0 MUX4, 0 MUX8, 0 MUX16
    Replaced tree at $0\mem_imag[3][15:0] [13]: 2 MUX2, 0 MUX4, 0 MUX8, 0 MUX16
    Replaced tree at $0\mem_imag[3][15:0] [14]: 2 MUX2, 0 MUX4, 0 MUX8, 0 MUX16
    Replaced tree at $0\mem_imag[3][15:0] [15]: 2 MUX2, 0 MUX4, 0 MUX8, 0 MUX16
    Replaced tree at $0\mem_imag[4][15:0] [1]: 2 MUX2, 0 MUX4, 0 MUX8, 0 MUX16
    Replaced tree at $0\mem_imag[4][15:0] [2]: 2 MUX2, 0 MUX4, 0 MUX8, 0 MUX16
    Replaced tree at $0\mem_imag[4][15:0] [3]: 2 MUX2, 0 MUX4, 0 MUX8, 0 MUX16
    Replaced tree at $0\mem_imag[4][15:0] [4]: 2 MUX2, 0 MUX4, 0 MUX8, 0 MUX16
    Replaced tree at $0\mem_imag[4][15:0] [5]: 2 MUX2, 0 MUX4, 0 MUX8, 0 MUX16
    Replaced tree at $0\mem_imag[4][15:0] [6]: 2 MUX2, 0 MUX4, 0 MUX8, 0 MUX16
    Replaced tree at $0\mem_imag[4][15:0] [7]: 2 MUX2, 0 MUX4, 0 MUX8, 0 MUX16
    Replaced tree at $0\mem_imag[4][15:0] [8]: 2 MUX2, 0 MUX4, 0 MUX8, 0 MUX16
    Replaced tree at $0\mem_imag[4][15:0] [9]: 2 MUX2, 0 MUX4, 0 MUX8, 0 MUX16
    Replaced tree at $0\mem_imag[4][15:0] [10]: 2 MUX2, 0 MUX4, 0 MUX8, 0 MUX16
    Replaced tree at $0\mem_imag[4][15:0] [11]: 2 MUX2, 0 MUX4, 0 MUX8, 0 MUX16
    Replaced tree at $0\mem_imag[4][15:0] [12]: 2 MUX2, 0 MUX4, 0 MUX8, 0 MUX16
    Replaced tree at $0\mem_imag[4][15:0] [13]: 2 MUX2, 0 MUX4, 0 MUX8, 0 MUX16
    Replaced tree at $0\mem_imag[4][15:0] [14]: 2 MUX2, 0 MUX4, 0 MUX8, 0 MUX16
    Replaced tree at $0\mem_imag[4][15:0] [15]: 2 MUX2, 0 MUX4, 0 MUX8, 0 MUX16
    Replaced tree at $0\mem_imag[5][15:0] [1]: 2 MUX2, 0 MUX4, 0 MUX8, 0 MUX16
    Replaced tree at $0\mem_imag[5][15:0] [2]: 2 MUX2, 0 MUX4, 0 MUX8, 0 MUX16
    Replaced tree at $0\mem_imag[5][15:0] [3]: 2 MUX2, 0 MUX4, 0 MUX8, 0 MUX16
    Replaced tree at $0\mem_imag[5][15:0] [4]: 2 MUX2, 0 MUX4, 0 MUX8, 0 MUX16
    Replaced tree at $0\mem_imag[5][15:0] [5]: 2 MUX2, 0 MUX4, 0 MUX8, 0 MUX16
    Replaced tree at $0\mem_imag[5][15:0] [6]: 2 MUX2, 0 MUX4, 0 MUX8, 0 MUX16
    Replaced tree at $0\mem_imag[5][15:0] [7]: 2 MUX2, 0 MUX4, 0 MUX8, 0 MUX16
    Replaced tree at $0\mem_imag[5][15:0] [8]: 2 MUX2, 0 MUX4, 0 MUX8, 0 MUX16
    Replaced tree at $0\mem_imag[5][15:0] [9]: 2 MUX2, 0 MUX4, 0 MUX8, 0 MUX16
    Replaced tree at $0\mem_imag[5][15:0] [10]: 2 MUX2, 0 MUX4, 0 MUX8, 0 MUX16
    Replaced tree at $0\mem_imag[5][15:0] [11]: 2 MUX2, 0 MUX4, 0 MUX8, 0 MUX16
    Replaced tree at $0\mem_imag[5][15:0] [12]: 2 MUX2, 0 MUX4, 0 MUX8, 0 MUX16
    Replaced tree at $0\mem_imag[5][15:0] [13]: 2 MUX2, 0 MUX4, 0 MUX8, 0 MUX16
    Replaced tree at $0\mem_imag[5][15:0] [14]: 2 MUX2, 0 MUX4, 0 MUX8, 0 MUX16
    Replaced tree at $0\mem_imag[5][15:0] [15]: 2 MUX2, 0 MUX4, 0 MUX8, 0 MUX16
    Replaced tree at $0\mem_imag[6][15:0] [1]: 2 MUX2, 0 MUX4, 0 MUX8, 0 MUX16
    Replaced tree at $0\mem_imag[6][15:0] [2]: 2 MUX2, 0 MUX4, 0 MUX8, 0 MUX16
    Replaced tree at $0\mem_imag[6][15:0] [3]: 2 MUX2, 0 MUX4, 0 MUX8, 0 MUX16
    Replaced tree at $0\mem_imag[6][15:0] [4]: 2 MUX2, 0 MUX4, 0 MUX8, 0 MUX16
    Replaced tree at $0\mem_imag[6][15:0] [5]: 2 MUX2, 0 MUX4, 0 MUX8, 0 MUX16
    Replaced tree at $0\mem_imag[6][15:0] [6]: 2 MUX2, 0 MUX4, 0 MUX8, 0 MUX16
    Replaced tree at $0\mem_imag[6][15:0] [7]: 2 MUX2, 0 MUX4, 0 MUX8, 0 MUX16
    Replaced tree at $0\mem_imag[6][15:0] [8]: 2 MUX2, 0 MUX4, 0 MUX8, 0 MUX16
    Replaced tree at $0\mem_imag[6][15:0] [9]: 2 MUX2, 0 MUX4, 0 MUX8, 0 MUX16
    Replaced tree at $0\mem_imag[6][15:0] [10]: 2 MUX2, 0 MUX4, 0 MUX8, 0 MUX16
    Replaced tree at $0\mem_imag[6][15:0] [11]: 2 MUX2, 0 MUX4, 0 MUX8, 0 MUX16
    Replaced tree at $0\mem_imag[6][15:0] [12]: 2 MUX2, 0 MUX4, 0 MUX8, 0 MUX16
    Replaced tree at $0\mem_imag[6][15:0] [13]: 2 MUX2, 0 MUX4, 0 MUX8, 0 MUX16
    Replaced tree at $0\mem_imag[6][15:0] [14]: 2 MUX2, 0 MUX4, 0 MUX8, 0 MUX16
    Replaced tree at $0\mem_imag[6][15:0] [15]: 2 MUX2, 0 MUX4, 0 MUX8, 0 MUX16
    Replaced tree at $0\mem_imag[7][15:0] [1]: 2 MUX2, 0 MUX4, 0 MUX8, 0 MUX16
    Replaced tree at $0\mem_imag[7][15:0] [2]: 2 MUX2, 0 MUX4, 0 MUX8, 0 MUX16
    Replaced tree at $0\mem_imag[7][15:0] [3]: 2 MUX2, 0 MUX4, 0 MUX8, 0 MUX16
    Replaced tree at $0\mem_imag[7][15:0] [4]: 2 MUX2, 0 MUX4, 0 MUX8, 0 MUX16
    Replaced tree at $0\mem_imag[7][15:0] [5]: 2 MUX2, 0 MUX4, 0 MUX8, 0 MUX16
    Replaced tree at $0\mem_imag[7][15:0] [6]: 2 MUX2, 0 MUX4, 0 MUX8, 0 MUX16
    Replaced tree at $0\mem_imag[7][15:0] [7]: 2 MUX2, 0 MUX4, 0 MUX8, 0 MUX16
    Replaced tree at $0\mem_imag[7][15:0] [8]: 2 MUX2, 0 MUX4, 0 MUX8, 0 MUX16
    Replaced tree at $0\mem_imag[7][15:0] [9]: 2 MUX2, 0 MUX4, 0 MUX8, 0 MUX16
    Replaced tree at $0\mem_imag[7][15:0] [10]: 2 MUX2, 0 MUX4, 0 MUX8, 0 MUX16
    Replaced tree at $0\mem_imag[7][15:0] [11]: 2 MUX2, 0 MUX4, 0 MUX8, 0 MUX16
    Replaced tree at $0\mem_imag[7][15:0] [12]: 2 MUX2, 0 MUX4, 0 MUX8, 0 MUX16
    Replaced tree at $0\mem_imag[7][15:0] [13]: 2 MUX2, 0 MUX4, 0 MUX8, 0 MUX16
    Replaced tree at $0\mem_imag[7][15:0] [14]: 2 MUX2, 0 MUX4, 0 MUX8, 0 MUX16
    Replaced tree at $0\mem_imag[7][15:0] [15]: 2 MUX2, 0 MUX4, 0 MUX8, 0 MUX16
    Replaced tree at $0\mem_imag[8][15:0] [1]: 2 MUX2, 0 MUX4, 0 MUX8, 0 MUX16
    Replaced tree at $0\mem_imag[8][15:0] [2]: 2 MUX2, 0 MUX4, 0 MUX8, 0 MUX16
    Replaced tree at $0\mem_imag[8][15:0] [3]: 2 MUX2, 0 MUX4, 0 MUX8, 0 MUX16
    Replaced tree at $0\mem_imag[8][15:0] [4]: 2 MUX2, 0 MUX4, 0 MUX8, 0 MUX16
    Replaced tree at $0\mem_imag[8][15:0] [5]: 2 MUX2, 0 MUX4, 0 MUX8, 0 MUX16
    Replaced tree at $0\mem_imag[8][15:0] [6]: 2 MUX2, 0 MUX4, 0 MUX8, 0 MUX16
    Replaced tree at $0\mem_imag[8][15:0] [7]: 2 MUX2, 0 MUX4, 0 MUX8, 0 MUX16
    Replaced tree at $0\mem_imag[8][15:0] [8]: 2 MUX2, 0 MUX4, 0 MUX8, 0 MUX16
    Replaced tree at $0\mem_imag[8][15:0] [9]: 2 MUX2, 0 MUX4, 0 MUX8, 0 MUX16
    Replaced tree at $0\mem_imag[8][15:0] [10]: 2 MUX2, 0 MUX4, 0 MUX8, 0 MUX16
    Replaced tree at $0\mem_imag[8][15:0] [11]: 2 MUX2, 0 MUX4, 0 MUX8, 0 MUX16
    Replaced tree at $0\mem_imag[8][15:0] [12]: 2 MUX2, 0 MUX4, 0 MUX8, 0 MUX16
    Replaced tree at $0\mem_imag[8][15:0] [13]: 2 MUX2, 0 MUX4, 0 MUX8, 0 MUX16
    Replaced tree at $0\mem_imag[8][15:0] [14]: 2 MUX2, 0 MUX4, 0 MUX8, 0 MUX16
    Replaced tree at $0\mem_imag[8][15:0] [15]: 2 MUX2, 0 MUX4, 0 MUX8, 0 MUX16
    Replaced tree at $0\mem_imag[9][15:0] [1]: 2 MUX2, 0 MUX4, 0 MUX8, 0 MUX16
    Replaced tree at $0\mem_imag[9][15:0] [2]: 2 MUX2, 0 MUX4, 0 MUX8, 0 MUX16
    Replaced tree at $0\mem_imag[9][15:0] [3]: 2 MUX2, 0 MUX4, 0 MUX8, 0 MUX16
    Replaced tree at $0\mem_imag[9][15:0] [4]: 2 MUX2, 0 MUX4, 0 MUX8, 0 MUX16
    Replaced tree at $0\mem_imag[9][15:0] [5]: 2 MUX2, 0 MUX4, 0 MUX8, 0 MUX16
    Replaced tree at $0\mem_imag[9][15:0] [6]: 2 MUX2, 0 MUX4, 0 MUX8, 0 MUX16
    Replaced tree at $0\mem_imag[9][15:0] [7]: 2 MUX2, 0 MUX4, 0 MUX8, 0 MUX16
    Replaced tree at $0\mem_imag[9][15:0] [8]: 2 MUX2, 0 MUX4, 0 MUX8, 0 MUX16
    Replaced tree at $0\mem_imag[9][15:0] [9]: 2 MUX2, 0 MUX4, 0 MUX8, 0 MUX16
    Replaced tree at $0\mem_imag[9][15:0] [10]: 2 MUX2, 0 MUX4, 0 MUX8, 0 MUX16
    Replaced tree at $0\mem_imag[9][15:0] [11]: 2 MUX2, 0 MUX4, 0 MUX8, 0 MUX16
    Replaced tree at $0\mem_imag[9][15:0] [12]: 2 MUX2, 0 MUX4, 0 MUX8, 0 MUX16
    Replaced tree at $0\mem_imag[9][15:0] [13]: 2 MUX2, 0 MUX4, 0 MUX8, 0 MUX16
    Replaced tree at $0\mem_imag[9][15:0] [14]: 2 MUX2, 0 MUX4, 0 MUX8, 0 MUX16
    Replaced tree at $0\mem_imag[9][15:0] [15]: 2 MUX2, 0 MUX4, 0 MUX8, 0 MUX16
    Replaced tree at $0\mem_imag[10][15:0] [1]: 2 MUX2, 0 MUX4, 0 MUX8, 0 MUX16
    Replaced tree at $0\mem_imag[10][15:0] [2]: 2 MUX2, 0 MUX4, 0 MUX8, 0 MUX16
    Replaced tree at $0\mem_imag[10][15:0] [3]: 2 MUX2, 0 MUX4, 0 MUX8, 0 MUX16
    Replaced tree at $0\mem_imag[10][15:0] [4]: 2 MUX2, 0 MUX4, 0 MUX8, 0 MUX16
    Replaced tree at $0\mem_imag[10][15:0] [5]: 2 MUX2, 0 MUX4, 0 MUX8, 0 MUX16
    Replaced tree at $0\mem_imag[10][15:0] [6]: 2 MUX2, 0 MUX4, 0 MUX8, 0 MUX16
    Replaced tree at $0\mem_imag[10][15:0] [7]: 2 MUX2, 0 MUX4, 0 MUX8, 0 MUX16
    Replaced tree at $0\mem_imag[10][15:0] [8]: 2 MUX2, 0 MUX4, 0 MUX8, 0 MUX16
    Replaced tree at $0\mem_imag[10][15:0] [9]: 2 MUX2, 0 MUX4, 0 MUX8, 0 MUX16
    Replaced tree at $0\mem_imag[10][15:0] [10]: 2 MUX2, 0 MUX4, 0 MUX8, 0 MUX16
    Replaced tree at $0\mem_imag[10][15:0] [11]: 2 MUX2, 0 MUX4, 0 MUX8, 0 MUX16
    Replaced tree at $0\mem_imag[10][15:0] [12]: 2 MUX2, 0 MUX4, 0 MUX8, 0 MUX16
    Replaced tree at $0\mem_imag[10][15:0] [13]: 2 MUX2, 0 MUX4, 0 MUX8, 0 MUX16
    Replaced tree at $0\mem_imag[10][15:0] [14]: 2 MUX2, 0 MUX4, 0 MUX8, 0 MUX16
    Replaced tree at $0\mem_imag[10][15:0] [15]: 2 MUX2, 0 MUX4, 0 MUX8, 0 MUX16
    Replaced tree at $0\mem_imag[11][15:0] [1]: 2 MUX2, 0 MUX4, 0 MUX8, 0 MUX16
    Replaced tree at $0\mem_imag[11][15:0] [2]: 2 MUX2, 0 MUX4, 0 MUX8, 0 MUX16
    Replaced tree at $0\mem_imag[11][15:0] [3]: 2 MUX2, 0 MUX4, 0 MUX8, 0 MUX16
    Replaced tree at $0\mem_imag[11][15:0] [4]: 2 MUX2, 0 MUX4, 0 MUX8, 0 MUX16
    Replaced tree at $0\mem_imag[11][15:0] [5]: 2 MUX2, 0 MUX4, 0 MUX8, 0 MUX16
    Replaced tree at $0\mem_imag[11][15:0] [6]: 2 MUX2, 0 MUX4, 0 MUX8, 0 MUX16
    Replaced tree at $0\mem_imag[11][15:0] [7]: 2 MUX2, 0 MUX4, 0 MUX8, 0 MUX16
    Replaced tree at $0\mem_imag[11][15:0] [8]: 2 MUX2, 0 MUX4, 0 MUX8, 0 MUX16
    Replaced tree at $0\mem_imag[11][15:0] [9]: 2 MUX2, 0 MUX4, 0 MUX8, 0 MUX16
    Replaced tree at $0\mem_imag[11][15:0] [10]: 2 MUX2, 0 MUX4, 0 MUX8, 0 MUX16
    Replaced tree at $0\mem_imag[11][15:0] [11]: 2 MUX2, 0 MUX4, 0 MUX8, 0 MUX16
    Replaced tree at $0\mem_imag[11][15:0] [12]: 2 MUX2, 0 MUX4, 0 MUX8, 0 MUX16
    Replaced tree at $0\mem_imag[11][15:0] [13]: 2 MUX2, 0 MUX4, 0 MUX8, 0 MUX16
    Replaced tree at $0\mem_imag[11][15:0] [14]: 2 MUX2, 0 MUX4, 0 MUX8, 0 MUX16
    Replaced tree at $0\mem_imag[11][15:0] [15]: 2 MUX2, 0 MUX4, 0 MUX8, 0 MUX16
    Replaced tree at $0\mem_imag[12][15:0] [1]: 2 MUX2, 0 MUX4, 0 MUX8, 0 MUX16
    Replaced tree at $0\mem_imag[12][15:0] [2]: 2 MUX2, 0 MUX4, 0 MUX8, 0 MUX16
    Replaced tree at $0\mem_imag[12][15:0] [3]: 2 MUX2, 0 MUX4, 0 MUX8, 0 MUX16
    Replaced tree at $0\mem_imag[12][15:0] [4]: 2 MUX2, 0 MUX4, 0 MUX8, 0 MUX16
    Replaced tree at $0\mem_imag[12][15:0] [5]: 2 MUX2, 0 MUX4, 0 MUX8, 0 MUX16
    Replaced tree at $0\mem_imag[12][15:0] [6]: 2 MUX2, 0 MUX4, 0 MUX8, 0 MUX16
    Replaced tree at $0\mem_imag[12][15:0] [7]: 2 MUX2, 0 MUX4, 0 MUX8, 0 MUX16
    Replaced tree at $0\mem_imag[12][15:0] [8]: 2 MUX2, 0 MUX4, 0 MUX8, 0 MUX16
    Replaced tree at $0\mem_imag[12][15:0] [9]: 2 MUX2, 0 MUX4, 0 MUX8, 0 MUX16
    Replaced tree at $0\mem_imag[12][15:0] [10]: 2 MUX2, 0 MUX4, 0 MUX8, 0 MUX16
    Replaced tree at $0\mem_imag[12][15:0] [11]: 2 MUX2, 0 MUX4, 0 MUX8, 0 MUX16
    Replaced tree at $0\mem_imag[12][15:0] [12]: 2 MUX2, 0 MUX4, 0 MUX8, 0 MUX16
    Replaced tree at $0\mem_imag[12][15:0] [13]: 2 MUX2, 0 MUX4, 0 MUX8, 0 MUX16
    Replaced tree at $0\mem_imag[12][15:0] [14]: 2 MUX2, 0 MUX4, 0 MUX8, 0 MUX16
    Replaced tree at $0\mem_imag[12][15:0] [15]: 2 MUX2, 0 MUX4, 0 MUX8, 0 MUX16
    Replaced tree at $0\mem_imag[13][15:0] [1]: 2 MUX2, 0 MUX4, 0 MUX8, 0 MUX16
    Replaced tree at $0\mem_imag[13][15:0] [2]: 2 MUX2, 0 MUX4, 0 MUX8, 0 MUX16
    Replaced tree at $0\mem_imag[13][15:0] [3]: 2 MUX2, 0 MUX4, 0 MUX8, 0 MUX16
    Replaced tree at $0\mem_imag[13][15:0] [4]: 2 MUX2, 0 MUX4, 0 MUX8, 0 MUX16
    Replaced tree at $0\mem_imag[13][15:0] [5]: 2 MUX2, 0 MUX4, 0 MUX8, 0 MUX16
    Replaced tree at $0\mem_imag[13][15:0] [6]: 2 MUX2, 0 MUX4, 0 MUX8, 0 MUX16
    Replaced tree at $0\mem_imag[13][15:0] [7]: 2 MUX2, 0 MUX4, 0 MUX8, 0 MUX16
    Replaced tree at $0\mem_imag[13][15:0] [8]: 2 MUX2, 0 MUX4, 0 MUX8, 0 MUX16
    Replaced tree at $0\mem_imag[13][15:0] [9]: 2 MUX2, 0 MUX4, 0 MUX8, 0 MUX16
    Replaced tree at $0\mem_imag[13][15:0] [10]: 2 MUX2, 0 MUX4, 0 MUX8, 0 MUX16
    Replaced tree at $0\mem_imag[13][15:0] [11]: 2 MUX2, 0 MUX4, 0 MUX8, 0 MUX16
    Replaced tree at $0\mem_imag[13][15:0] [12]: 2 MUX2, 0 MUX4, 0 MUX8, 0 MUX16
    Replaced tree at $0\mem_imag[13][15:0] [13]: 2 MUX2, 0 MUX4, 0 MUX8, 0 MUX16
    Replaced tree at $0\mem_imag[13][15:0] [14]: 2 MUX2, 0 MUX4, 0 MUX8, 0 MUX16
    Replaced tree at $0\mem_imag[13][15:0] [15]: 2 MUX2, 0 MUX4, 0 MUX8, 0 MUX16
    Replaced tree at $0\mem_imag[14][15:0] [1]: 2 MUX2, 0 MUX4, 0 MUX8, 0 MUX16
    Replaced tree at $0\mem_imag[14][15:0] [2]: 2 MUX2, 0 MUX4, 0 MUX8, 0 MUX16
    Replaced tree at $0\mem_imag[14][15:0] [3]: 2 MUX2, 0 MUX4, 0 MUX8, 0 MUX16
    Replaced tree at $0\mem_imag[14][15:0] [4]: 2 MUX2, 0 MUX4, 0 MUX8, 0 MUX16
    Replaced tree at $0\mem_imag[14][15:0] [5]: 2 MUX2, 0 MUX4, 0 MUX8, 0 MUX16
    Replaced tree at $0\mem_imag[14][15:0] [6]: 2 MUX2, 0 MUX4, 0 MUX8, 0 MUX16
    Replaced tree at $0\mem_imag[14][15:0] [7]: 2 MUX2, 0 MUX4, 0 MUX8, 0 MUX16
    Replaced tree at $0\mem_imag[14][15:0] [8]: 2 MUX2, 0 MUX4, 0 MUX8, 0 MUX16
    Replaced tree at $0\mem_imag[14][15:0] [9]: 2 MUX2, 0 MUX4, 0 MUX8, 0 MUX16
    Replaced tree at $0\mem_imag[14][15:0] [10]: 2 MUX2, 0 MUX4, 0 MUX8, 0 MUX16
    Replaced tree at $0\mem_imag[14][15:0] [11]: 2 MUX2, 0 MUX4, 0 MUX8, 0 MUX16
    Replaced tree at $0\mem_imag[14][15:0] [12]: 2 MUX2, 0 MUX4, 0 MUX8, 0 MUX16
    Replaced tree at $0\mem_imag[14][15:0] [13]: 2 MUX2, 0 MUX4, 0 MUX8, 0 MUX16
    Replaced tree at $0\mem_imag[14][15:0] [14]: 2 MUX2, 0 MUX4, 0 MUX8, 0 MUX16
    Replaced tree at $0\mem_imag[14][15:0] [15]: 2 MUX2, 0 MUX4, 0 MUX8, 0 MUX16
    Replaced tree at $0\mem_imag[15][15:0] [1]: 2 MUX2, 0 MUX4, 0 MUX8, 0 MUX16
    Replaced tree at $0\mem_imag[15][15:0] [2]: 2 MUX2, 0 MUX4, 0 MUX8, 0 MUX16
    Replaced tree at $0\mem_imag[15][15:0] [3]: 2 MUX2, 0 MUX4, 0 MUX8, 0 MUX16
    Replaced tree at $0\mem_imag[15][15:0] [4]: 2 MUX2, 0 MUX4, 0 MUX8, 0 MUX16
    Replaced tree at $0\mem_imag[15][15:0] [5]: 2 MUX2, 0 MUX4, 0 MUX8, 0 MUX16
    Replaced tree at $0\mem_imag[15][15:0] [6]: 2 MUX2, 0 MUX4, 0 MUX8, 0 MUX16
    Replaced tree at $0\mem_imag[15][15:0] [7]: 2 MUX2, 0 MUX4, 0 MUX8, 0 MUX16
    Replaced tree at $0\mem_imag[15][15:0] [8]: 2 MUX2, 0 MUX4, 0 MUX8, 0 MUX16
    Replaced tree at $0\mem_imag[15][15:0] [9]: 2 MUX2, 0 MUX4, 0 MUX8, 0 MUX16
    Replaced tree at $0\mem_imag[15][15:0] [10]: 2 MUX2, 0 MUX4, 0 MUX8, 0 MUX16
    Replaced tree at $0\mem_imag[15][15:0] [11]: 2 MUX2, 0 MUX4, 0 MUX8, 0 MUX16
    Replaced tree at $0\mem_imag[15][15:0] [12]: 2 MUX2, 0 MUX4, 0 MUX8, 0 MUX16
    Replaced tree at $0\mem_imag[15][15:0] [13]: 2 MUX2, 0 MUX4, 0 MUX8, 0 MUX16
    Replaced tree at $0\mem_imag[15][15:0] [14]: 2 MUX2, 0 MUX4, 0 MUX8, 0 MUX16
    Replaced tree at $0\mem_imag[15][15:0] [15]: 2 MUX2, 0 MUX4, 0 MUX8, 0 MUX16
    Replaced tree at $abc$22933$new_n11809_: 1 MUX2, 0 MUX4, 0 MUX8, 0 MUX16
    Replaced tree at $abc$22933$new_n11773_: 1 MUX2, 0 MUX4, 0 MUX8, 0 MUX16
    Replaced tree at $abc$22933$new_n11652_: 1 MUX2, 0 MUX4, 0 MUX8, 0 MUX16
    Replaced tree at $abc$22933$new_n11520_: 1 MUX2, 0 MUX4, 0 MUX8, 0 MUX16
    Replaced tree at $abc$22933$new_n11378_: 1 MUX2, 0 MUX4, 0 MUX8, 0 MUX16
    Replaced tree at $abc$22933$new_n11229_: 1 MUX2, 0 MUX4, 0 MUX8, 0 MUX16
    Replaced tree at $abc$22933$new_n11069_: 1 MUX2, 0 MUX4, 0 MUX8, 0 MUX16
    Replaced tree at $abc$22933$new_n10893_: 1 MUX2, 0 MUX4, 0 MUX8, 0 MUX16
    Replaced tree at $abc$22933$new_n10713_: 1 MUX2, 0 MUX4, 0 MUX8, 0 MUX16
    Replaced tree at $abc$22933$new_n10529_: 1 MUX2, 0 MUX4, 0 MUX8, 0 MUX16
    Replaced tree at $abc$22933$new_n10338_: 1 MUX2, 0 MUX4, 0 MUX8, 0 MUX16
    Replaced tree at $abc$22933$new_n10137_: 1 MUX2, 0 MUX4, 0 MUX8, 0 MUX16
    Replaced tree at $abc$22933$new_n9935_: 1 MUX2, 0 MUX4, 0 MUX8, 0 MUX16
    Replaced tree at $abc$22933$new_n9855_: 1 MUX2, 0 MUX4, 0 MUX8, 0 MUX16
    Replaced tree at $abc$22933$new_n9724_: 1 MUX2, 0 MUX4, 0 MUX8, 0 MUX16
    Replaced tree at $abc$22933$new_n9515_: 1 MUX2, 0 MUX4, 0 MUX8, 0 MUX16
    Replaced tree at $abc$22933$new_n9296_: 1 MUX2, 0 MUX4, 0 MUX8, 0 MUX16
    Replaced tree at $abc$22933$new_n9162_: 1 MUX2, 0 MUX4, 0 MUX8, 0 MUX16
    Replaced tree at $abc$22933$new_n9090_: 1 MUX2, 0 MUX4, 0 MUX8, 0 MUX16
    Replaced tree at $abc$22933$new_n9046_: 1 MUX2, 0 MUX4, 0 MUX8, 0 MUX16
    Replaced tree at $abc$22933$new_n8928_: 1 MUX2, 0 MUX4, 0 MUX8, 0 MUX16
    Replaced tree at $abc$22933$new_n8790_: 1 MUX2, 0 MUX4, 0 MUX8, 0 MUX16
    Replaced tree at $abc$22933$new_n8654_: 1 MUX2, 0 MUX4, 0 MUX8, 0 MUX16
    Replaced tree at $abc$22933$new_n8502_: 1 MUX2, 0 MUX4, 0 MUX8, 0 MUX16
    Replaced tree at $abc$22933$new_n8345_: 1 MUX2, 0 MUX4, 0 MUX8, 0 MUX16
    Replaced tree at $abc$22933$new_n8163_: 1 MUX2, 0 MUX4, 0 MUX8, 0 MUX16
    Replaced tree at $abc$22933$new_n7989_: 1 MUX2, 0 MUX4, 0 MUX8, 0 MUX16
    Replaced tree at $abc$22933$new_n7803_: 1 MUX2, 0 MUX4, 0 MUX8, 0 MUX16
    Replaced tree at $abc$22933$new_n7616_: 1 MUX2, 0 MUX4, 0 MUX8, 0 MUX16
    Replaced tree at $abc$22933$new_n7416_: 1 MUX2, 0 MUX4, 0 MUX8, 0 MUX16
    Replaced tree at $abc$22933$new_n7221_: 1 MUX2, 0 MUX4, 0 MUX8, 0 MUX16
    Replaced tree at $abc$22933$new_n7146_: 1 MUX2, 0 MUX4, 0 MUX8, 0 MUX16
    Replaced tree at $abc$22933$new_n7014_: 1 MUX2, 0 MUX4, 0 MUX8, 0 MUX16
    Replaced tree at $abc$22933$new_n6808_: 1 MUX2, 0 MUX4, 0 MUX8, 0 MUX16
    Replaced tree at $abc$22933$new_n5514_: 1 MUX2, 0 MUX4, 0 MUX8, 0 MUX16
    Replaced tree at $abc$22933$new_n5507_: 1 MUX2, 0 MUX4, 0 MUX8, 0 MUX16
    Replaced tree at $abc$22933$new_n5481_: 1 MUX2, 0 MUX4, 0 MUX8, 0 MUX16
    Replaced tree at $abc$22933$new_n5473_: 1 MUX2, 0 MUX4, 0 MUX8, 0 MUX16
    Replaced tree at $abc$22933$new_n5467_: 1 MUX2, 0 MUX4, 0 MUX8, 0 MUX16
    Replaced tree at $abc$22933$new_n5461_: 1 MUX2, 0 MUX4, 0 MUX8, 0 MUX16
    Replaced tree at $abc$22933$new_n5455_: 1 MUX2, 0 MUX4, 0 MUX8, 0 MUX16
    Replaced tree at $abc$22933$new_n5448_: 1 MUX2, 0 MUX4, 0 MUX8, 0 MUX16
    Replaced tree at $abc$22933$new_n5442_: 1 MUX2, 0 MUX4, 0 MUX8, 0 MUX16
    Replaced tree at $abc$22933$new_n5437_: 1 MUX2, 0 MUX4, 0 MUX8, 0 MUX16
    Replaced tree at $abc$22933$new_n5432_: 1 MUX2, 0 MUX4, 0 MUX8, 0 MUX16
    Replaced tree at $abc$22933$new_n5426_: 1 MUX2, 0 MUX4, 0 MUX8, 0 MUX16
    Replaced tree at $abc$22933$new_n5421_: 1 MUX2, 0 MUX4, 0 MUX8, 0 MUX16
    Replaced tree at $abc$22933$new_n5415_: 1 MUX2, 0 MUX4, 0 MUX8, 0 MUX16
    Replaced tree at $abc$22933$new_n5408_: 1 MUX2, 0 MUX4, 0 MUX8, 0 MUX16
    Replaced tree at $abc$22933$new_n5400_: 1 MUX2, 0 MUX4, 0 MUX8, 0 MUX16
    Replaced tree at $abc$22933$new_n5392_: 1 MUX2, 0 MUX4, 0 MUX8, 0 MUX16
    Replaced tree at $abc$22933$new_n3887_: 1 MUX2, 0 MUX4, 0 MUX8, 0 MUX16
    Replaced tree at $abc$22933$new_n2863_: 1 MUX2, 0 MUX4, 0 MUX8, 0 MUX16
    Replaced tree at $abc$22933$new_n2823_: 1 MUX2, 0 MUX4, 0 MUX8, 0 MUX16
    Replaced tree at $abc$22933$new_n2789_: 1 MUX2, 0 MUX4, 0 MUX8, 0 MUX16
    Replaced tree at $abc$22933$new_n2755_: 1 MUX2, 0 MUX4, 0 MUX8, 0 MUX16
    Replaced tree at $abc$22933$new_n2677_: 1 MUX2, 0 MUX4, 0 MUX8, 0 MUX16
    Replaced tree at $abc$22933$new_n2643_: 1 MUX2, 0 MUX4, 0 MUX8, 0 MUX16
    Replaced tree at $abc$22933$new_n2605_: 1 MUX2, 0 MUX4, 0 MUX8, 0 MUX16
    Replaced tree at $abc$22933$new_n2460_: 1 MUX2, 0 MUX4, 0 MUX8, 0 MUX16
    Replaced tree at $abc$22933$new_n2428_: 1 MUX2, 0 MUX4, 0 MUX8, 0 MUX16
    Replaced tree at $abc$22933$new_n2425_: 1 MUX2, 0 MUX4, 0 MUX8, 0 MUX16
    Replaced tree at $abc$22933$new_n2376_: 1 MUX2, 0 MUX4, 0 MUX8, 0 MUX16
    Replaced tree at $abc$22933$new_n2339_: 1 MUX2, 0 MUX4, 0 MUX8, 0 MUX16
    Replaced tree at $abc$22933$new_n2304_: 1 MUX2, 0 MUX4, 0 MUX8, 0 MUX16
    Replaced tree at $abc$22933$new_n2269_: 1 MUX2, 0 MUX4, 0 MUX8, 0 MUX16
    Replaced tree at $abc$22933$new_n2226_: 1 MUX2, 0 MUX4, 0 MUX8, 0 MUX16
    Replaced tree at $abc$22933$new_n2194_: 1 MUX2, 0 MUX4, 0 MUX8, 0 MUX16
    Replaced tree at $abc$22933$new_n2192_: 1 MUX2, 0 MUX4, 0 MUX8, 0 MUX16
    Replaced tree at $abc$22933$new_n2072_: 1 MUX2, 0 MUX4, 0 MUX8, 0 MUX16
    Replaced tree at $abc$22933$new_n2038_: 1 MUX2, 0 MUX4, 0 MUX8, 0 MUX16
    Replaced tree at $abc$22933$new_n1990_: 1 MUX2, 0 MUX4, 0 MUX8, 0 MUX16
    Replaced tree at $abc$22933$new_n1952_: 1 MUX2, 0 MUX4, 0 MUX8, 0 MUX16
    Replaced tree at $abc$22933$new_n1918_: 1 MUX2, 0 MUX4, 0 MUX8, 0 MUX16
    Replaced tree at $abc$22933$new_n1883_: 1 MUX2, 0 MUX4, 0 MUX8, 0 MUX16
    Replaced tree at $abc$22933$new_n1799_: 1 MUX2, 0 MUX4, 0 MUX8, 0 MUX16
    Replaced tree at $abc$22933$new_n1765_: 1 MUX2, 0 MUX4, 0 MUX8, 0 MUX16
    Replaced tree at $abc$22933$new_n1733_: 1 MUX2, 0 MUX4, 0 MUX8, 0 MUX16
    Replaced tree at $abc$22933$new_n1727_: 1 MUX2, 0 MUX4, 0 MUX8, 0 MUX16
    Replaced tree at $abc$22933$new_n1682_: 1 MUX2, 0 MUX4, 0 MUX8, 0 MUX16
    Replaced tree at $abc$22933$new_n1648_: 1 MUX2, 0 MUX4, 0 MUX8, 0 MUX16
    Replaced tree at $abc$22933$new_n1595_: 1 MUX2, 0 MUX4, 0 MUX8, 0 MUX16
    Replaced tree at $abc$22933$new_n1555_: 1 MUX2, 0 MUX4, 0 MUX8, 0 MUX16
    Replaced tree at $abc$22933$new_n1520_: 1 MUX2, 0 MUX4, 0 MUX8, 0 MUX16
    Replaced tree at $abc$22933$new_n1476_: 1 MUX2, 0 MUX4, 0 MUX8, 0 MUX16
    Replaced tree at $abc$22933$new_n1471_: 1 MUX2, 0 MUX4, 0 MUX8, 0 MUX16
    Replaced tree at $abc$22933$new_n1431_: 1 MUX2, 0 MUX4, 0 MUX8, 0 MUX16
    Replaced tree at $abc$22933$new_n1400_: 1 MUX2, 0 MUX4, 0 MUX8, 0 MUX16
    Replaced tree at $abc$22933$new_n1311_: 1 MUX2, 0 MUX4, 0 MUX8, 0 MUX16
    Replaced tree at $abc$22933$auto$opt_dff.cc:242:make_patterns_logic$1912: 1 MUX2, 0 MUX4, 0 MUX8, 0 MUX16
  Added a total of 0 decoder MUXes.
<suppressed ~18365 debug messages>

18. Executing TECHMAP pass (map to technology primitives).

18.1. Executing Verilog-2005 frontend: /home/vsduser/Desktop/work/tools/openlane_working_dir/pdks/sky130A/libs.tech/openlane/sky130_fd_sc_hd/mux4_map.v
Parsing Verilog input from `/home/vsduser/Desktop/work/tools/openlane_working_dir/pdks/sky130A/libs.tech/openlane/sky130_fd_sc_hd/mux4_map.v' to AST representation.
Generating RTLIL representation for module `\$_MUX4_'.
Successfully finished Verilog frontend.

18.2. Continuing TECHMAP pass.
No more expansions possible.
<suppressed ~3 debug messages>

19. Executing SIMPLEMAP pass (map simple cells to gate primitives).

20. Executing TECHMAP pass (map to technology primitives).

20.1. Executing Verilog-2005 frontend: /home/vsduser/Desktop/work/tools/openlane_working_dir/pdks/sky130A/libs.tech/openlane/sky130_fd_sc_hd/mux2_map.v
Parsing Verilog input from `/home/vsduser/Desktop/work/tools/openlane_working_dir/pdks/sky130A/libs.tech/openlane/sky130_fd_sc_hd/mux2_map.v' to AST representation.
Generating RTLIL representation for module `\$_MUX_'.
Successfully finished Verilog frontend.

20.2. Continuing TECHMAP pass.
Using template \$_MUX_ for cells of type $_MUX_.
No more expansions possible.
<suppressed ~1055 debug messages>

21. Executing SIMPLEMAP pass (map simple cells to gate primitives).

22. Executing TECHMAP pass (map to technology primitives).

22.1. Executing Verilog-2005 frontend: /home/vsduser/Desktop/work/tools/openlane_working_dir/pdks/sky130A/libs.tech/openlane/sky130_fd_sc_hd/latch_map.v
Parsing Verilog input from `/home/vsduser/Desktop/work/tools/openlane_working_dir/pdks/sky130A/libs.tech/openlane/sky130_fd_sc_hd/latch_map.v' to AST representation.
Generating RTLIL representation for module `\$_DLATCH_P_'.
Generating RTLIL representation for module `\$_DLATCH_N_'.
Successfully finished Verilog frontend.

22.2. Continuing TECHMAP pass.
No more expansions possible.
<suppressed ~4 debug messages>

23. Executing SIMPLEMAP pass (map simple cells to gate primitives).

24. Executing DFFLIBMAP pass (mapping DFF cells to sequential cells from liberty file).
  cell sky130_fd_sc_hd__dfxtp_2 (noninv, pins=3, area=21.27) is a direct match for cell type $_DFF_P_.
  cell sky130_fd_sc_hd__dfrtp_2 (noninv, pins=4, area=26.28) is a direct match for cell type $_DFF_PN0_.
  cell sky130_fd_sc_hd__dfstp_2 (noninv, pins=4, area=26.28) is a direct match for cell type $_DFF_PN1_.
  cell sky130_fd_sc_hd__dfbbn_2 (noninv, pins=6, area=35.03) is a direct match for cell type $_DFFSR_NNN_.
  final dff cell mappings:
    unmapped dff cell: $_DFF_N_
    \sky130_fd_sc_hd__dfxtp_2 _DFF_P_ (.CLK( C), .D( D), .Q( Q));
    unmapped dff cell: $_DFF_NN0_
    unmapped dff cell: $_DFF_NN1_
    unmapped dff cell: $_DFF_NP0_
    unmapped dff cell: $_DFF_NP1_
    \sky130_fd_sc_hd__dfrtp_2 _DFF_PN0_ (.CLK( C), .D( D), .Q( Q), .RESET_B( R));
    \sky130_fd_sc_hd__dfstp_2 _DFF_PN1_ (.CLK( C), .D( D), .Q( Q), .SET_B( R));
    unmapped dff cell: $_DFF_PP0_
    unmapped dff cell: $_DFF_PP1_
    \sky130_fd_sc_hd__dfbbn_2 _DFFSR_NNN_ (.CLK_N( C), .D( D), .Q( Q), .Q_N(~Q), .RESET_B( R), .SET_B( S));
    unmapped dff cell: $_DFFSR_NNP_
    unmapped dff cell: $_DFFSR_NPN_
    unmapped dff cell: $_DFFSR_NPP_
    unmapped dff cell: $_DFFSR_PNN_
    unmapped dff cell: $_DFFSR_PNP_
    unmapped dff cell: $_DFFSR_PPN_
    unmapped dff cell: $_DFFSR_PPP_

24.1. Executing DFFLEGALIZE pass (convert FFs to types supported by the target).
Mapping DFF cells in module `\fft16_r2':
  mapped 596 $_DFF_PN0_ cells to \sky130_fd_sc_hd__dfrtp_2 cells.
  mapped 1 $_DFF_PN1_ cells to \sky130_fd_sc_hd__dfstp_2 cells.

25. Printing statistics.

=== fft16_r2 ===

   Number of wires:              14963
   Number of wire bits:          16150
   Number of public wires:          22
   Number of public wire bits:     635
   Number of memories:               0
   Number of memory bits:            0
   Number of processes:              0
   Number of cells:              11825
     $_ANDNOT_                    3285
     $_AND_                        348
     $_MUX_                        586
     $_NAND_                        58
     $_NOR_                        954
     $_NOT_                        206
     $_ORNOT_                      377
     $_OR_                        1756
     $_XNOR_                       868
     $_XOR_                       1738
     sky130_fd_sc_hd__dfrtp_2      596
     sky130_fd_sc_hd__dfstp_2        1
     sky130_fd_sc_hd__mux2_1      1052

[INFO]: ABC: WireLoad : S_2

26. Executing ABC pass (technology mapping using ABC).

26.1. Extracting gate netlist of module `\fft16_r2' to `/tmp/yosys-abc-huL5TD/input.blif'..
Extracted 10176 gates and 11347 wires to a netlist network with 1171 inputs and 735 outputs.

26.1.1. Executing ABC.
Running ABC command: /build/bin/yosys-abc -s -f /tmp/yosys-abc-huL5TD/abc.script 2>&1
ABC: ABC command line: "source /tmp/yosys-abc-huL5TD/abc.script".
ABC: 
ABC: + read_blif /tmp/yosys-abc-huL5TD/input.blif 
ABC: + read_lib -w /openLANE_flow/designs/fft_project/radix2/runs/final_run/tmp/trimmed.lib 
ABC: Parsing finished successfully.  Parsing time =     0.04 sec
ABC: Scl_LibertyReadGenlib() skipped sequential cell "sky130_fd_sc_hd__dfbbn_2".
ABC: Scl_LibertyReadGenlib() skipped sequential cell "sky130_fd_sc_hd__dfrbp_2".
ABC: Scl_LibertyReadGenlib() skipped sequential cell "sky130_fd_sc_hd__dfrtp_2".
ABC: Scl_LibertyReadGenlib() skipped sequential cell "sky130_fd_sc_hd__dfrtp_4".
ABC: Scl_LibertyReadGenlib() skipped sequential cell "sky130_fd_sc_hd__dfsbp_2".
ABC: Scl_LibertyReadGenlib() skipped sequential cell "sky130_fd_sc_hd__dfstp_2".
ABC: Scl_LibertyReadGenlib() skipped sequential cell "sky130_fd_sc_hd__dfstp_4".
ABC: Scl_LibertyReadGenlib() skipped sequential cell "sky130_fd_sc_hd__dfxbp_2".
ABC: Scl_LibertyReadGenlib() skipped sequential cell "sky130_fd_sc_hd__dfxtp_2".
ABC: Scl_LibertyReadGenlib() skipped sequential cell "sky130_fd_sc_hd__dfxtp_4".
ABC: Scl_LibertyReadGenlib() skipped sequential cell "sky130_fd_sc_hd__dlxtn_1".
ABC: Scl_LibertyReadGenlib() skipped sequential cell "sky130_fd_sc_hd__dlxtn_2".
ABC: Scl_LibertyReadGenlib() skipped sequential cell "sky130_fd_sc_hd__dlxtn_4".
ABC: Scl_LibertyReadGenlib() skipped sequential cell "sky130_fd_sc_hd__dlxtp_1".
ABC: Scl_LibertyReadGenlib() skipped three-state cell "sky130_fd_sc_hd__ebufn_2".
ABC: Scl_LibertyReadGenlib() skipped three-state cell "sky130_fd_sc_hd__ebufn_4".
ABC: Scl_LibertyReadGenlib() skipped three-state cell "sky130_fd_sc_hd__ebufn_8".
ABC: Library "sky130_fd_sc_hd__tt_025C_1v80" from "/openLANE_flow/designs/fft_project/radix2/runs/final_run/tmp/trimmed.lib" has 175 cells (17 skipped: 14 seq; 3 tri-state; 0 no func; 0 dont_use).  Time =     0.05 sec
ABC: Memory =    7.77 MB. Time =     0.05 sec
ABC: Warning: Detected 2 multi-output gates (for example, "sky130_fd_sc_hd__fa_1").
ABC: + read_constr -v /openLANE_flow/designs/fft_project/radix2/runs/final_run/tmp/synthesis/yosys.sdc 
ABC: Setting driving cell to be "sky130_fd_sc_hd__inv_8".
ABC: Setting output load to be 17.650000.
ABC: + read_constr /openLANE_flow/designs/fft_project/radix2/runs/final_run/tmp/synthesis/yosys.sdc 
ABC: + fx 
ABC: + mfs 
ABC: + strash 
ABC: + refactor 
ABC: + balance 
ABC: + rewrite 
ABC: + refactor 
ABC: + balance 
ABC: + rewrite 
ABC: + rewrite -z 
ABC: + balance 
ABC: + refactor -z 
ABC: + rewrite -z 
ABC: + balance 
ABC: + retime -D -D 20000.0 -M 6 
ABC: + scleanup 
ABC: Error: The network is combinational.
ABC: + fraig_store 
ABC: + balance 
ABC: + rewrite 
ABC: + refactor 
ABC: + balance 
ABC: + rewrite 
ABC: + rewrite -z 
ABC: + balance 
ABC: + refactor -z 
ABC: + rewrite -z 
ABC: + balance 
ABC: + fraig_store 
ABC: + balance 
ABC: + rewrite 
ABC: + refactor 
ABC: + balance 
ABC: + rewrite 
ABC: + rewrite -z 
ABC: + balance 
ABC: + refactor -z 
ABC: + rewrite -z 
ABC: + balance 
ABC: + fraig_store 
ABC: + fraig_restore 
ABC: + map -p -B 0.2 -A 0.9 -M 0 
ABC: The cell areas are multiplied by the factor: <num_fanins> ^ (0.90).
ABC: The cell delays are multiplied by the factor: <num_fanins> ^ (0.20).
ABC: + fraig_store 
ABC: + balance 
ABC: + rewrite 
ABC: + refactor 
ABC: + balance 
ABC: + rewrite 
ABC: + rewrite -z 
ABC: + balance 
ABC: + refactor -z 
ABC: + rewrite -z 
ABC: + balance 
ABC: + fraig_store 
ABC: + balance 
ABC: + rewrite 
ABC: + refactor 
ABC: + balance 
ABC: + rewrite 
ABC: + rewrite -z 
ABC: + balance 
ABC: + refactor -z 
ABC: + rewrite -z 
ABC: + balance 
ABC: + fraig_store 
ABC: + fraig_restore 
ABC: + map 
ABC: + 
ABC: + retime -D -D 20000.0 
ABC: + buffer -N 5 -S 2000.0 
ABC: + upsize -D 20000.0 
ABC: Current delay (7099.69 ps) does not exceed the target delay (20000.00 ps). Upsizing is not performed.
ABC: + dnsize -D 20000.0 
ABC: + stime -p 
ABC: WireLoad = "none"  Gates =  13102 ( 16.9 %)   Cap =  9.2 ff (  3.3 %)   Area =   103410.43 ( 83.0 %)   Delay =  7406.41 ps  (  2.3 %)               
ABC: Path  0 --     144 : 0    2 pi                        A =   0.00  Df =   8.8   -6.1 ps  S =  21.0 ps  Cin =  0.0 ff  Cout =   6.8 ff  Cmax =   0.0 ff  G =    0  
ABC: Path  1 --    1911 : 1    5 sky130_fd_sc_hd__buf_1    A =   3.75  Df = 203.8  -67.9 ps  S = 223.3 ps  Cin =  2.1 ff  Cout =  18.3 ff  Cmax = 130.0 ff  G =  835  
ABC: Path  2 --    1932 : 1    5 sky130_fd_sc_hd__buf_1    A =   3.75  Df = 429.3 -127.5 ps  S = 202.2 ps  Cin =  2.1 ff  Cout =  16.5 ff  Cmax = 130.0 ff  G =  741  
ABC: Path  3 --    1945 : 3    3 sky130_fd_sc_hd__nor3_2   A =  10.01  Df = 526.8  -12.1 ps  S = 208.6 ps  Cin =  4.4 ff  Cout =   9.0 ff  Cmax =  92.5 ff  G =  196  
ABC: Path  4 --    1946 : 1    5 sky130_fd_sc_hd__buf_1    A =   3.75  Df = 768.6  -90.8 ps  S = 228.8 ps  Cin =  2.1 ff  Cout =  18.8 ff  Cmax = 130.0 ff  G =  850  
ABC: Path  5 --    2034 : 1    5 sky130_fd_sc_hd__buf_1    A =   3.75  Df =1018.2 -162.2 ps  S = 235.8 ps  Cin =  2.1 ff  Cout =  19.4 ff  Cmax = 130.0 ff  G =  880  
ABC: Path  6 --    2731 : 1    5 sky130_fd_sc_hd__buf_1    A =   3.75  Df =1262.7 -230.2 ps  S = 226.8 ps  Cin =  2.1 ff  Cout =  18.6 ff  Cmax = 130.0 ff  G =  842  
ABC: Path  7 --    4389 : 1    5 sky130_fd_sc_hd__buf_1    A =   3.75  Df =1480.7 -286.5 ps  S = 190.8 ps  Cin =  2.1 ff  Cout =  15.5 ff  Cmax = 130.0 ff  G =  695  
ABC: Path  8 --    5613 : 1    5 sky130_fd_sc_hd__buf_1    A =   3.75  Df =1695.9 -346.2 ps  S = 194.2 ps  Cin =  2.1 ff  Cout =  15.8 ff  Cmax = 130.0 ff  G =  707  
ABC: Path  9 --    5614 : 1    5 sky130_fd_sc_hd__buf_1    A =   3.75  Df =1910.9 -405.1 ps  S = 193.2 ps  Cin =  2.1 ff  Cout =  15.7 ff  Cmax = 130.0 ff  G =  707  
ABC: Path 10 --    6597 : 1    5 sky130_fd_sc_hd__buf_1    A =   3.75  Df =2145.1 -472.8 ps  S = 221.1 ps  Cin =  2.1 ff  Cout =  18.1 ff  Cmax = 130.0 ff  G =  822  
ABC: Path 11 --    7450 : 1    5 sky130_fd_sc_hd__buf_1    A =   3.75  Df =2479.0 -581.9 ps  S = 359.4 ps  Cin =  2.1 ff  Cout =  30.2 ff  Cmax = 130.0 ff  G = 1408  
ABC: Path 12 --    8034 : 3    2 sky130_fd_sc_hd__or3_2    A =   7.51  Df =2703.5 -267.6 ps  S = 111.9 ps  Cin =  1.5 ff  Cout =  13.0 ff  Cmax = 310.4 ff  G =  835  
ABC: Path 13 --    8036 : 2    2 sky130_fd_sc_hd__nand2_2  A =   6.26  Df =2757.7 -234.0 ps  S =  54.9 ps  Cin =  4.4 ff  Cout =   6.2 ff  Cmax = 295.7 ff  G =  132  
ABC: Path 14 --    8046 : 2    1 sky130_fd_sc_hd__and2_2   A =   7.51  Df =2930.7 -174.1 ps  S =  32.6 ps  Cin =  1.5 ff  Cout =   1.5 ff  Cmax = 303.0 ff  G =   96  
ABC: Path 15 --    8047 : 2    2 sky130_fd_sc_hd__or2_2    A =   6.26  Df =3198.3 -203.8 ps  S =  58.0 ps  Cin =  1.5 ff  Cout =   4.0 ff  Cmax = 299.4 ff  G =  262  
ABC: Path 16 --    8057 : 3    3 sky130_fd_sc_hd__a21o_2   A =   8.76  Df =3408.2 -308.5 ps  S =  67.5 ps  Cin =  2.4 ff  Cout =  10.9 ff  Cmax = 309.5 ff  G =  446  
ABC: Path 17 --    8058 : 2    2 sky130_fd_sc_hd__and2b_2  A =   8.76  Df =3607.5  -35.3 ps  S =  50.6 ps  Cin =  1.6 ff  Cout =   6.1 ff  Cmax = 310.4 ff  G =  368  
ABC: Path 18 --    8059 : 2    2 sky130_fd_sc_hd__or2_2    A =   6.26  Df =3889.3 -208.4 ps  S =  64.9 ps  Cin =  1.5 ff  Cout =   6.0 ff  Cmax = 299.4 ff  G =  405  
ABC: Path 19 --    8061 : 2    1 sky130_fd_sc_hd__nand2_2  A =   6.26  Df =3967.5 -195.0 ps  S =  67.9 ps  Cin =  4.4 ff  Cout =   9.0 ff  Cmax = 295.7 ff  G =  196  
ABC: Path 20 --    8087 : 2    2 sky130_fd_sc_hd__xnor2_2  A =  16.27  Df =4111.4 -174.3 ps  S = 140.7 ps  Cin =  8.5 ff  Cout =   6.3 ff  Cmax = 121.8 ff  G =   70  
ABC: Path 21 --    8089 : 3    2 sky130_fd_sc_hd__and3_2   A =   7.51  Df =4328.3 -184.6 ps  S =  60.1 ps  Cin =  1.5 ff  Cout =   6.3 ff  Cmax = 309.5 ff  G =  401  
ABC: Path 22 --    8118 : 3    3 sky130_fd_sc_hd__or3b_2   A =   8.76  Df =4792.7 -356.1 ps  S =  96.9 ps  Cin =  1.5 ff  Cout =   8.6 ff  Cmax = 269.2 ff  G =  548  
ABC: Path 23 --    8120 : 2    2 sky130_fd_sc_hd__and2_2   A =   7.51  Df =4991.1 -406.2 ps  S =  57.1 ps  Cin =  1.5 ff  Cout =   7.0 ff  Cmax = 303.0 ff  G =  459  
ABC: Path 24 --    8121 : 3    2 sky130_fd_sc_hd__a21o_2   A =   8.76  Df =5185.7 -501.3 ps  S =  50.4 ps  Cin =  2.4 ff  Cout =   7.1 ff  Cmax = 309.5 ff  G =  293  
ABC: Path 25 --    8223 : 3    2 sky130_fd_sc_hd__a21bo_2  A =  10.01  Df =5384.2 -165.3 ps  S =  53.0 ps  Cin =  2.0 ff  Cout =   6.9 ff  Cmax = 288.4 ff  G =  329  
ABC: Path 26 --    8230 : 3    3 sky130_fd_sc_hd__a21o_2   A =   8.76  Df =5592.4 -131.6 ps  S =  70.0 ps  Cin =  2.4 ff  Cout =  11.5 ff  Cmax = 309.5 ff  G =  473  
ABC: Path 27 --    8365 : 3    3 sky130_fd_sc_hd__a21o_2   A =   8.76  Df =5795.3 -147.7 ps  S =  56.5 ps  Cin =  2.4 ff  Cout =   8.5 ff  Cmax = 309.5 ff  G =  349  
ABC: Path 28 --    8368 : 3    5 sky130_fd_sc_hd__and3_2   A =   7.51  Df =6005.6  -53.7 ps  S = 114.9 ps  Cin =  1.5 ff  Cout =  18.4 ff  Cmax = 309.5 ff  G = 1174  
ABC: Path 29 --    8532 : 3    2 sky130_fd_sc_hd__o21bai_2 A =  11.26  Df =6145.0 -115.6 ps  S = 131.8 ps  Cin =  3.4 ff  Cout =   7.0 ff  Cmax = 140.1 ff  G =  201  
ABC: Path 30 --   12642 : 3    1 sky130_fd_sc_hd__o21a_2   A =   8.76  Df =6295.9  -71.9 ps  S =  41.0 ps  Cin =  2.4 ff  Cout =   4.5 ff  Cmax = 294.8 ff  G =  183  
ABC: Path 31 --   12643 : 3    4 sky130_fd_sc_hd__o21ai_2  A =   8.76  Df =6370.0  -53.6 ps  S = 212.8 ps  Cin =  4.5 ff  Cout =  15.3 ff  Cmax = 139.2 ff  G =  325  
ABC: Path 32 --   12845 : 3    4 sky130_fd_sc_hd__a21oi_2  A =   8.76  Df =6624.2 -163.8 ps  S = 255.5 ps  Cin =  4.6 ff  Cout =  19.1 ff  Cmax = 128.2 ff  G =  392  
ABC: Path 33 --   12846 : 3    2 sky130_fd_sc_hd__a21oi_2  A =   8.76  Df =6687.8  -82.6 ps  S = 124.3 ps  Cin =  4.6 ff  Cout =   6.9 ff  Cmax = 128.2 ff  G =  142  
ABC: Path 34 --   12863 : 1    5 sky130_fd_sc_hd__buf_1    A =   3.75  Df =6856.5   -6.6 ps  S = 250.8 ps  Cin =  2.1 ff  Cout =  20.7 ff  Cmax = 130.0 ff  G =  943  
ABC: Path 35 --   13238 : 2    1 sky130_fd_sc_hd__or2_2    A =   6.26  Df =7165.1 -158.4 ps  S =  52.6 ps  Cin =  1.5 ff  Cout =   2.5 ff  Cmax = 299.4 ff  G =  163  
ABC: Path 36 --   13241 : 4    1 sky130_fd_sc_hd__a31o_2   A =   8.76  Df =7406.4 -207.8 ps  S = 115.8 ps  Cin =  2.4 ff  Cout =  17.6 ff  Cmax = 271.9 ff  G =  749  
ABC: Start-point = pi143 (\u_fsm.twiddle_addr [1]).  End-point = po83 ($auto$rtlil.cc:2290:MuxGate$35719).
ABC: + print_stats -m 
ABC: netlist                       : i/o = 1171/  735  lat =    0  nd = 13102  edge =  32600  area =46401.54  delay =5558.39  lev = 50
ABC: + write_blif /tmp/yosys-abc-huL5TD/output.blif 

26.1.2. Re-integrating ABC results.
ABC RESULTS:   sky130_fd_sc_hd__a2111o_2 cells:       14
ABC RESULTS:   sky130_fd_sc_hd__a2111oi_2 cells:       11
ABC RESULTS:   sky130_fd_sc_hd__a211o_2 cells:       34
ABC RESULTS:   sky130_fd_sc_hd__a211oi_2 cells:       21
ABC RESULTS:   sky130_fd_sc_hd__a21bo_2 cells:       73
ABC RESULTS:   sky130_fd_sc_hd__a21boi_2 cells:       88
ABC RESULTS:   sky130_fd_sc_hd__a21o_2 cells:      638
ABC RESULTS:   sky130_fd_sc_hd__a21oi_2 cells:      709
ABC RESULTS:   sky130_fd_sc_hd__a221o_2 cells:       97
ABC RESULTS:   sky130_fd_sc_hd__a221oi_2 cells:       61
ABC RESULTS:   sky130_fd_sc_hd__a22o_2 cells:      253
ABC RESULTS:   sky130_fd_sc_hd__a22oi_2 cells:       82
ABC RESULTS:   sky130_fd_sc_hd__a2bb2o_2 cells:       18
ABC RESULTS:   sky130_fd_sc_hd__a2bb2oi_2 cells:        5
ABC RESULTS:   sky130_fd_sc_hd__a311o_2 cells:        2
ABC RESULTS:   sky130_fd_sc_hd__a311oi_2 cells:        1
ABC RESULTS:   sky130_fd_sc_hd__a31o_2 cells:       85
ABC RESULTS:   sky130_fd_sc_hd__a31oi_2 cells:       63
ABC RESULTS:   sky130_fd_sc_hd__a32o_2 cells:        7
ABC RESULTS:   sky130_fd_sc_hd__a32oi_2 cells:        3
ABC RESULTS:   sky130_fd_sc_hd__a41o_2 cells:        2
ABC RESULTS:   sky130_fd_sc_hd__a41oi_2 cells:        6
ABC RESULTS:   sky130_fd_sc_hd__and2_2 cells:      267
ABC RESULTS:   sky130_fd_sc_hd__and2b_2 cells:       17
ABC RESULTS:   sky130_fd_sc_hd__and3_2 cells:      311
ABC RESULTS:   sky130_fd_sc_hd__and3b_2 cells:        2
ABC RESULTS:   sky130_fd_sc_hd__and4_2 cells:       49
ABC RESULTS:   sky130_fd_sc_hd__and4b_2 cells:        9
ABC RESULTS:   sky130_fd_sc_hd__buf_1 cells:     1168
ABC RESULTS:   sky130_fd_sc_hd__buf_2 cells:        1
ABC RESULTS:   sky130_fd_sc_hd__inv_2 cells:     1049
ABC RESULTS:   sky130_fd_sc_hd__mux2_2 cells:      523
ABC RESULTS:   sky130_fd_sc_hd__nand2_2 cells:     2593
ABC RESULTS:   sky130_fd_sc_hd__nand2b_2 cells:        5
ABC RESULTS:   sky130_fd_sc_hd__nand3_2 cells:     1499
ABC RESULTS:   sky130_fd_sc_hd__nand3b_2 cells:      195
ABC RESULTS:   sky130_fd_sc_hd__nor2_2 cells:      980
ABC RESULTS:   sky130_fd_sc_hd__nor2b_2 cells:        1
ABC RESULTS:   sky130_fd_sc_hd__nor3_2 cells:       26
ABC RESULTS:   sky130_fd_sc_hd__nor3b_2 cells:        4
ABC RESULTS:   sky130_fd_sc_hd__o2111a_2 cells:       17
ABC RESULTS:   sky130_fd_sc_hd__o2111ai_2 cells:      125
ABC RESULTS:   sky130_fd_sc_hd__o211a_2 cells:      126
ABC RESULTS:   sky130_fd_sc_hd__o211ai_2 cells:       85
ABC RESULTS:   sky130_fd_sc_hd__o21a_2 cells:      135
ABC RESULTS:   sky130_fd_sc_hd__o21ai_2 cells:      555
ABC RESULTS:   sky130_fd_sc_hd__o21ba_2 cells:        3
ABC RESULTS:   sky130_fd_sc_hd__o21bai_2 cells:       91
ABC RESULTS:   sky130_fd_sc_hd__o221a_2 cells:       41
ABC RESULTS:   sky130_fd_sc_hd__o221ai_2 cells:        6
ABC RESULTS:   sky130_fd_sc_hd__o22a_2 cells:       32
ABC RESULTS:   sky130_fd_sc_hd__o22ai_2 cells:      130
ABC RESULTS:   sky130_fd_sc_hd__o2bb2a_2 cells:       18
ABC RESULTS:   sky130_fd_sc_hd__o2bb2ai_2 cells:      193
ABC RESULTS:   sky130_fd_sc_hd__o311a_2 cells:        2
ABC RESULTS:   sky130_fd_sc_hd__o31a_2 cells:        9
ABC RESULTS:   sky130_fd_sc_hd__o31ai_2 cells:       22
ABC RESULTS:   sky130_fd_sc_hd__o32a_2 cells:        1
ABC RESULTS:   sky130_fd_sc_hd__o32ai_2 cells:        1
ABC RESULTS:   sky130_fd_sc_hd__or2_2 cells:      325
ABC RESULTS:   sky130_fd_sc_hd__or2b_2 cells:       35
ABC RESULTS:   sky130_fd_sc_hd__or3_2 cells:       56
ABC RESULTS:   sky130_fd_sc_hd__or3b_2 cells:       11
ABC RESULTS:   sky130_fd_sc_hd__or4_2 cells:       18
ABC RESULTS:   sky130_fd_sc_hd__xnor2_2 cells:       21
ABC RESULTS:   sky130_fd_sc_hd__xor2_2 cells:       72
ABC RESULTS:        internal signals:     9441
ABC RESULTS:           input signals:     1171
ABC RESULTS:          output signals:      735
Removing temp directory.

27. Executing SETUNDEF pass (replace undef values with defined constants).

28. Executing HILOMAP pass (mapping to constant drivers).

29. Executing SPLITNETS pass (splitting up multi-bit signals).

30. Executing OPT_CLEAN pass (remove unused cells and wires).
Finding unused cells or wires in module \fft16_r2..
Removed 0 unused cells and 15637 unused wires.
<suppressed ~3 debug messages>

31. Executing INSBUF pass (insert buffer cells for connected wires).

32. Executing CHECK pass (checking for obvious problems).
checking module fft16_r2..
Warning: Wire fft16_r2.\valid_out is used but has no driver.
Warning: Wire fft16_r2.\X_real [255] is used but has no driver.
Warning: Wire fft16_r2.\X_real [254] is used but has no driver.
Warning: Wire fft16_r2.\X_real [253] is used but has no driver.
Warning: Wire fft16_r2.\X_real [252] is used but has no driver.
Warning: Wire fft16_r2.\X_real [251] is used but has no driver.
Warning: Wire fft16_r2.\X_real [250] is used but has no driver.
Warning: Wire fft16_r2.\X_real [249] is used but has no driver.
Warning: Wire fft16_r2.\X_real [248] is used but has no driver.
Warning: Wire fft16_r2.\X_real [247] is used but has no driver.
Warning: Wire fft16_r2.\X_real [246] is used but has no driver.
Warning: Wire fft16_r2.\X_real [245] is used but has no driver.
Warning: Wire fft16_r2.\X_real [244] is used but has no driver.
Warning: Wire fft16_r2.\X_real [243] is used but has no driver.
Warning: Wire fft16_r2.\X_real [242] is used but has no driver.
Warning: Wire fft16_r2.\X_real [241] is used but has no driver.
Warning: Wire fft16_r2.\X_real [240] is used but has no driver.
Warning: Wire fft16_r2.\X_real [239] is used but has no driver.
Warning: Wire fft16_r2.\X_real [238] is used but has no driver.
Warning: Wire fft16_r2.\X_real [237] is used but has no driver.
Warning: Wire fft16_r2.\X_real [236] is used but has no driver.
Warning: Wire fft16_r2.\X_real [235] is used but has no driver.
Warning: Wire fft16_r2.\X_real [234] is used but has no driver.
Warning: Wire fft16_r2.\X_real [233] is used but has no driver.
Warning: Wire fft16_r2.\X_real [232] is used but has no driver.
Warning: Wire fft16_r2.\X_real [231] is used but has no driver.
Warning: Wire fft16_r2.\X_real [230] is used but has no driver.
Warning: Wire fft16_r2.\X_real [229] is used but has no driver.
Warning: Wire fft16_r2.\X_real [228] is used but has no driver.
Warning: Wire fft16_r2.\X_real [227] is used but has no driver.
Warning: Wire fft16_r2.\X_real [226] is used but has no driver.
Warning: Wire fft16_r2.\X_real [225] is used but has no driver.
Warning: Wire fft16_r2.\X_real [224] is used but has no driver.
Warning: Wire fft16_r2.\X_real [223] is used but has no driver.
Warning: Wire fft16_r2.\X_real [222] is used but has no driver.
Warning: Wire fft16_r2.\X_real [221] is used but has no driver.
Warning: Wire fft16_r2.\X_real [220] is used but has no driver.
Warning: Wire fft16_r2.\X_real [219] is used but has no driver.
Warning: Wire fft16_r2.\X_real [218] is used but has no driver.
Warning: Wire fft16_r2.\X_real [217] is used but has no driver.
Warning: Wire fft16_r2.\X_real [216] is used but has no driver.
Warning: Wire fft16_r2.\X_real [215] is used but has no driver.
Warning: Wire fft16_r2.\X_real [214] is used but has no driver.
Warning: Wire fft16_r2.\X_real [213] is used but has no driver.
Warning: Wire fft16_r2.\X_real [212] is used but has no driver.
Warning: Wire fft16_r2.\X_real [211] is used but has no driver.
Warning: Wire fft16_r2.\X_real [210] is used but has no driver.
Warning: Wire fft16_r2.\X_real [209] is used but has no driver.
Warning: Wire fft16_r2.\X_real [208] is used but has no driver.
Warning: Wire fft16_r2.\X_real [207] is used but has no driver.
Warning: Wire fft16_r2.\X_real [206] is used but has no driver.
Warning: Wire fft16_r2.\X_real [205] is used but has no driver.
Warning: Wire fft16_r2.\X_real [204] is used but has no driver.
Warning: Wire fft16_r2.\X_real [203] is used but has no driver.
Warning: Wire fft16_r2.\X_real [202] is used but has no driver.
Warning: Wire fft16_r2.\X_real [201] is used but has no driver.
Warning: Wire fft16_r2.\X_real [200] is used but has no driver.
Warning: Wire fft16_r2.\X_real [199] is used but has no driver.
Warning: Wire fft16_r2.\X_real [198] is used but has no driver.
Warning: Wire fft16_r2.\X_real [197] is used but has no driver.
Warning: Wire fft16_r2.\X_real [196] is used but has no driver.
Warning: Wire fft16_r2.\X_real [195] is used but has no driver.
Warning: Wire fft16_r2.\X_real [194] is used but has no driver.
Warning: Wire fft16_r2.\X_real [193] is used but has no driver.
Warning: Wire fft16_r2.\X_real [192] is used but has no driver.
Warning: Wire fft16_r2.\X_real [191] is used but has no driver.
Warning: Wire fft16_r2.\X_real [190] is used but has no driver.
Warning: Wire fft16_r2.\X_real [189] is used but has no driver.
Warning: Wire fft16_r2.\X_real [188] is used but has no driver.
Warning: Wire fft16_r2.\X_real [187] is used but has no driver.
Warning: Wire fft16_r2.\X_real [186] is used but has no driver.
Warning: Wire fft16_r2.\X_real [185] is used but has no driver.
Warning: Wire fft16_r2.\X_real [184] is used but has no driver.
Warning: Wire fft16_r2.\X_real [183] is used but has no driver.
Warning: Wire fft16_r2.\X_real [182] is used but has no driver.
Warning: Wire fft16_r2.\X_real [181] is used but has no driver.
Warning: Wire fft16_r2.\X_real [180] is used but has no driver.
Warning: Wire fft16_r2.\X_real [179] is used but has no driver.
Warning: Wire fft16_r2.\X_real [178] is used but has no driver.
Warning: Wire fft16_r2.\X_real [177] is used but has no driver.
Warning: Wire fft16_r2.\X_real [176] is used but has no driver.
Warning: Wire fft16_r2.\X_real [175] is used but has no driver.
Warning: Wire fft16_r2.\X_real [174] is used but has no driver.
Warning: Wire fft16_r2.\X_real [173] is used but has no driver.
Warning: Wire fft16_r2.\X_real [172] is used but has no driver.
Warning: Wire fft16_r2.\X_real [171] is used but has no driver.
Warning: Wire fft16_r2.\X_real [170] is used but has no driver.
Warning: Wire fft16_r2.\X_real [169] is used but has no driver.
Warning: Wire fft16_r2.\X_real [168] is used but has no driver.
Warning: Wire fft16_r2.\X_real [167] is used but has no driver.
Warning: Wire fft16_r2.\X_real [166] is used but has no driver.
Warning: Wire fft16_r2.\X_real [165] is used but has no driver.
Warning: Wire fft16_r2.\X_real [164] is used but has no driver.
Warning: Wire fft16_r2.\X_real [163] is used but has no driver.
Warning: Wire fft16_r2.\X_real [162] is used but has no driver.
Warning: Wire fft16_r2.\X_real [161] is used but has no driver.
Warning: Wire fft16_r2.\X_real [160] is used but has no driver.
Warning: Wire fft16_r2.\X_real [159] is used but has no driver.
Warning: Wire fft16_r2.\X_real [158] is used but has no driver.
Warning: Wire fft16_r2.\X_real [157] is used but has no driver.
Warning: Wire fft16_r2.\X_real [156] is used but has no driver.
Warning: Wire fft16_r2.\X_real [155] is used but has no driver.
Warning: Wire fft16_r2.\X_real [154] is used but has no driver.
Warning: Wire fft16_r2.\X_real [153] is used but has no driver.
Warning: Wire fft16_r2.\X_real [152] is used but has no driver.
Warning: Wire fft16_r2.\X_real [151] is used but has no driver.
Warning: Wire fft16_r2.\X_real [150] is used but has no driver.
Warning: Wire fft16_r2.\X_real [149] is used but has no driver.
Warning: Wire fft16_r2.\X_real [148] is used but has no driver.
Warning: Wire fft16_r2.\X_real [147] is used but has no driver.
Warning: Wire fft16_r2.\X_real [146] is used but has no driver.
Warning: Wire fft16_r2.\X_real [145] is used but has no driver.
Warning: Wire fft16_r2.\X_real [144] is used but has no driver.
Warning: Wire fft16_r2.\X_real [143] is used but has no driver.
Warning: Wire fft16_r2.\X_real [142] is used but has no driver.
Warning: Wire fft16_r2.\X_real [141] is used but has no driver.
Warning: Wire fft16_r2.\X_real [140] is used but has no driver.
Warning: Wire fft16_r2.\X_real [139] is used but has no driver.
Warning: Wire fft16_r2.\X_real [138] is used but has no driver.
Warning: Wire fft16_r2.\X_real [137] is used but has no driver.
Warning: Wire fft16_r2.\X_real [136] is used but has no driver.
Warning: Wire fft16_r2.\X_real [135] is used but has no driver.
Warning: Wire fft16_r2.\X_real [134] is used but has no driver.
Warning: Wire fft16_r2.\X_real [133] is used but has no driver.
Warning: Wire fft16_r2.\X_real [132] is used but has no driver.
Warning: Wire fft16_r2.\X_real [131] is used but has no driver.
Warning: Wire fft16_r2.\X_real [130] is used but has no driver.
Warning: Wire fft16_r2.\X_real [129] is used but has no driver.
Warning: Wire fft16_r2.\X_real [128] is used but has no driver.
Warning: Wire fft16_r2.\X_real [127] is used but has no driver.
Warning: Wire fft16_r2.\X_real [126] is used but has no driver.
Warning: Wire fft16_r2.\X_real [125] is used but has no driver.
Warning: Wire fft16_r2.\X_real [124] is used but has no driver.
Warning: Wire fft16_r2.\X_real [123] is used but has no driver.
Warning: Wire fft16_r2.\X_real [122] is used but has no driver.
Warning: Wire fft16_r2.\X_real [121] is used but has no driver.
Warning: Wire fft16_r2.\X_real [120] is used but has no driver.
Warning: Wire fft16_r2.\X_real [119] is used but has no driver.
Warning: Wire fft16_r2.\X_real [118] is used but has no driver.
Warning: Wire fft16_r2.\X_real [117] is used but has no driver.
Warning: Wire fft16_r2.\X_real [116] is used but has no driver.
Warning: Wire fft16_r2.\X_real [115] is used but has no driver.
Warning: Wire fft16_r2.\X_real [114] is used but has no driver.
Warning: Wire fft16_r2.\X_real [113] is used but has no driver.
Warning: Wire fft16_r2.\X_real [112] is used but has no driver.
Warning: Wire fft16_r2.\X_real [111] is used but has no driver.
Warning: Wire fft16_r2.\X_real [110] is used but has no driver.
Warning: Wire fft16_r2.\X_real [109] is used but has no driver.
Warning: Wire fft16_r2.\X_real [108] is used but has no driver.
Warning: Wire fft16_r2.\X_real [107] is used but has no driver.
Warning: Wire fft16_r2.\X_real [106] is used but has no driver.
Warning: Wire fft16_r2.\X_real [105] is used but has no driver.
Warning: Wire fft16_r2.\X_real [104] is used but has no driver.
Warning: Wire fft16_r2.\X_real [103] is used but has no driver.
Warning: Wire fft16_r2.\X_real [102] is used but has no driver.
Warning: Wire fft16_r2.\X_real [101] is used but has no driver.
Warning: Wire fft16_r2.\X_real [100] is used but has no driver.
Warning: Wire fft16_r2.\X_real [99] is used but has no driver.
Warning: Wire fft16_r2.\X_real [98] is used but has no driver.
Warning: Wire fft16_r2.\X_real [97] is used but has no driver.
Warning: Wire fft16_r2.\X_real [96] is used but has no driver.
Warning: Wire fft16_r2.\X_real [95] is used but has no driver.
Warning: Wire fft16_r2.\X_real [94] is used but has no driver.
Warning: Wire fft16_r2.\X_real [93] is used but has no driver.
Warning: Wire fft16_r2.\X_real [92] is used but has no driver.
Warning: Wire fft16_r2.\X_real [91] is used but has no driver.
Warning: Wire fft16_r2.\X_real [90] is used but has no driver.
Warning: Wire fft16_r2.\X_real [89] is used but has no driver.
Warning: Wire fft16_r2.\X_real [88] is used but has no driver.
Warning: Wire fft16_r2.\X_real [87] is used but has no driver.
Warning: Wire fft16_r2.\X_real [86] is used but has no driver.
Warning: Wire fft16_r2.\X_real [85] is used but has no driver.
Warning: Wire fft16_r2.\X_real [84] is used but has no driver.
Warning: Wire fft16_r2.\X_real [83] is used but has no driver.
Warning: Wire fft16_r2.\X_real [82] is used but has no driver.
Warning: Wire fft16_r2.\X_real [81] is used but has no driver.
Warning: Wire fft16_r2.\X_real [80] is used but has no driver.
Warning: Wire fft16_r2.\X_real [79] is used but has no driver.
Warning: Wire fft16_r2.\X_real [78] is used but has no driver.
Warning: Wire fft16_r2.\X_real [77] is used but has no driver.
Warning: Wire fft16_r2.\X_real [76] is used but has no driver.
Warning: Wire fft16_r2.\X_real [75] is used but has no driver.
Warning: Wire fft16_r2.\X_real [74] is used but has no driver.
Warning: Wire fft16_r2.\X_real [73] is used but has no driver.
Warning: Wire fft16_r2.\X_real [72] is used but has no driver.
Warning: Wire fft16_r2.\X_real [71] is used but has no driver.
Warning: Wire fft16_r2.\X_real [70] is used but has no driver.
Warning: Wire fft16_r2.\X_real [69] is used but has no driver.
Warning: Wire fft16_r2.\X_real [68] is used but has no driver.
Warning: Wire fft16_r2.\X_real [67] is used but has no driver.
Warning: Wire fft16_r2.\X_real [66] is used but has no driver.
Warning: Wire fft16_r2.\X_real [65] is used but has no driver.
Warning: Wire fft16_r2.\X_real [64] is used but has no driver.
Warning: Wire fft16_r2.\X_real [63] is used but has no driver.
Warning: Wire fft16_r2.\X_real [62] is used but has no driver.
Warning: Wire fft16_r2.\X_real [61] is used but has no driver.
Warning: Wire fft16_r2.\X_real [60] is used but has no driver.
Warning: Wire fft16_r2.\X_real [59] is used but has no driver.
Warning: Wire fft16_r2.\X_real [58] is used but has no driver.
Warning: Wire fft16_r2.\X_real [57] is used but has no driver.
Warning: Wire fft16_r2.\X_real [56] is used but has no driver.
Warning: Wire fft16_r2.\X_real [55] is used but has no driver.
Warning: Wire fft16_r2.\X_real [54] is used but has no driver.
Warning: Wire fft16_r2.\X_real [53] is used but has no driver.
Warning: Wire fft16_r2.\X_real [52] is used but has no driver.
Warning: Wire fft16_r2.\X_real [51] is used but has no driver.
Warning: Wire fft16_r2.\X_real [50] is used but has no driver.
Warning: Wire fft16_r2.\X_real [49] is used but has no driver.
Warning: Wire fft16_r2.\X_real [48] is used but has no driver.
Warning: Wire fft16_r2.\X_real [47] is used but has no driver.
Warning: Wire fft16_r2.\X_real [46] is used but has no driver.
Warning: Wire fft16_r2.\X_real [45] is used but has no driver.
Warning: Wire fft16_r2.\X_real [44] is used but has no driver.
Warning: Wire fft16_r2.\X_real [43] is used but has no driver.
Warning: Wire fft16_r2.\X_real [42] is used but has no driver.
Warning: Wire fft16_r2.\X_real [41] is used but has no driver.
Warning: Wire fft16_r2.\X_real [40] is used but has no driver.
Warning: Wire fft16_r2.\X_real [39] is used but has no driver.
Warning: Wire fft16_r2.\X_real [38] is used but has no driver.
Warning: Wire fft16_r2.\X_real [37] is used but has no driver.
Warning: Wire fft16_r2.\X_real [36] is used but has no driver.
Warning: Wire fft16_r2.\X_real [35] is used but has no driver.
Warning: Wire fft16_r2.\X_real [34] is used but has no driver.
Warning: Wire fft16_r2.\X_real [33] is used but has no driver.
Warning: Wire fft16_r2.\X_real [32] is used but has no driver.
Warning: Wire fft16_r2.\X_real [31] is used but has no driver.
Warning: Wire fft16_r2.\X_real [30] is used but has no driver.
Warning: Wire fft16_r2.\X_real [29] is used but has no driver.
Warning: Wire fft16_r2.\X_real [28] is used but has no driver.
Warning: Wire fft16_r2.\X_real [27] is used but has no driver.
Warning: Wire fft16_r2.\X_real [26] is used but has no driver.
Warning: Wire fft16_r2.\X_real [25] is used but has no driver.
Warning: Wire fft16_r2.\X_real [24] is used but has no driver.
Warning: Wire fft16_r2.\X_real [23] is used but has no driver.
Warning: Wire fft16_r2.\X_real [22] is used but has no driver.
Warning: Wire fft16_r2.\X_real [21] is used but has no driver.
Warning: Wire fft16_r2.\X_real [20] is used but has no driver.
Warning: Wire fft16_r2.\X_real [19] is used but has no driver.
Warning: Wire fft16_r2.\X_real [18] is used but has no driver.
Warning: Wire fft16_r2.\X_real [17] is used but has no driver.
Warning: Wire fft16_r2.\X_real [16] is used but has no driver.
Warning: Wire fft16_r2.\X_real [15] is used but has no driver.
Warning: Wire fft16_r2.\X_real [14] is used but has no driver.
Warning: Wire fft16_r2.\X_real [13] is used but has no driver.
Warning: Wire fft16_r2.\X_real [12] is used but has no driver.
Warning: Wire fft16_r2.\X_real [11] is used but has no driver.
Warning: Wire fft16_r2.\X_real [10] is used but has no driver.
Warning: Wire fft16_r2.\X_real [9] is used but has no driver.
Warning: Wire fft16_r2.\X_real [8] is used but has no driver.
Warning: Wire fft16_r2.\X_real [7] is used but has no driver.
Warning: Wire fft16_r2.\X_real [6] is used but has no driver.
Warning: Wire fft16_r2.\X_real [5] is used but has no driver.
Warning: Wire fft16_r2.\X_real [4] is used but has no driver.
Warning: Wire fft16_r2.\X_real [3] is used but has no driver.
Warning: Wire fft16_r2.\X_real [2] is used but has no driver.
Warning: Wire fft16_r2.\X_real [1] is used but has no driver.
Warning: Wire fft16_r2.\X_real [0] is used but has no driver.
Warning: Wire fft16_r2.\X_imag [255] is used but has no driver.
Warning: Wire fft16_r2.\X_imag [254] is used but has no driver.
Warning: Wire fft16_r2.\X_imag [253] is used but has no driver.
Warning: Wire fft16_r2.\X_imag [252] is used but has no driver.
Warning: Wire fft16_r2.\X_imag [251] is used but has no driver.
Warning: Wire fft16_r2.\X_imag [250] is used but has no driver.
Warning: Wire fft16_r2.\X_imag [249] is used but has no driver.
Warning: Wire fft16_r2.\X_imag [248] is used but has no driver.
Warning: Wire fft16_r2.\X_imag [247] is used but has no driver.
Warning: Wire fft16_r2.\X_imag [246] is used but has no driver.
Warning: Wire fft16_r2.\X_imag [245] is used but has no driver.
Warning: Wire fft16_r2.\X_imag [244] is used but has no driver.
Warning: Wire fft16_r2.\X_imag [243] is used but has no driver.
Warning: Wire fft16_r2.\X_imag [242] is used but has no driver.
Warning: Wire fft16_r2.\X_imag [241] is used but has no driver.
Warning: Wire fft16_r2.\X_imag [240] is used but has no driver.
Warning: Wire fft16_r2.\X_imag [239] is used but has no driver.
Warning: Wire fft16_r2.\X_imag [238] is used but has no driver.
Warning: Wire fft16_r2.\X_imag [237] is used but has no driver.
Warning: Wire fft16_r2.\X_imag [236] is used but has no driver.
Warning: Wire fft16_r2.\X_imag [235] is used but has no driver.
Warning: Wire fft16_r2.\X_imag [234] is used but has no driver.
Warning: Wire fft16_r2.\X_imag [233] is used but has no driver.
Warning: Wire fft16_r2.\X_imag [232] is used but has no driver.
Warning: Wire fft16_r2.\X_imag [231] is used but has no driver.
Warning: Wire fft16_r2.\X_imag [230] is used but has no driver.
Warning: Wire fft16_r2.\X_imag [229] is used but has no driver.
Warning: Wire fft16_r2.\X_imag [228] is used but has no driver.
Warning: Wire fft16_r2.\X_imag [227] is used but has no driver.
Warning: Wire fft16_r2.\X_imag [226] is used but has no driver.
Warning: Wire fft16_r2.\X_imag [225] is used but has no driver.
Warning: Wire fft16_r2.\X_imag [224] is used but has no driver.
Warning: Wire fft16_r2.\X_imag [223] is used but has no driver.
Warning: Wire fft16_r2.\X_imag [222] is used but has no driver.
Warning: Wire fft16_r2.\X_imag [221] is used but has no driver.
Warning: Wire fft16_r2.\X_imag [220] is used but has no driver.
Warning: Wire fft16_r2.\X_imag [219] is used but has no driver.
Warning: Wire fft16_r2.\X_imag [218] is used but has no driver.
Warning: Wire fft16_r2.\X_imag [217] is used but has no driver.
Warning: Wire fft16_r2.\X_imag [216] is used but has no driver.
Warning: Wire fft16_r2.\X_imag [215] is used but has no driver.
Warning: Wire fft16_r2.\X_imag [214] is used but has no driver.
Warning: Wire fft16_r2.\X_imag [213] is used but has no driver.
Warning: Wire fft16_r2.\X_imag [212] is used but has no driver.
Warning: Wire fft16_r2.\X_imag [211] is used but has no driver.
Warning: Wire fft16_r2.\X_imag [210] is used but has no driver.
Warning: Wire fft16_r2.\X_imag [209] is used but has no driver.
Warning: Wire fft16_r2.\X_imag [208] is used but has no driver.
Warning: Wire fft16_r2.\X_imag [207] is used but has no driver.
Warning: Wire fft16_r2.\X_imag [206] is used but has no driver.
Warning: Wire fft16_r2.\X_imag [205] is used but has no driver.
Warning: Wire fft16_r2.\X_imag [204] is used but has no driver.
Warning: Wire fft16_r2.\X_imag [203] is used but has no driver.
Warning: Wire fft16_r2.\X_imag [202] is used but has no driver.
Warning: Wire fft16_r2.\X_imag [201] is used but has no driver.
Warning: Wire fft16_r2.\X_imag [200] is used but has no driver.
Warning: Wire fft16_r2.\X_imag [199] is used but has no driver.
Warning: Wire fft16_r2.\X_imag [198] is used but has no driver.
Warning: Wire fft16_r2.\X_imag [197] is used but has no driver.
Warning: Wire fft16_r2.\X_imag [196] is used but has no driver.
Warning: Wire fft16_r2.\X_imag [195] is used but has no driver.
Warning: Wire fft16_r2.\X_imag [194] is used but has no driver.
Warning: Wire fft16_r2.\X_imag [193] is used but has no driver.
Warning: Wire fft16_r2.\X_imag [192] is used but has no driver.
Warning: Wire fft16_r2.\X_imag [191] is used but has no driver.
Warning: Wire fft16_r2.\X_imag [190] is used but has no driver.
Warning: Wire fft16_r2.\X_imag [189] is used but has no driver.
Warning: Wire fft16_r2.\X_imag [188] is used but has no driver.
Warning: Wire fft16_r2.\X_imag [187] is used but has no driver.
Warning: Wire fft16_r2.\X_imag [186] is used but has no driver.
Warning: Wire fft16_r2.\X_imag [185] is used but has no driver.
Warning: Wire fft16_r2.\X_imag [184] is used but has no driver.
Warning: Wire fft16_r2.\X_imag [183] is used but has no driver.
Warning: Wire fft16_r2.\X_imag [182] is used but has no driver.
Warning: Wire fft16_r2.\X_imag [181] is used but has no driver.
Warning: Wire fft16_r2.\X_imag [180] is used but has no driver.
Warning: Wire fft16_r2.\X_imag [179] is used but has no driver.
Warning: Wire fft16_r2.\X_imag [178] is used but has no driver.
Warning: Wire fft16_r2.\X_imag [177] is used but has no driver.
Warning: Wire fft16_r2.\X_imag [176] is used but has no driver.
Warning: Wire fft16_r2.\X_imag [175] is used but has no driver.
Warning: Wire fft16_r2.\X_imag [174] is used but has no driver.
Warning: Wire fft16_r2.\X_imag [173] is used but has no driver.
Warning: Wire fft16_r2.\X_imag [172] is used but has no driver.
Warning: Wire fft16_r2.\X_imag [171] is used but has no driver.
Warning: Wire fft16_r2.\X_imag [170] is used but has no driver.
Warning: Wire fft16_r2.\X_imag [169] is used but has no driver.
Warning: Wire fft16_r2.\X_imag [168] is used but has no driver.
Warning: Wire fft16_r2.\X_imag [167] is used but has no driver.
Warning: Wire fft16_r2.\X_imag [166] is used but has no driver.
Warning: Wire fft16_r2.\X_imag [165] is used but has no driver.
Warning: Wire fft16_r2.\X_imag [164] is used but has no driver.
Warning: Wire fft16_r2.\X_imag [163] is used but has no driver.
Warning: Wire fft16_r2.\X_imag [162] is used but has no driver.
Warning: Wire fft16_r2.\X_imag [161] is used but has no driver.
Warning: Wire fft16_r2.\X_imag [160] is used but has no driver.
Warning: Wire fft16_r2.\X_imag [159] is used but has no driver.
Warning: Wire fft16_r2.\X_imag [158] is used but has no driver.
Warning: Wire fft16_r2.\X_imag [157] is used but has no driver.
Warning: Wire fft16_r2.\X_imag [156] is used but has no driver.
Warning: Wire fft16_r2.\X_imag [155] is used but has no driver.
Warning: Wire fft16_r2.\X_imag [154] is used but has no driver.
Warning: Wire fft16_r2.\X_imag [153] is used but has no driver.
Warning: Wire fft16_r2.\X_imag [152] is used but has no driver.
Warning: Wire fft16_r2.\X_imag [151] is used but has no driver.
Warning: Wire fft16_r2.\X_imag [150] is used but has no driver.
Warning: Wire fft16_r2.\X_imag [149] is used but has no driver.
Warning: Wire fft16_r2.\X_imag [148] is used but has no driver.
Warning: Wire fft16_r2.\X_imag [147] is used but has no driver.
Warning: Wire fft16_r2.\X_imag [146] is used but has no driver.
Warning: Wire fft16_r2.\X_imag [145] is used but has no driver.
Warning: Wire fft16_r2.\X_imag [144] is used but has no driver.
Warning: Wire fft16_r2.\X_imag [143] is used but has no driver.
Warning: Wire fft16_r2.\X_imag [142] is used but has no driver.
Warning: Wire fft16_r2.\X_imag [141] is used but has no driver.
Warning: Wire fft16_r2.\X_imag [140] is used but has no driver.
Warning: Wire fft16_r2.\X_imag [139] is used but has no driver.
Warning: Wire fft16_r2.\X_imag [138] is used but has no driver.
Warning: Wire fft16_r2.\X_imag [137] is used but has no driver.
Warning: Wire fft16_r2.\X_imag [136] is used but has no driver.
Warning: Wire fft16_r2.\X_imag [135] is used but has no driver.
Warning: Wire fft16_r2.\X_imag [134] is used but has no driver.
Warning: Wire fft16_r2.\X_imag [133] is used but has no driver.
Warning: Wire fft16_r2.\X_imag [132] is used but has no driver.
Warning: Wire fft16_r2.\X_imag [131] is used but has no driver.
Warning: Wire fft16_r2.\X_imag [130] is used but has no driver.
Warning: Wire fft16_r2.\X_imag [129] is used but has no driver.
Warning: Wire fft16_r2.\X_imag [128] is used but has no driver.
Warning: Wire fft16_r2.\X_imag [127] is used but has no driver.
Warning: Wire fft16_r2.\X_imag [126] is used but has no driver.
Warning: Wire fft16_r2.\X_imag [125] is used but has no driver.
Warning: Wire fft16_r2.\X_imag [124] is used but has no driver.
Warning: Wire fft16_r2.\X_imag [123] is used but has no driver.
Warning: Wire fft16_r2.\X_imag [122] is used but has no driver.
Warning: Wire fft16_r2.\X_imag [121] is used but has no driver.
Warning: Wire fft16_r2.\X_imag [120] is used but has no driver.
Warning: Wire fft16_r2.\X_imag [119] is used but has no driver.
Warning: Wire fft16_r2.\X_imag [118] is used but has no driver.
Warning: Wire fft16_r2.\X_imag [117] is used but has no driver.
Warning: Wire fft16_r2.\X_imag [116] is used but has no driver.
Warning: Wire fft16_r2.\X_imag [115] is used but has no driver.
Warning: Wire fft16_r2.\X_imag [114] is used but has no driver.
Warning: Wire fft16_r2.\X_imag [113] is used but has no driver.
Warning: Wire fft16_r2.\X_imag [112] is used but has no driver.
Warning: Wire fft16_r2.\X_imag [111] is used but has no driver.
Warning: Wire fft16_r2.\X_imag [110] is used but has no driver.
Warning: Wire fft16_r2.\X_imag [109] is used but has no driver.
Warning: Wire fft16_r2.\X_imag [108] is used but has no driver.
Warning: Wire fft16_r2.\X_imag [107] is used but has no driver.
Warning: Wire fft16_r2.\X_imag [106] is used but has no driver.
Warning: Wire fft16_r2.\X_imag [105] is used but has no driver.
Warning: Wire fft16_r2.\X_imag [104] is used but has no driver.
Warning: Wire fft16_r2.\X_imag [103] is used but has no driver.
Warning: Wire fft16_r2.\X_imag [102] is used but has no driver.
Warning: Wire fft16_r2.\X_imag [101] is used but has no driver.
Warning: Wire fft16_r2.\X_imag [100] is used but has no driver.
Warning: Wire fft16_r2.\X_imag [99] is used but has no driver.
Warning: Wire fft16_r2.\X_imag [98] is used but has no driver.
Warning: Wire fft16_r2.\X_imag [97] is used but has no driver.
Warning: Wire fft16_r2.\X_imag [96] is used but has no driver.
Warning: Wire fft16_r2.\X_imag [95] is used but has no driver.
Warning: Wire fft16_r2.\X_imag [94] is used but has no driver.
Warning: Wire fft16_r2.\X_imag [93] is used but has no driver.
Warning: Wire fft16_r2.\X_imag [92] is used but has no driver.
Warning: Wire fft16_r2.\X_imag [91] is used but has no driver.
Warning: Wire fft16_r2.\X_imag [90] is used but has no driver.
Warning: Wire fft16_r2.\X_imag [89] is used but has no driver.
Warning: Wire fft16_r2.\X_imag [88] is used but has no driver.
Warning: Wire fft16_r2.\X_imag [87] is used but has no driver.
Warning: Wire fft16_r2.\X_imag [86] is used but has no driver.
Warning: Wire fft16_r2.\X_imag [85] is used but has no driver.
Warning: Wire fft16_r2.\X_imag [84] is used but has no driver.
Warning: Wire fft16_r2.\X_imag [83] is used but has no driver.
Warning: Wire fft16_r2.\X_imag [82] is used but has no driver.
Warning: Wire fft16_r2.\X_imag [81] is used but has no driver.
Warning: Wire fft16_r2.\X_imag [80] is used but has no driver.
Warning: Wire fft16_r2.\X_imag [79] is used but has no driver.
Warning: Wire fft16_r2.\X_imag [78] is used but has no driver.
Warning: Wire fft16_r2.\X_imag [77] is used but has no driver.
Warning: Wire fft16_r2.\X_imag [76] is used but has no driver.
Warning: Wire fft16_r2.\X_imag [75] is used but has no driver.
Warning: Wire fft16_r2.\X_imag [74] is used but has no driver.
Warning: Wire fft16_r2.\X_imag [73] is used but has no driver.
Warning: Wire fft16_r2.\X_imag [72] is used but has no driver.
Warning: Wire fft16_r2.\X_imag [71] is used but has no driver.
Warning: Wire fft16_r2.\X_imag [70] is used but has no driver.
Warning: Wire fft16_r2.\X_imag [69] is used but has no driver.
Warning: Wire fft16_r2.\X_imag [68] is used but has no driver.
Warning: Wire fft16_r2.\X_imag [67] is used but has no driver.
Warning: Wire fft16_r2.\X_imag [66] is used but has no driver.
Warning: Wire fft16_r2.\X_imag [65] is used but has no driver.
Warning: Wire fft16_r2.\X_imag [64] is used but has no driver.
Warning: Wire fft16_r2.\X_imag [63] is used but has no driver.
Warning: Wire fft16_r2.\X_imag [62] is used but has no driver.
Warning: Wire fft16_r2.\X_imag [61] is used but has no driver.
Warning: Wire fft16_r2.\X_imag [60] is used but has no driver.
Warning: Wire fft16_r2.\X_imag [59] is used but has no driver.
Warning: Wire fft16_r2.\X_imag [58] is used but has no driver.
Warning: Wire fft16_r2.\X_imag [57] is used but has no driver.
Warning: Wire fft16_r2.\X_imag [56] is used but has no driver.
Warning: Wire fft16_r2.\X_imag [55] is used but has no driver.
Warning: Wire fft16_r2.\X_imag [54] is used but has no driver.
Warning: Wire fft16_r2.\X_imag [53] is used but has no driver.
Warning: Wire fft16_r2.\X_imag [52] is used but has no driver.
Warning: Wire fft16_r2.\X_imag [51] is used but has no driver.
Warning: Wire fft16_r2.\X_imag [50] is used but has no driver.
Warning: Wire fft16_r2.\X_imag [49] is used but has no driver.
Warning: Wire fft16_r2.\X_imag [48] is used but has no driver.
Warning: Wire fft16_r2.\X_imag [47] is used but has no driver.
Warning: Wire fft16_r2.\X_imag [46] is used but has no driver.
Warning: Wire fft16_r2.\X_imag [45] is used but has no driver.
Warning: Wire fft16_r2.\X_imag [44] is used but has no driver.
Warning: Wire fft16_r2.\X_imag [43] is used but has no driver.
Warning: Wire fft16_r2.\X_imag [42] is used but has no driver.
Warning: Wire fft16_r2.\X_imag [41] is used but has no driver.
Warning: Wire fft16_r2.\X_imag [40] is used but has no driver.
Warning: Wire fft16_r2.\X_imag [39] is used but has no driver.
Warning: Wire fft16_r2.\X_imag [38] is used but has no driver.
Warning: Wire fft16_r2.\X_imag [37] is used but has no driver.
Warning: Wire fft16_r2.\X_imag [36] is used but has no driver.
Warning: Wire fft16_r2.\X_imag [35] is used but has no driver.
Warning: Wire fft16_r2.\X_imag [34] is used but has no driver.
Warning: Wire fft16_r2.\X_imag [33] is used but has no driver.
Warning: Wire fft16_r2.\X_imag [32] is used but has no driver.
Warning: Wire fft16_r2.\X_imag [31] is used but has no driver.
Warning: Wire fft16_r2.\X_imag [30] is used but has no driver.
Warning: Wire fft16_r2.\X_imag [29] is used but has no driver.
Warning: Wire fft16_r2.\X_imag [28] is used but has no driver.
Warning: Wire fft16_r2.\X_imag [27] is used but has no driver.
Warning: Wire fft16_r2.\X_imag [26] is used but has no driver.
Warning: Wire fft16_r2.\X_imag [25] is used but has no driver.
Warning: Wire fft16_r2.\X_imag [24] is used but has no driver.
Warning: Wire fft16_r2.\X_imag [23] is used but has no driver.
Warning: Wire fft16_r2.\X_imag [22] is used but has no driver.
Warning: Wire fft16_r2.\X_imag [21] is used but has no driver.
Warning: Wire fft16_r2.\X_imag [20] is used but has no driver.
Warning: Wire fft16_r2.\X_imag [19] is used but has no driver.
Warning: Wire fft16_r2.\X_imag [18] is used but has no driver.
Warning: Wire fft16_r2.\X_imag [17] is used but has no driver.
Warning: Wire fft16_r2.\X_imag [16] is used but has no driver.
Warning: Wire fft16_r2.\X_imag [15] is used but has no driver.
Warning: Wire fft16_r2.\X_imag [14] is used but has no driver.
Warning: Wire fft16_r2.\X_imag [13] is used but has no driver.
Warning: Wire fft16_r2.\X_imag [12] is used but has no driver.
Warning: Wire fft16_r2.\X_imag [11] is used but has no driver.
Warning: Wire fft16_r2.\X_imag [10] is used but has no driver.
Warning: Wire fft16_r2.\X_imag [9] is used but has no driver.
Warning: Wire fft16_r2.\X_imag [8] is used but has no driver.
Warning: Wire fft16_r2.\X_imag [7] is used but has no driver.
Warning: Wire fft16_r2.\X_imag [6] is used but has no driver.
Warning: Wire fft16_r2.\X_imag [5] is used but has no driver.
Warning: Wire fft16_r2.\X_imag [4] is used but has no driver.
Warning: Wire fft16_r2.\X_imag [3] is used but has no driver.
Warning: Wire fft16_r2.\X_imag [2] is used but has no driver.
Warning: Wire fft16_r2.\X_imag [1] is used but has no driver.
Warning: Wire fft16_r2.\X_imag [0] is used but has no driver.
found and reported 513 problems.

33. Printing statistics.

=== fft16_r2 ===

   Number of wires:              14246
   Number of wire bits:          14786
   Number of public wires:          93
   Number of public wire bits:     633
   Number of memories:               0
   Number of memory bits:            0
   Number of processes:              0
   Number of cells:              14751
     sky130_fd_sc_hd__a2111o_2      14
     sky130_fd_sc_hd__a2111oi_2     11
     sky130_fd_sc_hd__a211o_2       34
     sky130_fd_sc_hd__a211oi_2      21
     sky130_fd_sc_hd__a21bo_2       73
     sky130_fd_sc_hd__a21boi_2      88
     sky130_fd_sc_hd__a21o_2       638
     sky130_fd_sc_hd__a21oi_2      709
     sky130_fd_sc_hd__a221o_2       97
     sky130_fd_sc_hd__a221oi_2      61
     sky130_fd_sc_hd__a22o_2       253
     sky130_fd_sc_hd__a22oi_2       82
     sky130_fd_sc_hd__a2bb2o_2      18
     sky130_fd_sc_hd__a2bb2oi_2      5
     sky130_fd_sc_hd__a311o_2        2
     sky130_fd_sc_hd__a311oi_2       1
     sky130_fd_sc_hd__a31o_2        85
     sky130_fd_sc_hd__a31oi_2       63
     sky130_fd_sc_hd__a32o_2         7
     sky130_fd_sc_hd__a32oi_2        3
     sky130_fd_sc_hd__a41o_2         2
     sky130_fd_sc_hd__a41oi_2        6
     sky130_fd_sc_hd__and2_2       267
     sky130_fd_sc_hd__and2b_2       17
     sky130_fd_sc_hd__and3_2       311
     sky130_fd_sc_hd__and3b_2        2
     sky130_fd_sc_hd__and4_2        49
     sky130_fd_sc_hd__and4b_2        9
     sky130_fd_sc_hd__buf_1       1168
     sky130_fd_sc_hd__buf_2          1
     sky130_fd_sc_hd__dfrtp_2      596
     sky130_fd_sc_hd__dfstp_2        1
     sky130_fd_sc_hd__inv_2       1049
     sky130_fd_sc_hd__mux2_1      1052
     sky130_fd_sc_hd__mux2_2       523
     sky130_fd_sc_hd__nand2_2     2593
     sky130_fd_sc_hd__nand2b_2       5
     sky130_fd_sc_hd__nand3_2     1499
     sky130_fd_sc_hd__nand3b_2     195
     sky130_fd_sc_hd__nor2_2       980
     sky130_fd_sc_hd__nor2b_2        1
     sky130_fd_sc_hd__nor3_2        26
     sky130_fd_sc_hd__nor3b_2        4
     sky130_fd_sc_hd__o2111a_2      17
     sky130_fd_sc_hd__o2111ai_2    125
     sky130_fd_sc_hd__o211a_2      126
     sky130_fd_sc_hd__o211ai_2      85
     sky130_fd_sc_hd__o21a_2       135
     sky130_fd_sc_hd__o21ai_2      555
     sky130_fd_sc_hd__o21ba_2        3
     sky130_fd_sc_hd__o21bai_2      91
     sky130_fd_sc_hd__o221a_2       41
     sky130_fd_sc_hd__o221ai_2       6
     sky130_fd_sc_hd__o22a_2        32
     sky130_fd_sc_hd__o22ai_2      130
     sky130_fd_sc_hd__o2bb2a_2      18
     sky130_fd_sc_hd__o2bb2ai_2    193
     sky130_fd_sc_hd__o311a_2        2
     sky130_fd_sc_hd__o31a_2         9
     sky130_fd_sc_hd__o31ai_2       22
     sky130_fd_sc_hd__o32a_2         1
     sky130_fd_sc_hd__o32ai_2        1
     sky130_fd_sc_hd__or2_2        325
     sky130_fd_sc_hd__or2b_2        35
     sky130_fd_sc_hd__or3_2         56
     sky130_fd_sc_hd__or3b_2        11
     sky130_fd_sc_hd__or4_2         18
     sky130_fd_sc_hd__xnor2_2       21
     sky130_fd_sc_hd__xor2_2        72

   Chip area for module '\fft16_r2': 130943.084800

34. Executing Verilog backend.
Dumping module `\fft16_r2'.

Warnings: 515 unique messages, 515 total
End of script. Logfile hash: 4f8bd224d6, CPU: user 6.42s system 0.22s, MEM: 72.79 MB peak
Yosys 0.9+3621 (git sha1 84e9fa7, gcc 8.3.1 -fPIC -Os)
Time spent: 73% 2x abc (16 sec), 7% 26x opt_expr (1 sec), ...
