
Cell sky130_fd_sc_hd__fill_1 disconnected node: VGND
Cell sky130_fd_sc_hd__fill_1 disconnected node: VNB
Cell sky130_fd_sc_hd__fill_1 disconnected node: VPB
Cell sky130_fd_sc_hd__fill_1 disconnected node: VPWR
Warning: Equate pins:  cell sky130_fd_sc_hd__fill_1 has no definition, treated as a black box.

Subcircuit pins:
Circuit 1: sky130_fd_sc_hd__fill_1         |Circuit 2: sky130_fd_sc_hd__fill_1         
-------------------------------------------|-------------------------------------------
---------------------------------------------------------------------------------------
Cell pin lists are equivalent.
Device classes sky130_fd_sc_hd__fill_1 and sky130_fd_sc_hd__fill_1 are equivalent.

Cell sky130_fd_sc_hd__decap_12 disconnected node: VGND
Cell sky130_fd_sc_hd__decap_12 disconnected node: VNB
Cell sky130_fd_sc_hd__decap_12 disconnected node: VPB
Cell sky130_fd_sc_hd__decap_12 disconnected node: VPWR
Warning: Equate pins:  cell sky130_fd_sc_hd__decap_12 has no definition, treated as a black box.

Subcircuit pins:
Circuit 1: sky130_fd_sc_hd__decap_12       |Circuit 2: sky130_fd_sc_hd__decap_12       
-------------------------------------------|-------------------------------------------
---------------------------------------------------------------------------------------
Cell pin lists are equivalent.
Device classes sky130_fd_sc_hd__decap_12 and sky130_fd_sc_hd__decap_12 are equivalent.

Cell sky130_fd_sc_hd__decap_4 disconnected node: VGND
Cell sky130_fd_sc_hd__decap_4 disconnected node: VNB
Cell sky130_fd_sc_hd__decap_4 disconnected node: VPB
Cell sky130_fd_sc_hd__decap_4 disconnected node: VPWR
Warning: Equate pins:  cell sky130_fd_sc_hd__decap_4 has no definition, treated as a black box.

Subcircuit pins:
Circuit 1: sky130_fd_sc_hd__decap_4        |Circuit 2: sky130_fd_sc_hd__decap_4        
-------------------------------------------|-------------------------------------------
---------------------------------------------------------------------------------------
Cell pin lists are equivalent.
Device classes sky130_fd_sc_hd__decap_4 and sky130_fd_sc_hd__decap_4 are equivalent.

Cell sky130_fd_sc_hd__decap_6 disconnected node: VGND
Cell sky130_fd_sc_hd__decap_6 disconnected node: VNB
Cell sky130_fd_sc_hd__decap_6 disconnected node: VPB
Cell sky130_fd_sc_hd__decap_6 disconnected node: VPWR
Warning: Equate pins:  cell sky130_fd_sc_hd__decap_6 has no definition, treated as a black box.

Subcircuit pins:
Circuit 1: sky130_fd_sc_hd__decap_6        |Circuit 2: sky130_fd_sc_hd__decap_6        
-------------------------------------------|-------------------------------------------
---------------------------------------------------------------------------------------
Cell pin lists are equivalent.
Device classes sky130_fd_sc_hd__decap_6 and sky130_fd_sc_hd__decap_6 are equivalent.

Cell sky130_fd_sc_hd__decap_8 disconnected node: VGND
Cell sky130_fd_sc_hd__decap_8 disconnected node: VNB
Cell sky130_fd_sc_hd__decap_8 disconnected node: VPB
Cell sky130_fd_sc_hd__decap_8 disconnected node: VPWR
Warning: Equate pins:  cell sky130_fd_sc_hd__decap_8 has no definition, treated as a black box.

Subcircuit pins:
Circuit 1: sky130_fd_sc_hd__decap_8        |Circuit 2: sky130_fd_sc_hd__decap_8        
-------------------------------------------|-------------------------------------------
---------------------------------------------------------------------------------------
Cell pin lists are equivalent.
Device classes sky130_fd_sc_hd__decap_8 and sky130_fd_sc_hd__decap_8 are equivalent.

Cell sky130_fd_sc_hd__mux2_2 disconnected node: A0
Cell sky130_fd_sc_hd__mux2_2 disconnected node: A1
Cell sky130_fd_sc_hd__mux2_2 disconnected node: S
Cell sky130_fd_sc_hd__mux2_2 disconnected node: VGND
Cell sky130_fd_sc_hd__mux2_2 disconnected node: VNB
Cell sky130_fd_sc_hd__mux2_2 disconnected node: VPB
Cell sky130_fd_sc_hd__mux2_2 disconnected node: VPWR
Cell sky130_fd_sc_hd__mux2_2 disconnected node: X
Warning: Equate pins:  cell sky130_fd_sc_hd__mux2_2 has no definition, treated as a black box.

Subcircuit pins:
Circuit 1: sky130_fd_sc_hd__mux2_2         |Circuit 2: sky130_fd_sc_hd__mux2_2         
-------------------------------------------|-------------------------------------------
A0                                         |A0                                         
A1                                         |A1                                         
S                                          |S                                          
X                                          |X                                          
---------------------------------------------------------------------------------------
Cell pin lists are equivalent.
Device classes sky130_fd_sc_hd__mux2_2 and sky130_fd_sc_hd__mux2_2 are equivalent.

Cell sky130_fd_sc_hd__a21o_2 disconnected node: A1
Cell sky130_fd_sc_hd__a21o_2 disconnected node: A2
Cell sky130_fd_sc_hd__a21o_2 disconnected node: B1
Cell sky130_fd_sc_hd__a21o_2 disconnected node: VGND
Cell sky130_fd_sc_hd__a21o_2 disconnected node: VNB
Cell sky130_fd_sc_hd__a21o_2 disconnected node: VPB
Cell sky130_fd_sc_hd__a21o_2 disconnected node: VPWR
Cell sky130_fd_sc_hd__a21o_2 disconnected node: X
Warning: Equate pins:  cell sky130_fd_sc_hd__a21o_2 has no definition, treated as a black box.

Subcircuit pins:
Circuit 1: sky130_fd_sc_hd__a21o_2         |Circuit 2: sky130_fd_sc_hd__a21o_2         
-------------------------------------------|-------------------------------------------
A1                                         |A1                                         
A2                                         |A2                                         
B1                                         |B1                                         
X                                          |X                                          
---------------------------------------------------------------------------------------
Cell pin lists are equivalent.
Device classes sky130_fd_sc_hd__a21o_2 and sky130_fd_sc_hd__a21o_2 are equivalent.

Cell sky130_fd_sc_hd__nand2_4 disconnected node: A
Cell sky130_fd_sc_hd__nand2_4 disconnected node: B
Cell sky130_fd_sc_hd__nand2_4 disconnected node: VGND
Cell sky130_fd_sc_hd__nand2_4 disconnected node: VNB
Cell sky130_fd_sc_hd__nand2_4 disconnected node: VPB
Cell sky130_fd_sc_hd__nand2_4 disconnected node: VPWR
Cell sky130_fd_sc_hd__nand2_4 disconnected node: Y
Warning: Equate pins:  cell sky130_fd_sc_hd__nand2_4 has no definition, treated as a black box.

Subcircuit pins:
Circuit 1: sky130_fd_sc_hd__nand2_4        |Circuit 2: sky130_fd_sc_hd__nand2_4        
-------------------------------------------|-------------------------------------------
A                                          |A                                          
B                                          |B                                          
Y                                          |Y                                          
---------------------------------------------------------------------------------------
Cell pin lists are equivalent.
Device classes sky130_fd_sc_hd__nand2_4 and sky130_fd_sc_hd__nand2_4 are equivalent.

Cell sky130_fd_sc_hd__decap_3 disconnected node: VGND
Cell sky130_fd_sc_hd__decap_3 disconnected node: VNB
Cell sky130_fd_sc_hd__decap_3 disconnected node: VPB
Cell sky130_fd_sc_hd__decap_3 disconnected node: VPWR
Warning: Equate pins:  cell sky130_fd_sc_hd__decap_3 has no definition, treated as a black box.

Subcircuit pins:
Circuit 1: sky130_fd_sc_hd__decap_3        |Circuit 2: sky130_fd_sc_hd__decap_3        
-------------------------------------------|-------------------------------------------
---------------------------------------------------------------------------------------
Cell pin lists are equivalent.
Device classes sky130_fd_sc_hd__decap_3 and sky130_fd_sc_hd__decap_3 are equivalent.

Cell sky130_fd_sc_hd__nand3_4 disconnected node: A
Cell sky130_fd_sc_hd__nand3_4 disconnected node: B
Cell sky130_fd_sc_hd__nand3_4 disconnected node: C
Cell sky130_fd_sc_hd__nand3_4 disconnected node: VGND
Cell sky130_fd_sc_hd__nand3_4 disconnected node: VNB
Cell sky130_fd_sc_hd__nand3_4 disconnected node: VPB
Cell sky130_fd_sc_hd__nand3_4 disconnected node: VPWR
Cell sky130_fd_sc_hd__nand3_4 disconnected node: Y
Warning: Equate pins:  cell sky130_fd_sc_hd__nand3_4 has no definition, treated as a black box.

Subcircuit pins:
Circuit 1: sky130_fd_sc_hd__nand3_4        |Circuit 2: sky130_fd_sc_hd__nand3_4        
-------------------------------------------|-------------------------------------------
A                                          |A                                          
B                                          |B                                          
C                                          |C                                          
Y                                          |Y                                          
---------------------------------------------------------------------------------------
Cell pin lists are equivalent.
Device classes sky130_fd_sc_hd__nand3_4 and sky130_fd_sc_hd__nand3_4 are equivalent.

Cell sky130_fd_sc_hd__diode_2 disconnected node: DIODE
Cell sky130_fd_sc_hd__diode_2 disconnected node: VGND
Cell sky130_fd_sc_hd__diode_2 disconnected node: VNB
Cell sky130_fd_sc_hd__diode_2 disconnected node: VPB
Cell sky130_fd_sc_hd__diode_2 disconnected node: VPWR
Warning: Equate pins:  cell sky130_fd_sc_hd__diode_2 has no definition, treated as a black box.

Subcircuit pins:
Circuit 1: sky130_fd_sc_hd__diode_2        |Circuit 2: sky130_fd_sc_hd__diode_2        
-------------------------------------------|-------------------------------------------
DIODE                                      |DIODE                                      
---------------------------------------------------------------------------------------
Cell pin lists are equivalent.
Device classes sky130_fd_sc_hd__diode_2 and sky130_fd_sc_hd__diode_2 are equivalent.

Cell sky130_fd_sc_hd__mux2_1 disconnected node: A0
Cell sky130_fd_sc_hd__mux2_1 disconnected node: A1
Cell sky130_fd_sc_hd__mux2_1 disconnected node: S
Cell sky130_fd_sc_hd__mux2_1 disconnected node: VGND
Cell sky130_fd_sc_hd__mux2_1 disconnected node: VNB
Cell sky130_fd_sc_hd__mux2_1 disconnected node: VPB
Cell sky130_fd_sc_hd__mux2_1 disconnected node: VPWR
Cell sky130_fd_sc_hd__mux2_1 disconnected node: X
Warning: Equate pins:  cell sky130_fd_sc_hd__mux2_1 has no definition, treated as a black box.

Subcircuit pins:
Circuit 1: sky130_fd_sc_hd__mux2_1         |Circuit 2: sky130_fd_sc_hd__mux2_1         
-------------------------------------------|-------------------------------------------
A0                                         |A0                                         
A1                                         |A1                                         
S                                          |S                                          
X                                          |X                                          
---------------------------------------------------------------------------------------
Cell pin lists are equivalent.
Device classes sky130_fd_sc_hd__mux2_1 and sky130_fd_sc_hd__mux2_1 are equivalent.

Cell sky130_fd_sc_hd__tapvpwrvgnd_1 disconnected node: VGND
Cell sky130_fd_sc_hd__tapvpwrvgnd_1 disconnected node: VPWR
Warning: Equate pins:  cell sky130_fd_sc_hd__tapvpwrvgnd_1 has no definition, treated as a black box.

Subcircuit pins:
Circuit 1: sky130_fd_sc_hd__tapvpwrvgnd_1  |Circuit 2: sky130_fd_sc_hd__tapvpwrvgnd_1  
-------------------------------------------|-------------------------------------------
---------------------------------------------------------------------------------------
Cell pin lists are equivalent.
Device classes sky130_fd_sc_hd__tapvpwrvgnd_1 and sky130_fd_sc_hd__tapvpwrvgnd_1 are equivalent.

Cell sky130_fd_sc_hd__fill_2 disconnected node: VGND
Cell sky130_fd_sc_hd__fill_2 disconnected node: VNB
Cell sky130_fd_sc_hd__fill_2 disconnected node: VPB
Cell sky130_fd_sc_hd__fill_2 disconnected node: VPWR
Warning: Equate pins:  cell sky130_fd_sc_hd__fill_2 has no definition, treated as a black box.

Subcircuit pins:
Circuit 1: sky130_fd_sc_hd__fill_2         |Circuit 2: sky130_fd_sc_hd__fill_2         
-------------------------------------------|-------------------------------------------
---------------------------------------------------------------------------------------
Cell pin lists are equivalent.
Device classes sky130_fd_sc_hd__fill_2 and sky130_fd_sc_hd__fill_2 are equivalent.

Cell sky130_fd_sc_hd__and3_1 disconnected node: A
Cell sky130_fd_sc_hd__and3_1 disconnected node: B
Cell sky130_fd_sc_hd__and3_1 disconnected node: C
Cell sky130_fd_sc_hd__and3_1 disconnected node: VGND
Cell sky130_fd_sc_hd__and3_1 disconnected node: VNB
Cell sky130_fd_sc_hd__and3_1 disconnected node: VPB
Cell sky130_fd_sc_hd__and3_1 disconnected node: VPWR
Cell sky130_fd_sc_hd__and3_1 disconnected node: X
Warning: Equate pins:  cell sky130_fd_sc_hd__and3_1 has no definition, treated as a black box.

Subcircuit pins:
Circuit 1: sky130_fd_sc_hd__and3_1         |Circuit 2: sky130_fd_sc_hd__and3_1         
-------------------------------------------|-------------------------------------------
A                                          |A                                          
B                                          |B                                          
C                                          |C                                          
X                                          |X                                          
---------------------------------------------------------------------------------------
Cell pin lists are equivalent.
Device classes sky130_fd_sc_hd__and3_1 and sky130_fd_sc_hd__and3_1 are equivalent.

Cell sky130_fd_sc_hd__o21ai_2 disconnected node: A1
Cell sky130_fd_sc_hd__o21ai_2 disconnected node: A2
Cell sky130_fd_sc_hd__o21ai_2 disconnected node: B1
Cell sky130_fd_sc_hd__o21ai_2 disconnected node: VGND
Cell sky130_fd_sc_hd__o21ai_2 disconnected node: VNB
Cell sky130_fd_sc_hd__o21ai_2 disconnected node: VPB
Cell sky130_fd_sc_hd__o21ai_2 disconnected node: VPWR
Cell sky130_fd_sc_hd__o21ai_2 disconnected node: Y
Warning: Equate pins:  cell sky130_fd_sc_hd__o21ai_2 has no definition, treated as a black box.

Subcircuit pins:
Circuit 1: sky130_fd_sc_hd__o21ai_2        |Circuit 2: sky130_fd_sc_hd__o21ai_2        
-------------------------------------------|-------------------------------------------
A1                                         |A1                                         
A2                                         |A2                                         
B1                                         |B1                                         
Y                                          |Y                                          
---------------------------------------------------------------------------------------
Cell pin lists are equivalent.
Device classes sky130_fd_sc_hd__o21ai_2 and sky130_fd_sc_hd__o21ai_2 are equivalent.

Cell sky130_fd_sc_hd__buf_6 disconnected node: A
Cell sky130_fd_sc_hd__buf_6 disconnected node: VGND
Cell sky130_fd_sc_hd__buf_6 disconnected node: VNB
Cell sky130_fd_sc_hd__buf_6 disconnected node: VPB
Cell sky130_fd_sc_hd__buf_6 disconnected node: VPWR
Cell sky130_fd_sc_hd__buf_6 disconnected node: X
Warning: Equate pins:  cell sky130_fd_sc_hd__buf_6 has no definition, treated as a black box.

Subcircuit pins:
Circuit 1: sky130_fd_sc_hd__buf_6          |Circuit 2: sky130_fd_sc_hd__buf_6          
-------------------------------------------|-------------------------------------------
A                                          |A                                          
X                                          |X                                          
---------------------------------------------------------------------------------------
Cell pin lists are equivalent.
Device classes sky130_fd_sc_hd__buf_6 and sky130_fd_sc_hd__buf_6 are equivalent.

Cell sky130_fd_sc_hd__nor2_1 disconnected node: A
Cell sky130_fd_sc_hd__nor2_1 disconnected node: B
Cell sky130_fd_sc_hd__nor2_1 disconnected node: VGND
Cell sky130_fd_sc_hd__nor2_1 disconnected node: VNB
Cell sky130_fd_sc_hd__nor2_1 disconnected node: VPB
Cell sky130_fd_sc_hd__nor2_1 disconnected node: VPWR
Cell sky130_fd_sc_hd__nor2_1 disconnected node: Y
Warning: Equate pins:  cell sky130_fd_sc_hd__nor2_1 has no definition, treated as a black box.

Subcircuit pins:
Circuit 1: sky130_fd_sc_hd__nor2_1         |Circuit 2: sky130_fd_sc_hd__nor2_1         
-------------------------------------------|-------------------------------------------
A                                          |A                                          
B                                          |B                                          
Y                                          |Y                                          
---------------------------------------------------------------------------------------
Cell pin lists are equivalent.
Device classes sky130_fd_sc_hd__nor2_1 and sky130_fd_sc_hd__nor2_1 are equivalent.

Cell sky130_fd_sc_hd__inv_2 disconnected node: A
Cell sky130_fd_sc_hd__inv_2 disconnected node: VGND
Cell sky130_fd_sc_hd__inv_2 disconnected node: VNB
Cell sky130_fd_sc_hd__inv_2 disconnected node: VPB
Cell sky130_fd_sc_hd__inv_2 disconnected node: VPWR
Cell sky130_fd_sc_hd__inv_2 disconnected node: Y
Warning: Equate pins:  cell sky130_fd_sc_hd__inv_2 has no definition, treated as a black box.

Subcircuit pins:
Circuit 1: sky130_fd_sc_hd__inv_2          |Circuit 2: sky130_fd_sc_hd__inv_2          
-------------------------------------------|-------------------------------------------
A                                          |A                                          
Y                                          |Y                                          
---------------------------------------------------------------------------------------
Cell pin lists are equivalent.
Device classes sky130_fd_sc_hd__inv_2 and sky130_fd_sc_hd__inv_2 are equivalent.

Cell sky130_fd_sc_hd__nand2_1 disconnected node: A
Cell sky130_fd_sc_hd__nand2_1 disconnected node: B
Cell sky130_fd_sc_hd__nand2_1 disconnected node: VGND
Cell sky130_fd_sc_hd__nand2_1 disconnected node: VNB
Cell sky130_fd_sc_hd__nand2_1 disconnected node: VPB
Cell sky130_fd_sc_hd__nand2_1 disconnected node: VPWR
Cell sky130_fd_sc_hd__nand2_1 disconnected node: Y
Warning: Equate pins:  cell sky130_fd_sc_hd__nand2_1 has no definition, treated as a black box.

Subcircuit pins:
Circuit 1: sky130_fd_sc_hd__nand2_1        |Circuit 2: sky130_fd_sc_hd__nand2_1        
-------------------------------------------|-------------------------------------------
A                                          |A                                          
B                                          |B                                          
Y                                          |Y                                          
---------------------------------------------------------------------------------------
Cell pin lists are equivalent.
Device classes sky130_fd_sc_hd__nand2_1 and sky130_fd_sc_hd__nand2_1 are equivalent.

Cell sky130_fd_sc_hd__nand2_2 disconnected node: A
Cell sky130_fd_sc_hd__nand2_2 disconnected node: B
Cell sky130_fd_sc_hd__nand2_2 disconnected node: VGND
Cell sky130_fd_sc_hd__nand2_2 disconnected node: VNB
Cell sky130_fd_sc_hd__nand2_2 disconnected node: VPB
Cell sky130_fd_sc_hd__nand2_2 disconnected node: VPWR
Cell sky130_fd_sc_hd__nand2_2 disconnected node: Y
Warning: Equate pins:  cell sky130_fd_sc_hd__nand2_2 has no definition, treated as a black box.

Subcircuit pins:
Circuit 1: sky130_fd_sc_hd__nand2_2        |Circuit 2: sky130_fd_sc_hd__nand2_2        
-------------------------------------------|-------------------------------------------
A                                          |A                                          
B                                          |B                                          
Y                                          |Y                                          
---------------------------------------------------------------------------------------
Cell pin lists are equivalent.
Device classes sky130_fd_sc_hd__nand2_2 and sky130_fd_sc_hd__nand2_2 are equivalent.

Cell sky130_fd_sc_hd__a21oi_4 disconnected node: A1
Cell sky130_fd_sc_hd__a21oi_4 disconnected node: A2
Cell sky130_fd_sc_hd__a21oi_4 disconnected node: B1
Cell sky130_fd_sc_hd__a21oi_4 disconnected node: VGND
Cell sky130_fd_sc_hd__a21oi_4 disconnected node: VNB
Cell sky130_fd_sc_hd__a21oi_4 disconnected node: VPB
Cell sky130_fd_sc_hd__a21oi_4 disconnected node: VPWR
Cell sky130_fd_sc_hd__a21oi_4 disconnected node: Y
Warning: Equate pins:  cell sky130_fd_sc_hd__a21oi_4 has no definition, treated as a black box.

Subcircuit pins:
Circuit 1: sky130_fd_sc_hd__a21oi_4        |Circuit 2: sky130_fd_sc_hd__a21oi_4        
-------------------------------------------|-------------------------------------------
A1                                         |A1                                         
A2                                         |A2                                         
B1                                         |B1                                         
Y                                          |Y                                          
---------------------------------------------------------------------------------------
Cell pin lists are equivalent.
Device classes sky130_fd_sc_hd__a21oi_4 and sky130_fd_sc_hd__a21oi_4 are equivalent.

Cell sky130_fd_sc_hd__dfrtp_2 disconnected node: CLK
Cell sky130_fd_sc_hd__dfrtp_2 disconnected node: D
Cell sky130_fd_sc_hd__dfrtp_2 disconnected node: RESET_B
Cell sky130_fd_sc_hd__dfrtp_2 disconnected node: VGND
Cell sky130_fd_sc_hd__dfrtp_2 disconnected node: VNB
Cell sky130_fd_sc_hd__dfrtp_2 disconnected node: VPB
Cell sky130_fd_sc_hd__dfrtp_2 disconnected node: VPWR
Cell sky130_fd_sc_hd__dfrtp_2 disconnected node: Q
Warning: Equate pins:  cell sky130_fd_sc_hd__dfrtp_2 has no definition, treated as a black box.

Subcircuit pins:
Circuit 1: sky130_fd_sc_hd__dfrtp_2        |Circuit 2: sky130_fd_sc_hd__dfrtp_2        
-------------------------------------------|-------------------------------------------
CLK                                        |CLK                                        
D                                          |D                                          
RESET_B                                    |RESET_B                                    
Q                                          |Q                                          
---------------------------------------------------------------------------------------
Cell pin lists are equivalent.
Device classes sky130_fd_sc_hd__dfrtp_2 and sky130_fd_sc_hd__dfrtp_2 are equivalent.

Cell sky130_fd_sc_hd__xor2_1 disconnected node: A
Cell sky130_fd_sc_hd__xor2_1 disconnected node: B
Cell sky130_fd_sc_hd__xor2_1 disconnected node: VGND
Cell sky130_fd_sc_hd__xor2_1 disconnected node: VNB
Cell sky130_fd_sc_hd__xor2_1 disconnected node: VPB
Cell sky130_fd_sc_hd__xor2_1 disconnected node: VPWR
Cell sky130_fd_sc_hd__xor2_1 disconnected node: X
Warning: Equate pins:  cell sky130_fd_sc_hd__xor2_1 has no definition, treated as a black box.

Subcircuit pins:
Circuit 1: sky130_fd_sc_hd__xor2_1         |Circuit 2: sky130_fd_sc_hd__xor2_1         
-------------------------------------------|-------------------------------------------
A                                          |A                                          
B                                          |B                                          
X                                          |X                                          
---------------------------------------------------------------------------------------
Cell pin lists are equivalent.
Device classes sky130_fd_sc_hd__xor2_1 and sky130_fd_sc_hd__xor2_1 are equivalent.

Cell sky130_fd_sc_hd__a31oi_4 disconnected node: A1
Cell sky130_fd_sc_hd__a31oi_4 disconnected node: A2
Cell sky130_fd_sc_hd__a31oi_4 disconnected node: A3
Cell sky130_fd_sc_hd__a31oi_4 disconnected node: B1
Cell sky130_fd_sc_hd__a31oi_4 disconnected node: VGND
Cell sky130_fd_sc_hd__a31oi_4 disconnected node: VNB
Cell sky130_fd_sc_hd__a31oi_4 disconnected node: VPB
Cell sky130_fd_sc_hd__a31oi_4 disconnected node: VPWR
Cell sky130_fd_sc_hd__a31oi_4 disconnected node: Y
Warning: Equate pins:  cell sky130_fd_sc_hd__a31oi_4 has no definition, treated as a black box.

Subcircuit pins:
Circuit 1: sky130_fd_sc_hd__a31oi_4        |Circuit 2: sky130_fd_sc_hd__a31oi_4        
-------------------------------------------|-------------------------------------------
A1                                         |A1                                         
A2                                         |A2                                         
A3                                         |A3                                         
B1                                         |B1                                         
Y                                          |Y                                          
---------------------------------------------------------------------------------------
Cell pin lists are equivalent.
Device classes sky130_fd_sc_hd__a31oi_4 and sky130_fd_sc_hd__a31oi_4 are equivalent.

Cell sky130_fd_sc_hd__nand3_2 disconnected node: A
Cell sky130_fd_sc_hd__nand3_2 disconnected node: B
Cell sky130_fd_sc_hd__nand3_2 disconnected node: C
Cell sky130_fd_sc_hd__nand3_2 disconnected node: VGND
Cell sky130_fd_sc_hd__nand3_2 disconnected node: VNB
Cell sky130_fd_sc_hd__nand3_2 disconnected node: VPB
Cell sky130_fd_sc_hd__nand3_2 disconnected node: VPWR
Cell sky130_fd_sc_hd__nand3_2 disconnected node: Y
Warning: Equate pins:  cell sky130_fd_sc_hd__nand3_2 has no definition, treated as a black box.

Subcircuit pins:
Circuit 1: sky130_fd_sc_hd__nand3_2        |Circuit 2: sky130_fd_sc_hd__nand3_2        
-------------------------------------------|-------------------------------------------
A                                          |A                                          
B                                          |B                                          
C                                          |C                                          
Y                                          |Y                                          
---------------------------------------------------------------------------------------
Cell pin lists are equivalent.
Device classes sky130_fd_sc_hd__nand3_2 and sky130_fd_sc_hd__nand3_2 are equivalent.

Cell sky130_fd_sc_hd__and2_1 disconnected node: A
Cell sky130_fd_sc_hd__and2_1 disconnected node: B
Cell sky130_fd_sc_hd__and2_1 disconnected node: VGND
Cell sky130_fd_sc_hd__and2_1 disconnected node: VNB
Cell sky130_fd_sc_hd__and2_1 disconnected node: VPB
Cell sky130_fd_sc_hd__and2_1 disconnected node: VPWR
Cell sky130_fd_sc_hd__and2_1 disconnected node: X
Warning: Equate pins:  cell sky130_fd_sc_hd__and2_1 has no definition, treated as a black box.

Subcircuit pins:
Circuit 1: sky130_fd_sc_hd__and2_1         |Circuit 2: sky130_fd_sc_hd__and2_1         
-------------------------------------------|-------------------------------------------
A                                          |A                                          
B                                          |B                                          
X                                          |X                                          
---------------------------------------------------------------------------------------
Cell pin lists are equivalent.
Device classes sky130_fd_sc_hd__and2_1 and sky130_fd_sc_hd__and2_1 are equivalent.

Cell sky130_fd_sc_hd__a31o_1 disconnected node: A1
Cell sky130_fd_sc_hd__a31o_1 disconnected node: A2
Cell sky130_fd_sc_hd__a31o_1 disconnected node: A3
Cell sky130_fd_sc_hd__a31o_1 disconnected node: B1
Cell sky130_fd_sc_hd__a31o_1 disconnected node: VGND
Cell sky130_fd_sc_hd__a31o_1 disconnected node: VNB
Cell sky130_fd_sc_hd__a31o_1 disconnected node: VPB
Cell sky130_fd_sc_hd__a31o_1 disconnected node: VPWR
Cell sky130_fd_sc_hd__a31o_1 disconnected node: X
Warning: Equate pins:  cell sky130_fd_sc_hd__a31o_1 has no definition, treated as a black box.

Subcircuit pins:
Circuit 1: sky130_fd_sc_hd__a31o_1         |Circuit 2: sky130_fd_sc_hd__a31o_1         
-------------------------------------------|-------------------------------------------
A1                                         |A1                                         
A2                                         |A2                                         
A3                                         |A3                                         
B1                                         |B1                                         
X                                          |X                                          
---------------------------------------------------------------------------------------
Cell pin lists are equivalent.
Device classes sky130_fd_sc_hd__a31o_1 and sky130_fd_sc_hd__a31o_1 are equivalent.

Cell sky130_fd_sc_hd__and2b_1 disconnected node: A_N
Cell sky130_fd_sc_hd__and2b_1 disconnected node: B
Cell sky130_fd_sc_hd__and2b_1 disconnected node: VGND
Cell sky130_fd_sc_hd__and2b_1 disconnected node: VNB
Cell sky130_fd_sc_hd__and2b_1 disconnected node: VPB
Cell sky130_fd_sc_hd__and2b_1 disconnected node: VPWR
Cell sky130_fd_sc_hd__and2b_1 disconnected node: X
Warning: Equate pins:  cell sky130_fd_sc_hd__and2b_1 has no definition, treated as a black box.

Subcircuit pins:
Circuit 1: sky130_fd_sc_hd__and2b_1        |Circuit 2: sky130_fd_sc_hd__and2b_1        
-------------------------------------------|-------------------------------------------
A_N                                        |A_N                                        
B                                          |B                                          
X                                          |X                                          
---------------------------------------------------------------------------------------
Cell pin lists are equivalent.
Device classes sky130_fd_sc_hd__and2b_1 and sky130_fd_sc_hd__and2b_1 are equivalent.

Cell sky130_fd_sc_hd__or2_2 disconnected node: A
Cell sky130_fd_sc_hd__or2_2 disconnected node: B
Cell sky130_fd_sc_hd__or2_2 disconnected node: VGND
Cell sky130_fd_sc_hd__or2_2 disconnected node: VNB
Cell sky130_fd_sc_hd__or2_2 disconnected node: VPB
Cell sky130_fd_sc_hd__or2_2 disconnected node: VPWR
Cell sky130_fd_sc_hd__or2_2 disconnected node: X
Warning: Equate pins:  cell sky130_fd_sc_hd__or2_2 has no definition, treated as a black box.

Subcircuit pins:
Circuit 1: sky130_fd_sc_hd__or2_2          |Circuit 2: sky130_fd_sc_hd__or2_2          
-------------------------------------------|-------------------------------------------
A                                          |A                                          
B                                          |B                                          
X                                          |X                                          
---------------------------------------------------------------------------------------
Cell pin lists are equivalent.
Device classes sky130_fd_sc_hd__or2_2 and sky130_fd_sc_hd__or2_2 are equivalent.

Cell sky130_fd_sc_hd__clkbuf_4 disconnected node: A
Cell sky130_fd_sc_hd__clkbuf_4 disconnected node: VGND
Cell sky130_fd_sc_hd__clkbuf_4 disconnected node: VNB
Cell sky130_fd_sc_hd__clkbuf_4 disconnected node: VPB
Cell sky130_fd_sc_hd__clkbuf_4 disconnected node: VPWR
Cell sky130_fd_sc_hd__clkbuf_4 disconnected node: X
Warning: Equate pins:  cell sky130_fd_sc_hd__clkbuf_4 has no definition, treated as a black box.

Subcircuit pins:
Circuit 1: sky130_fd_sc_hd__clkbuf_4       |Circuit 2: sky130_fd_sc_hd__clkbuf_4       
-------------------------------------------|-------------------------------------------
A                                          |A                                          
X                                          |X                                          
---------------------------------------------------------------------------------------
Cell pin lists are equivalent.
Device classes sky130_fd_sc_hd__clkbuf_4 and sky130_fd_sc_hd__clkbuf_4 are equivalent.

Cell sky130_fd_sc_hd__o22ai_4 disconnected node: A1
Cell sky130_fd_sc_hd__o22ai_4 disconnected node: A2
Cell sky130_fd_sc_hd__o22ai_4 disconnected node: B1
Cell sky130_fd_sc_hd__o22ai_4 disconnected node: B2
Cell sky130_fd_sc_hd__o22ai_4 disconnected node: VGND
Cell sky130_fd_sc_hd__o22ai_4 disconnected node: VNB
Cell sky130_fd_sc_hd__o22ai_4 disconnected node: VPB
Cell sky130_fd_sc_hd__o22ai_4 disconnected node: VPWR
Cell sky130_fd_sc_hd__o22ai_4 disconnected node: Y
Warning: Equate pins:  cell sky130_fd_sc_hd__o22ai_4 has no definition, treated as a black box.

Subcircuit pins:
Circuit 1: sky130_fd_sc_hd__o22ai_4        |Circuit 2: sky130_fd_sc_hd__o22ai_4        
-------------------------------------------|-------------------------------------------
A1                                         |A1                                         
A2                                         |A2                                         
B1                                         |B1                                         
B2                                         |B2                                         
Y                                          |Y                                          
---------------------------------------------------------------------------------------
Cell pin lists are equivalent.
Device classes sky130_fd_sc_hd__o22ai_4 and sky130_fd_sc_hd__o22ai_4 are equivalent.

Cell sky130_fd_sc_hd__and3_2 disconnected node: A
Cell sky130_fd_sc_hd__and3_2 disconnected node: B
Cell sky130_fd_sc_hd__and3_2 disconnected node: C
Cell sky130_fd_sc_hd__and3_2 disconnected node: VGND
Cell sky130_fd_sc_hd__and3_2 disconnected node: VNB
Cell sky130_fd_sc_hd__and3_2 disconnected node: VPB
Cell sky130_fd_sc_hd__and3_2 disconnected node: VPWR
Cell sky130_fd_sc_hd__and3_2 disconnected node: X
Warning: Equate pins:  cell sky130_fd_sc_hd__and3_2 has no definition, treated as a black box.

Subcircuit pins:
Circuit 1: sky130_fd_sc_hd__and3_2         |Circuit 2: sky130_fd_sc_hd__and3_2         
-------------------------------------------|-------------------------------------------
A                                          |A                                          
B                                          |B                                          
C                                          |C                                          
X                                          |X                                          
---------------------------------------------------------------------------------------
Cell pin lists are equivalent.
Device classes sky130_fd_sc_hd__and3_2 and sky130_fd_sc_hd__and3_2 are equivalent.

Cell sky130_fd_sc_hd__a21oi_2 disconnected node: A1
Cell sky130_fd_sc_hd__a21oi_2 disconnected node: A2
Cell sky130_fd_sc_hd__a21oi_2 disconnected node: B1
Cell sky130_fd_sc_hd__a21oi_2 disconnected node: VGND
Cell sky130_fd_sc_hd__a21oi_2 disconnected node: VNB
Cell sky130_fd_sc_hd__a21oi_2 disconnected node: VPB
Cell sky130_fd_sc_hd__a21oi_2 disconnected node: VPWR
Cell sky130_fd_sc_hd__a21oi_2 disconnected node: Y
Warning: Equate pins:  cell sky130_fd_sc_hd__a21oi_2 has no definition, treated as a black box.

Subcircuit pins:
Circuit 1: sky130_fd_sc_hd__a21oi_2        |Circuit 2: sky130_fd_sc_hd__a21oi_2        
-------------------------------------------|-------------------------------------------
A1                                         |A1                                         
A2                                         |A2                                         
B1                                         |B1                                         
Y                                          |Y                                          
---------------------------------------------------------------------------------------
Cell pin lists are equivalent.
Device classes sky130_fd_sc_hd__a21oi_2 and sky130_fd_sc_hd__a21oi_2 are equivalent.

Cell sky130_fd_sc_hd__nor2_8 disconnected node: A
Cell sky130_fd_sc_hd__nor2_8 disconnected node: B
Cell sky130_fd_sc_hd__nor2_8 disconnected node: VGND
Cell sky130_fd_sc_hd__nor2_8 disconnected node: VNB
Cell sky130_fd_sc_hd__nor2_8 disconnected node: VPB
Cell sky130_fd_sc_hd__nor2_8 disconnected node: VPWR
Cell sky130_fd_sc_hd__nor2_8 disconnected node: Y
Warning: Equate pins:  cell sky130_fd_sc_hd__nor2_8 has no definition, treated as a black box.

Subcircuit pins:
Circuit 1: sky130_fd_sc_hd__nor2_8         |Circuit 2: sky130_fd_sc_hd__nor2_8         
-------------------------------------------|-------------------------------------------
A                                          |A                                          
B                                          |B                                          
Y                                          |Y                                          
---------------------------------------------------------------------------------------
Cell pin lists are equivalent.
Device classes sky130_fd_sc_hd__nor2_8 and sky130_fd_sc_hd__nor2_8 are equivalent.

Cell sky130_fd_sc_hd__a31oi_1 disconnected node: A1
Cell sky130_fd_sc_hd__a31oi_1 disconnected node: A2
Cell sky130_fd_sc_hd__a31oi_1 disconnected node: A3
Cell sky130_fd_sc_hd__a31oi_1 disconnected node: B1
Cell sky130_fd_sc_hd__a31oi_1 disconnected node: VGND
Cell sky130_fd_sc_hd__a31oi_1 disconnected node: VNB
Cell sky130_fd_sc_hd__a31oi_1 disconnected node: VPB
Cell sky130_fd_sc_hd__a31oi_1 disconnected node: VPWR
Cell sky130_fd_sc_hd__a31oi_1 disconnected node: Y
Warning: Equate pins:  cell sky130_fd_sc_hd__a31oi_1 has no definition, treated as a black box.

Subcircuit pins:
Circuit 1: sky130_fd_sc_hd__a31oi_1        |Circuit 2: sky130_fd_sc_hd__a31oi_1        
-------------------------------------------|-------------------------------------------
A1                                         |A1                                         
A2                                         |A2                                         
A3                                         |A3                                         
B1                                         |B1                                         
Y                                          |Y                                          
---------------------------------------------------------------------------------------
Cell pin lists are equivalent.
Device classes sky130_fd_sc_hd__a31oi_1 and sky130_fd_sc_hd__a31oi_1 are equivalent.

Cell sky130_fd_sc_hd__o2bb2ai_4 disconnected node: A1_N
Cell sky130_fd_sc_hd__o2bb2ai_4 disconnected node: A2_N
Cell sky130_fd_sc_hd__o2bb2ai_4 disconnected node: B1
Cell sky130_fd_sc_hd__o2bb2ai_4 disconnected node: B2
Cell sky130_fd_sc_hd__o2bb2ai_4 disconnected node: VGND
Cell sky130_fd_sc_hd__o2bb2ai_4 disconnected node: VNB
Cell sky130_fd_sc_hd__o2bb2ai_4 disconnected node: VPB
Cell sky130_fd_sc_hd__o2bb2ai_4 disconnected node: VPWR
Cell sky130_fd_sc_hd__o2bb2ai_4 disconnected node: Y
Warning: Equate pins:  cell sky130_fd_sc_hd__o2bb2ai_4 has no definition, treated as a black box.

Subcircuit pins:
Circuit 1: sky130_fd_sc_hd__o2bb2ai_4      |Circuit 2: sky130_fd_sc_hd__o2bb2ai_4      
-------------------------------------------|-------------------------------------------
A1_N                                       |A1_N                                       
A2_N                                       |A2_N                                       
B1                                         |B1                                         
B2                                         |B2                                         
Y                                          |Y                                          
---------------------------------------------------------------------------------------
Cell pin lists are equivalent.
Device classes sky130_fd_sc_hd__o2bb2ai_4 and sky130_fd_sc_hd__o2bb2ai_4 are equivalent.

Cell sky130_fd_sc_hd__a22oi_2 disconnected node: A1
Cell sky130_fd_sc_hd__a22oi_2 disconnected node: A2
Cell sky130_fd_sc_hd__a22oi_2 disconnected node: B1
Cell sky130_fd_sc_hd__a22oi_2 disconnected node: B2
Cell sky130_fd_sc_hd__a22oi_2 disconnected node: VGND
Cell sky130_fd_sc_hd__a22oi_2 disconnected node: VNB
Cell sky130_fd_sc_hd__a22oi_2 disconnected node: VPB
Cell sky130_fd_sc_hd__a22oi_2 disconnected node: VPWR
Cell sky130_fd_sc_hd__a22oi_2 disconnected node: Y
Warning: Equate pins:  cell sky130_fd_sc_hd__a22oi_2 has no definition, treated as a black box.

Subcircuit pins:
Circuit 1: sky130_fd_sc_hd__a22oi_2        |Circuit 2: sky130_fd_sc_hd__a22oi_2        
-------------------------------------------|-------------------------------------------
A1                                         |A1                                         
A2                                         |A2                                         
B1                                         |B1                                         
B2                                         |B2                                         
Y                                          |Y                                          
---------------------------------------------------------------------------------------
Cell pin lists are equivalent.
Device classes sky130_fd_sc_hd__a22oi_2 and sky130_fd_sc_hd__a22oi_2 are equivalent.

Cell sky130_fd_sc_hd__nand3b_4 disconnected node: A_N
Cell sky130_fd_sc_hd__nand3b_4 disconnected node: B
Cell sky130_fd_sc_hd__nand3b_4 disconnected node: C
Cell sky130_fd_sc_hd__nand3b_4 disconnected node: VGND
Cell sky130_fd_sc_hd__nand3b_4 disconnected node: VNB
Cell sky130_fd_sc_hd__nand3b_4 disconnected node: VPB
Cell sky130_fd_sc_hd__nand3b_4 disconnected node: VPWR
Cell sky130_fd_sc_hd__nand3b_4 disconnected node: Y
Warning: Equate pins:  cell sky130_fd_sc_hd__nand3b_4 has no definition, treated as a black box.

Subcircuit pins:
Circuit 1: sky130_fd_sc_hd__nand3b_4       |Circuit 2: sky130_fd_sc_hd__nand3b_4       
-------------------------------------------|-------------------------------------------
A_N                                        |A_N                                        
B                                          |B                                          
C                                          |C                                          
Y                                          |Y                                          
---------------------------------------------------------------------------------------
Cell pin lists are equivalent.
Device classes sky130_fd_sc_hd__nand3b_4 and sky130_fd_sc_hd__nand3b_4 are equivalent.

Cell sky130_fd_sc_hd__nor2_2 disconnected node: A
Cell sky130_fd_sc_hd__nor2_2 disconnected node: B
Cell sky130_fd_sc_hd__nor2_2 disconnected node: VGND
Cell sky130_fd_sc_hd__nor2_2 disconnected node: VNB
Cell sky130_fd_sc_hd__nor2_2 disconnected node: VPB
Cell sky130_fd_sc_hd__nor2_2 disconnected node: VPWR
Cell sky130_fd_sc_hd__nor2_2 disconnected node: Y
Warning: Equate pins:  cell sky130_fd_sc_hd__nor2_2 has no definition, treated as a black box.

Subcircuit pins:
Circuit 1: sky130_fd_sc_hd__nor2_2         |Circuit 2: sky130_fd_sc_hd__nor2_2         
-------------------------------------------|-------------------------------------------
A                                          |A                                          
B                                          |B                                          
Y                                          |Y                                          
---------------------------------------------------------------------------------------
Cell pin lists are equivalent.
Device classes sky130_fd_sc_hd__nor2_2 and sky130_fd_sc_hd__nor2_2 are equivalent.

Cell sky130_fd_sc_hd__o21ai_4 disconnected node: A1
Cell sky130_fd_sc_hd__o21ai_4 disconnected node: A2
Cell sky130_fd_sc_hd__o21ai_4 disconnected node: B1
Cell sky130_fd_sc_hd__o21ai_4 disconnected node: VGND
Cell sky130_fd_sc_hd__o21ai_4 disconnected node: VNB
Cell sky130_fd_sc_hd__o21ai_4 disconnected node: VPB
Cell sky130_fd_sc_hd__o21ai_4 disconnected node: VPWR
Cell sky130_fd_sc_hd__o21ai_4 disconnected node: Y
Warning: Equate pins:  cell sky130_fd_sc_hd__o21ai_4 has no definition, treated as a black box.

Subcircuit pins:
Circuit 1: sky130_fd_sc_hd__o21ai_4        |Circuit 2: sky130_fd_sc_hd__o21ai_4        
-------------------------------------------|-------------------------------------------
A1                                         |A1                                         
A2                                         |A2                                         
B1                                         |B1                                         
Y                                          |Y                                          
---------------------------------------------------------------------------------------
Cell pin lists are equivalent.
Device classes sky130_fd_sc_hd__o21ai_4 and sky130_fd_sc_hd__o21ai_4 are equivalent.

Cell sky130_fd_sc_hd__nor2_4 disconnected node: A
Cell sky130_fd_sc_hd__nor2_4 disconnected node: B
Cell sky130_fd_sc_hd__nor2_4 disconnected node: VGND
Cell sky130_fd_sc_hd__nor2_4 disconnected node: VNB
Cell sky130_fd_sc_hd__nor2_4 disconnected node: VPB
Cell sky130_fd_sc_hd__nor2_4 disconnected node: VPWR
Cell sky130_fd_sc_hd__nor2_4 disconnected node: Y
Warning: Equate pins:  cell sky130_fd_sc_hd__nor2_4 has no definition, treated as a black box.

Subcircuit pins:
Circuit 1: sky130_fd_sc_hd__nor2_4         |Circuit 2: sky130_fd_sc_hd__nor2_4         
-------------------------------------------|-------------------------------------------
A                                          |A                                          
B                                          |B                                          
Y                                          |Y                                          
---------------------------------------------------------------------------------------
Cell pin lists are equivalent.
Device classes sky130_fd_sc_hd__nor2_4 and sky130_fd_sc_hd__nor2_4 are equivalent.

Cell sky130_fd_sc_hd__o211a_2 disconnected node: A1
Cell sky130_fd_sc_hd__o211a_2 disconnected node: A2
Cell sky130_fd_sc_hd__o211a_2 disconnected node: B1
Cell sky130_fd_sc_hd__o211a_2 disconnected node: C1
Cell sky130_fd_sc_hd__o211a_2 disconnected node: VGND
Cell sky130_fd_sc_hd__o211a_2 disconnected node: VNB
Cell sky130_fd_sc_hd__o211a_2 disconnected node: VPB
Cell sky130_fd_sc_hd__o211a_2 disconnected node: VPWR
Cell sky130_fd_sc_hd__o211a_2 disconnected node: X
Warning: Equate pins:  cell sky130_fd_sc_hd__o211a_2 has no definition, treated as a black box.

Subcircuit pins:
Circuit 1: sky130_fd_sc_hd__o211a_2        |Circuit 2: sky130_fd_sc_hd__o211a_2        
-------------------------------------------|-------------------------------------------
A1                                         |A1                                         
A2                                         |A2                                         
B1                                         |B1                                         
C1                                         |C1                                         
X                                          |X                                          
---------------------------------------------------------------------------------------
Cell pin lists are equivalent.
Device classes sky130_fd_sc_hd__o211a_2 and sky130_fd_sc_hd__o211a_2 are equivalent.

Cell sky130_fd_sc_hd__a22o_1 disconnected node: A1
Cell sky130_fd_sc_hd__a22o_1 disconnected node: A2
Cell sky130_fd_sc_hd__a22o_1 disconnected node: B1
Cell sky130_fd_sc_hd__a22o_1 disconnected node: B2
Cell sky130_fd_sc_hd__a22o_1 disconnected node: VGND
Cell sky130_fd_sc_hd__a22o_1 disconnected node: VNB
Cell sky130_fd_sc_hd__a22o_1 disconnected node: VPB
Cell sky130_fd_sc_hd__a22o_1 disconnected node: VPWR
Cell sky130_fd_sc_hd__a22o_1 disconnected node: X
Warning: Equate pins:  cell sky130_fd_sc_hd__a22o_1 has no definition, treated as a black box.

Subcircuit pins:
Circuit 1: sky130_fd_sc_hd__a22o_1         |Circuit 2: sky130_fd_sc_hd__a22o_1         
-------------------------------------------|-------------------------------------------
A1                                         |A1                                         
A2                                         |A2                                         
B1                                         |B1                                         
B2                                         |B2                                         
X                                          |X                                          
---------------------------------------------------------------------------------------
Cell pin lists are equivalent.
Device classes sky130_fd_sc_hd__a22o_1 and sky130_fd_sc_hd__a22o_1 are equivalent.

Cell sky130_fd_sc_hd__o21ai_1 disconnected node: A1
Cell sky130_fd_sc_hd__o21ai_1 disconnected node: A2
Cell sky130_fd_sc_hd__o21ai_1 disconnected node: B1
Cell sky130_fd_sc_hd__o21ai_1 disconnected node: VGND
Cell sky130_fd_sc_hd__o21ai_1 disconnected node: VNB
Cell sky130_fd_sc_hd__o21ai_1 disconnected node: VPB
Cell sky130_fd_sc_hd__o21ai_1 disconnected node: VPWR
Cell sky130_fd_sc_hd__o21ai_1 disconnected node: Y
Warning: Equate pins:  cell sky130_fd_sc_hd__o21ai_1 has no definition, treated as a black box.

Subcircuit pins:
Circuit 1: sky130_fd_sc_hd__o21ai_1        |Circuit 2: sky130_fd_sc_hd__o21ai_1        
-------------------------------------------|-------------------------------------------
A1                                         |A1                                         
A2                                         |A2                                         
B1                                         |B1                                         
Y                                          |Y                                          
---------------------------------------------------------------------------------------
Cell pin lists are equivalent.
Device classes sky130_fd_sc_hd__o21ai_1 and sky130_fd_sc_hd__o21ai_1 are equivalent.

Cell sky130_fd_sc_hd__or3b_1 disconnected node: A
Cell sky130_fd_sc_hd__or3b_1 disconnected node: B
Cell sky130_fd_sc_hd__or3b_1 disconnected node: C_N
Cell sky130_fd_sc_hd__or3b_1 disconnected node: VGND
Cell sky130_fd_sc_hd__or3b_1 disconnected node: VNB
Cell sky130_fd_sc_hd__or3b_1 disconnected node: VPB
Cell sky130_fd_sc_hd__or3b_1 disconnected node: VPWR
Cell sky130_fd_sc_hd__or3b_1 disconnected node: X
Warning: Equate pins:  cell sky130_fd_sc_hd__or3b_1 has no definition, treated as a black box.

Subcircuit pins:
Circuit 1: sky130_fd_sc_hd__or3b_1         |Circuit 2: sky130_fd_sc_hd__or3b_1         
-------------------------------------------|-------------------------------------------
A                                          |A                                          
B                                          |B                                          
C_N                                        |C_N                                        
X                                          |X                                          
---------------------------------------------------------------------------------------
Cell pin lists are equivalent.
Device classes sky130_fd_sc_hd__or3b_1 and sky130_fd_sc_hd__or3b_1 are equivalent.

Cell sky130_fd_sc_hd__mux2_4 disconnected node: A0
Cell sky130_fd_sc_hd__mux2_4 disconnected node: A1
Cell sky130_fd_sc_hd__mux2_4 disconnected node: S
Cell sky130_fd_sc_hd__mux2_4 disconnected node: VGND
Cell sky130_fd_sc_hd__mux2_4 disconnected node: VNB
Cell sky130_fd_sc_hd__mux2_4 disconnected node: VPB
Cell sky130_fd_sc_hd__mux2_4 disconnected node: VPWR
Cell sky130_fd_sc_hd__mux2_4 disconnected node: X
Warning: Equate pins:  cell sky130_fd_sc_hd__mux2_4 has no definition, treated as a black box.

Subcircuit pins:
Circuit 1: sky130_fd_sc_hd__mux2_4         |Circuit 2: sky130_fd_sc_hd__mux2_4         
-------------------------------------------|-------------------------------------------
A0                                         |A0                                         
A1                                         |A1                                         
S                                          |S                                          
X                                          |X                                          
---------------------------------------------------------------------------------------
Cell pin lists are equivalent.
Device classes sky130_fd_sc_hd__mux2_4 and sky130_fd_sc_hd__mux2_4 are equivalent.

Cell sky130_fd_sc_hd__clkinv_4 disconnected node: A
Cell sky130_fd_sc_hd__clkinv_4 disconnected node: VGND
Cell sky130_fd_sc_hd__clkinv_4 disconnected node: VNB
Cell sky130_fd_sc_hd__clkinv_4 disconnected node: VPB
Cell sky130_fd_sc_hd__clkinv_4 disconnected node: VPWR
Cell sky130_fd_sc_hd__clkinv_4 disconnected node: Y
Warning: Equate pins:  cell sky130_fd_sc_hd__clkinv_4 has no definition, treated as a black box.

Subcircuit pins:
Circuit 1: sky130_fd_sc_hd__clkinv_4       |Circuit 2: sky130_fd_sc_hd__clkinv_4       
-------------------------------------------|-------------------------------------------
A                                          |A                                          
Y                                          |Y                                          
---------------------------------------------------------------------------------------
Cell pin lists are equivalent.
Device classes sky130_fd_sc_hd__clkinv_4 and sky130_fd_sc_hd__clkinv_4 are equivalent.

Cell sky130_fd_sc_hd__clkbuf_2 disconnected node: A
Cell sky130_fd_sc_hd__clkbuf_2 disconnected node: VGND
Cell sky130_fd_sc_hd__clkbuf_2 disconnected node: VNB
Cell sky130_fd_sc_hd__clkbuf_2 disconnected node: VPB
Cell sky130_fd_sc_hd__clkbuf_2 disconnected node: VPWR
Cell sky130_fd_sc_hd__clkbuf_2 disconnected node: X
Warning: Equate pins:  cell sky130_fd_sc_hd__clkbuf_2 has no definition, treated as a black box.

Subcircuit pins:
Circuit 1: sky130_fd_sc_hd__clkbuf_2       |Circuit 2: sky130_fd_sc_hd__clkbuf_2       
-------------------------------------------|-------------------------------------------
A                                          |A                                          
X                                          |X                                          
---------------------------------------------------------------------------------------
Cell pin lists are equivalent.
Device classes sky130_fd_sc_hd__clkbuf_2 and sky130_fd_sc_hd__clkbuf_2 are equivalent.

Cell sky130_fd_sc_hd__o2bb2ai_1 disconnected node: A1_N
Cell sky130_fd_sc_hd__o2bb2ai_1 disconnected node: A2_N
Cell sky130_fd_sc_hd__o2bb2ai_1 disconnected node: B1
Cell sky130_fd_sc_hd__o2bb2ai_1 disconnected node: B2
Cell sky130_fd_sc_hd__o2bb2ai_1 disconnected node: VGND
Cell sky130_fd_sc_hd__o2bb2ai_1 disconnected node: VNB
Cell sky130_fd_sc_hd__o2bb2ai_1 disconnected node: VPB
Cell sky130_fd_sc_hd__o2bb2ai_1 disconnected node: VPWR
Cell sky130_fd_sc_hd__o2bb2ai_1 disconnected node: Y
Warning: Equate pins:  cell sky130_fd_sc_hd__o2bb2ai_1 has no definition, treated as a black box.

Subcircuit pins:
Circuit 1: sky130_fd_sc_hd__o2bb2ai_1      |Circuit 2: sky130_fd_sc_hd__o2bb2ai_1      
-------------------------------------------|-------------------------------------------
A1_N                                       |A1_N                                       
A2_N                                       |A2_N                                       
B1                                         |B1                                         
B2                                         |B2                                         
Y                                          |Y                                          
---------------------------------------------------------------------------------------
Cell pin lists are equivalent.
Device classes sky130_fd_sc_hd__o2bb2ai_1 and sky130_fd_sc_hd__o2bb2ai_1 are equivalent.

Cell sky130_fd_sc_hd__a21bo_1 disconnected node: A1
Cell sky130_fd_sc_hd__a21bo_1 disconnected node: A2
Cell sky130_fd_sc_hd__a21bo_1 disconnected node: B1_N
Cell sky130_fd_sc_hd__a21bo_1 disconnected node: VGND
Cell sky130_fd_sc_hd__a21bo_1 disconnected node: VNB
Cell sky130_fd_sc_hd__a21bo_1 disconnected node: VPB
Cell sky130_fd_sc_hd__a21bo_1 disconnected node: VPWR
Cell sky130_fd_sc_hd__a21bo_1 disconnected node: X
Warning: Equate pins:  cell sky130_fd_sc_hd__a21bo_1 has no definition, treated as a black box.

Subcircuit pins:
Circuit 1: sky130_fd_sc_hd__a21bo_1        |Circuit 2: sky130_fd_sc_hd__a21bo_1        
-------------------------------------------|-------------------------------------------
A1                                         |A1                                         
A2                                         |A2                                         
B1_N                                       |B1_N                                       
X                                          |X                                          
---------------------------------------------------------------------------------------
Cell pin lists are equivalent.
Device classes sky130_fd_sc_hd__a21bo_1 and sky130_fd_sc_hd__a21bo_1 are equivalent.

Cell sky130_fd_sc_hd__a211oi_4 disconnected node: A1
Cell sky130_fd_sc_hd__a211oi_4 disconnected node: A2
Cell sky130_fd_sc_hd__a211oi_4 disconnected node: B1
Cell sky130_fd_sc_hd__a211oi_4 disconnected node: C1
Cell sky130_fd_sc_hd__a211oi_4 disconnected node: VGND
Cell sky130_fd_sc_hd__a211oi_4 disconnected node: VNB
Cell sky130_fd_sc_hd__a211oi_4 disconnected node: VPB
Cell sky130_fd_sc_hd__a211oi_4 disconnected node: VPWR
Cell sky130_fd_sc_hd__a211oi_4 disconnected node: Y
Warning: Equate pins:  cell sky130_fd_sc_hd__a211oi_4 has no definition, treated as a black box.

Subcircuit pins:
Circuit 1: sky130_fd_sc_hd__a211oi_4       |Circuit 2: sky130_fd_sc_hd__a211oi_4       
-------------------------------------------|-------------------------------------------
A1                                         |A1                                         
A2                                         |A2                                         
B1                                         |B1                                         
C1                                         |C1                                         
Y                                          |Y                                          
---------------------------------------------------------------------------------------
Cell pin lists are equivalent.
Device classes sky130_fd_sc_hd__a211oi_4 and sky130_fd_sc_hd__a211oi_4 are equivalent.

Cell sky130_fd_sc_hd__o21a_1 disconnected node: A1
Cell sky130_fd_sc_hd__o21a_1 disconnected node: A2
Cell sky130_fd_sc_hd__o21a_1 disconnected node: B1
Cell sky130_fd_sc_hd__o21a_1 disconnected node: VGND
Cell sky130_fd_sc_hd__o21a_1 disconnected node: VNB
Cell sky130_fd_sc_hd__o21a_1 disconnected node: VPB
Cell sky130_fd_sc_hd__o21a_1 disconnected node: VPWR
Cell sky130_fd_sc_hd__o21a_1 disconnected node: X
Warning: Equate pins:  cell sky130_fd_sc_hd__o21a_1 has no definition, treated as a black box.

Subcircuit pins:
Circuit 1: sky130_fd_sc_hd__o21a_1         |Circuit 2: sky130_fd_sc_hd__o21a_1         
-------------------------------------------|-------------------------------------------
A1                                         |A1                                         
A2                                         |A2                                         
B1                                         |B1                                         
X                                          |X                                          
---------------------------------------------------------------------------------------
Cell pin lists are equivalent.
Device classes sky130_fd_sc_hd__o21a_1 and sky130_fd_sc_hd__o21a_1 are equivalent.

Cell sky130_fd_sc_hd__conb_1 disconnected node: VGND
Cell sky130_fd_sc_hd__conb_1 disconnected node: VNB
Cell sky130_fd_sc_hd__conb_1 disconnected node: VPB
Cell sky130_fd_sc_hd__conb_1 disconnected node: VPWR
Cell sky130_fd_sc_hd__conb_1 disconnected node: HI
Cell sky130_fd_sc_hd__conb_1 disconnected node: LO
Warning: Equate pins:  cell sky130_fd_sc_hd__conb_1 has no definition, treated as a black box.

Subcircuit pins:
Circuit 1: sky130_fd_sc_hd__conb_1         |Circuit 2: sky130_fd_sc_hd__conb_1         
-------------------------------------------|-------------------------------------------
LO                                         |LO                                         
---------------------------------------------------------------------------------------
Cell pin lists are equivalent.
Device classes sky130_fd_sc_hd__conb_1 and sky130_fd_sc_hd__conb_1 are equivalent.

Cell sky130_fd_sc_hd__a21oi_1 disconnected node: A1
Cell sky130_fd_sc_hd__a21oi_1 disconnected node: A2
Cell sky130_fd_sc_hd__a21oi_1 disconnected node: B1
Cell sky130_fd_sc_hd__a21oi_1 disconnected node: VGND
Cell sky130_fd_sc_hd__a21oi_1 disconnected node: VNB
Cell sky130_fd_sc_hd__a21oi_1 disconnected node: VPB
Cell sky130_fd_sc_hd__a21oi_1 disconnected node: VPWR
Cell sky130_fd_sc_hd__a21oi_1 disconnected node: Y
Warning: Equate pins:  cell sky130_fd_sc_hd__a21oi_1 has no definition, treated as a black box.

Subcircuit pins:
Circuit 1: sky130_fd_sc_hd__a21oi_1        |Circuit 2: sky130_fd_sc_hd__a21oi_1        
-------------------------------------------|-------------------------------------------
A1                                         |A1                                         
A2                                         |A2                                         
B1                                         |B1                                         
Y                                          |Y                                          
---------------------------------------------------------------------------------------
Cell pin lists are equivalent.
Device classes sky130_fd_sc_hd__a21oi_1 and sky130_fd_sc_hd__a21oi_1 are equivalent.

Cell sky130_fd_sc_hd__or2_1 disconnected node: A
Cell sky130_fd_sc_hd__or2_1 disconnected node: B
Cell sky130_fd_sc_hd__or2_1 disconnected node: VGND
Cell sky130_fd_sc_hd__or2_1 disconnected node: VNB
Cell sky130_fd_sc_hd__or2_1 disconnected node: VPB
Cell sky130_fd_sc_hd__or2_1 disconnected node: VPWR
Cell sky130_fd_sc_hd__or2_1 disconnected node: X
Warning: Equate pins:  cell sky130_fd_sc_hd__or2_1 has no definition, treated as a black box.

Subcircuit pins:
Circuit 1: sky130_fd_sc_hd__or2_1          |Circuit 2: sky130_fd_sc_hd__or2_1          
-------------------------------------------|-------------------------------------------
A                                          |A                                          
B                                          |B                                          
X                                          |X                                          
---------------------------------------------------------------------------------------
Cell pin lists are equivalent.
Device classes sky130_fd_sc_hd__or2_1 and sky130_fd_sc_hd__or2_1 are equivalent.

Cell sky130_fd_sc_hd__o21a_2 disconnected node: A1
Cell sky130_fd_sc_hd__o21a_2 disconnected node: A2
Cell sky130_fd_sc_hd__o21a_2 disconnected node: B1
Cell sky130_fd_sc_hd__o21a_2 disconnected node: VGND
Cell sky130_fd_sc_hd__o21a_2 disconnected node: VNB
Cell sky130_fd_sc_hd__o21a_2 disconnected node: VPB
Cell sky130_fd_sc_hd__o21a_2 disconnected node: VPWR
Cell sky130_fd_sc_hd__o21a_2 disconnected node: X
Warning: Equate pins:  cell sky130_fd_sc_hd__o21a_2 has no definition, treated as a black box.

Subcircuit pins:
Circuit 1: sky130_fd_sc_hd__o21a_2         |Circuit 2: sky130_fd_sc_hd__o21a_2         
-------------------------------------------|-------------------------------------------
A1                                         |A1                                         
A2                                         |A2                                         
B1                                         |B1                                         
X                                          |X                                          
---------------------------------------------------------------------------------------
Cell pin lists are equivalent.
Device classes sky130_fd_sc_hd__o21a_2 and sky130_fd_sc_hd__o21a_2 are equivalent.

Cell sky130_fd_sc_hd__xnor2_2 disconnected node: A
Cell sky130_fd_sc_hd__xnor2_2 disconnected node: B
Cell sky130_fd_sc_hd__xnor2_2 disconnected node: VGND
Cell sky130_fd_sc_hd__xnor2_2 disconnected node: VNB
Cell sky130_fd_sc_hd__xnor2_2 disconnected node: VPB
Cell sky130_fd_sc_hd__xnor2_2 disconnected node: VPWR
Cell sky130_fd_sc_hd__xnor2_2 disconnected node: Y
Warning: Equate pins:  cell sky130_fd_sc_hd__xnor2_2 has no definition, treated as a black box.

Subcircuit pins:
Circuit 1: sky130_fd_sc_hd__xnor2_2        |Circuit 2: sky130_fd_sc_hd__xnor2_2        
-------------------------------------------|-------------------------------------------
A                                          |A                                          
B                                          |B                                          
Y                                          |Y                                          
---------------------------------------------------------------------------------------
Cell pin lists are equivalent.
Device classes sky130_fd_sc_hd__xnor2_2 and sky130_fd_sc_hd__xnor2_2 are equivalent.

Cell sky130_fd_sc_hd__and2_2 disconnected node: A
Cell sky130_fd_sc_hd__and2_2 disconnected node: B
Cell sky130_fd_sc_hd__and2_2 disconnected node: VGND
Cell sky130_fd_sc_hd__and2_2 disconnected node: VNB
Cell sky130_fd_sc_hd__and2_2 disconnected node: VPB
Cell sky130_fd_sc_hd__and2_2 disconnected node: VPWR
Cell sky130_fd_sc_hd__and2_2 disconnected node: X
Warning: Equate pins:  cell sky130_fd_sc_hd__and2_2 has no definition, treated as a black box.

Subcircuit pins:
Circuit 1: sky130_fd_sc_hd__and2_2         |Circuit 2: sky130_fd_sc_hd__and2_2         
-------------------------------------------|-------------------------------------------
A                                          |A                                          
B                                          |B                                          
X                                          |X                                          
---------------------------------------------------------------------------------------
Cell pin lists are equivalent.
Device classes sky130_fd_sc_hd__and2_2 and sky130_fd_sc_hd__and2_2 are equivalent.

Cell sky130_fd_sc_hd__a21o_1 disconnected node: A1
Cell sky130_fd_sc_hd__a21o_1 disconnected node: A2
Cell sky130_fd_sc_hd__a21o_1 disconnected node: B1
Cell sky130_fd_sc_hd__a21o_1 disconnected node: VGND
Cell sky130_fd_sc_hd__a21o_1 disconnected node: VNB
Cell sky130_fd_sc_hd__a21o_1 disconnected node: VPB
Cell sky130_fd_sc_hd__a21o_1 disconnected node: VPWR
Cell sky130_fd_sc_hd__a21o_1 disconnected node: X
Warning: Equate pins:  cell sky130_fd_sc_hd__a21o_1 has no definition, treated as a black box.

Subcircuit pins:
Circuit 1: sky130_fd_sc_hd__a21o_1         |Circuit 2: sky130_fd_sc_hd__a21o_1         
-------------------------------------------|-------------------------------------------
A1                                         |A1                                         
A2                                         |A2                                         
B1                                         |B1                                         
X                                          |X                                          
---------------------------------------------------------------------------------------
Cell pin lists are equivalent.
Device classes sky130_fd_sc_hd__a21o_1 and sky130_fd_sc_hd__a21o_1 are equivalent.

Cell sky130_fd_sc_hd__o21bai_4 disconnected node: A1
Cell sky130_fd_sc_hd__o21bai_4 disconnected node: A2
Cell sky130_fd_sc_hd__o21bai_4 disconnected node: B1_N
Cell sky130_fd_sc_hd__o21bai_4 disconnected node: VGND
Cell sky130_fd_sc_hd__o21bai_4 disconnected node: VNB
Cell sky130_fd_sc_hd__o21bai_4 disconnected node: VPB
Cell sky130_fd_sc_hd__o21bai_4 disconnected node: VPWR
Cell sky130_fd_sc_hd__o21bai_4 disconnected node: Y
Warning: Equate pins:  cell sky130_fd_sc_hd__o21bai_4 has no definition, treated as a black box.

Subcircuit pins:
Circuit 1: sky130_fd_sc_hd__o21bai_4       |Circuit 2: sky130_fd_sc_hd__o21bai_4       
-------------------------------------------|-------------------------------------------
A1                                         |A1                                         
A2                                         |A2                                         
B1_N                                       |B1_N                                       
Y                                          |Y                                          
---------------------------------------------------------------------------------------
Cell pin lists are equivalent.
Device classes sky130_fd_sc_hd__o21bai_4 and sky130_fd_sc_hd__o21bai_4 are equivalent.

Cell sky130_fd_sc_hd__xor2_4 disconnected node: A
Cell sky130_fd_sc_hd__xor2_4 disconnected node: B
Cell sky130_fd_sc_hd__xor2_4 disconnected node: VGND
Cell sky130_fd_sc_hd__xor2_4 disconnected node: VNB
Cell sky130_fd_sc_hd__xor2_4 disconnected node: VPB
Cell sky130_fd_sc_hd__xor2_4 disconnected node: VPWR
Cell sky130_fd_sc_hd__xor2_4 disconnected node: X
Warning: Equate pins:  cell sky130_fd_sc_hd__xor2_4 has no definition, treated as a black box.

Subcircuit pins:
Circuit 1: sky130_fd_sc_hd__xor2_4         |Circuit 2: sky130_fd_sc_hd__xor2_4         
-------------------------------------------|-------------------------------------------
A                                          |A                                          
B                                          |B                                          
X                                          |X                                          
---------------------------------------------------------------------------------------
Cell pin lists are equivalent.
Device classes sky130_fd_sc_hd__xor2_4 and sky130_fd_sc_hd__xor2_4 are equivalent.

Cell sky130_fd_sc_hd__buf_4 disconnected node: A
Cell sky130_fd_sc_hd__buf_4 disconnected node: VGND
Cell sky130_fd_sc_hd__buf_4 disconnected node: VNB
Cell sky130_fd_sc_hd__buf_4 disconnected node: VPB
Cell sky130_fd_sc_hd__buf_4 disconnected node: VPWR
Cell sky130_fd_sc_hd__buf_4 disconnected node: X
Warning: Equate pins:  cell sky130_fd_sc_hd__buf_4 has no definition, treated as a black box.

Subcircuit pins:
Circuit 1: sky130_fd_sc_hd__buf_4          |Circuit 2: sky130_fd_sc_hd__buf_4          
-------------------------------------------|-------------------------------------------
A                                          |A                                          
X                                          |X                                          
---------------------------------------------------------------------------------------
Cell pin lists are equivalent.
Device classes sky130_fd_sc_hd__buf_4 and sky130_fd_sc_hd__buf_4 are equivalent.

Cell sky130_fd_sc_hd__buf_2 disconnected node: A
Cell sky130_fd_sc_hd__buf_2 disconnected node: VGND
Cell sky130_fd_sc_hd__buf_2 disconnected node: VNB
Cell sky130_fd_sc_hd__buf_2 disconnected node: VPB
Cell sky130_fd_sc_hd__buf_2 disconnected node: VPWR
Cell sky130_fd_sc_hd__buf_2 disconnected node: X
Warning: Equate pins:  cell sky130_fd_sc_hd__buf_2 has no definition, treated as a black box.

Subcircuit pins:
Circuit 1: sky130_fd_sc_hd__buf_2          |Circuit 2: sky130_fd_sc_hd__buf_2          
-------------------------------------------|-------------------------------------------
A                                          |A                                          
X                                          |X                                          
---------------------------------------------------------------------------------------
Cell pin lists are equivalent.
Device classes sky130_fd_sc_hd__buf_2 and sky130_fd_sc_hd__buf_2 are equivalent.

Cell sky130_fd_sc_hd__dfrtp_1 disconnected node: CLK
Cell sky130_fd_sc_hd__dfrtp_1 disconnected node: D
Cell sky130_fd_sc_hd__dfrtp_1 disconnected node: RESET_B
Cell sky130_fd_sc_hd__dfrtp_1 disconnected node: VGND
Cell sky130_fd_sc_hd__dfrtp_1 disconnected node: VNB
Cell sky130_fd_sc_hd__dfrtp_1 disconnected node: VPB
Cell sky130_fd_sc_hd__dfrtp_1 disconnected node: VPWR
Cell sky130_fd_sc_hd__dfrtp_1 disconnected node: Q
Warning: Equate pins:  cell sky130_fd_sc_hd__dfrtp_1 has no definition, treated as a black box.

Subcircuit pins:
Circuit 1: sky130_fd_sc_hd__dfrtp_1        |Circuit 2: sky130_fd_sc_hd__dfrtp_1        
-------------------------------------------|-------------------------------------------
CLK                                        |CLK                                        
D                                          |D                                          
RESET_B                                    |RESET_B                                    
Q                                          |Q                                          
---------------------------------------------------------------------------------------
Cell pin lists are equivalent.
Device classes sky130_fd_sc_hd__dfrtp_1 and sky130_fd_sc_hd__dfrtp_1 are equivalent.

Cell sky130_fd_sc_hd__o21bai_2 disconnected node: A1
Cell sky130_fd_sc_hd__o21bai_2 disconnected node: A2
Cell sky130_fd_sc_hd__o21bai_2 disconnected node: B1_N
Cell sky130_fd_sc_hd__o21bai_2 disconnected node: VGND
Cell sky130_fd_sc_hd__o21bai_2 disconnected node: VNB
Cell sky130_fd_sc_hd__o21bai_2 disconnected node: VPB
Cell sky130_fd_sc_hd__o21bai_2 disconnected node: VPWR
Cell sky130_fd_sc_hd__o21bai_2 disconnected node: Y
Warning: Equate pins:  cell sky130_fd_sc_hd__o21bai_2 has no definition, treated as a black box.

Subcircuit pins:
Circuit 1: sky130_fd_sc_hd__o21bai_2       |Circuit 2: sky130_fd_sc_hd__o21bai_2       
-------------------------------------------|-------------------------------------------
A1                                         |A1                                         
A2                                         |A2                                         
B1_N                                       |B1_N                                       
Y                                          |Y                                          
---------------------------------------------------------------------------------------
Cell pin lists are equivalent.
Device classes sky130_fd_sc_hd__o21bai_2 and sky130_fd_sc_hd__o21bai_2 are equivalent.

Cell sky130_fd_sc_hd__a221oi_2 disconnected node: A1
Cell sky130_fd_sc_hd__a221oi_2 disconnected node: A2
Cell sky130_fd_sc_hd__a221oi_2 disconnected node: B1
Cell sky130_fd_sc_hd__a221oi_2 disconnected node: B2
Cell sky130_fd_sc_hd__a221oi_2 disconnected node: C1
Cell sky130_fd_sc_hd__a221oi_2 disconnected node: VGND
Cell sky130_fd_sc_hd__a221oi_2 disconnected node: VNB
Cell sky130_fd_sc_hd__a221oi_2 disconnected node: VPB
Cell sky130_fd_sc_hd__a221oi_2 disconnected node: VPWR
Cell sky130_fd_sc_hd__a221oi_2 disconnected node: Y
Warning: Equate pins:  cell sky130_fd_sc_hd__a221oi_2 has no definition, treated as a black box.

Subcircuit pins:
Circuit 1: sky130_fd_sc_hd__a221oi_2       |Circuit 2: sky130_fd_sc_hd__a221oi_2       
-------------------------------------------|-------------------------------------------
A1                                         |A1                                         
A2                                         |A2                                         
B1                                         |B1                                         
B2                                         |B2                                         
C1                                         |C1                                         
Y                                          |Y                                          
---------------------------------------------------------------------------------------
Cell pin lists are equivalent.
Device classes sky130_fd_sc_hd__a221oi_2 and sky130_fd_sc_hd__a221oi_2 are equivalent.

Cell sky130_fd_sc_hd__o22ai_2 disconnected node: A1
Cell sky130_fd_sc_hd__o22ai_2 disconnected node: A2
Cell sky130_fd_sc_hd__o22ai_2 disconnected node: B1
Cell sky130_fd_sc_hd__o22ai_2 disconnected node: B2
Cell sky130_fd_sc_hd__o22ai_2 disconnected node: VGND
Cell sky130_fd_sc_hd__o22ai_2 disconnected node: VNB
Cell sky130_fd_sc_hd__o22ai_2 disconnected node: VPB
Cell sky130_fd_sc_hd__o22ai_2 disconnected node: VPWR
Cell sky130_fd_sc_hd__o22ai_2 disconnected node: Y
Warning: Equate pins:  cell sky130_fd_sc_hd__o22ai_2 has no definition, treated as a black box.

Subcircuit pins:
Circuit 1: sky130_fd_sc_hd__o22ai_2        |Circuit 2: sky130_fd_sc_hd__o22ai_2        
-------------------------------------------|-------------------------------------------
A1                                         |A1                                         
A2                                         |A2                                         
B1                                         |B1                                         
B2                                         |B2                                         
Y                                          |Y                                          
---------------------------------------------------------------------------------------
Cell pin lists are equivalent.
Device classes sky130_fd_sc_hd__o22ai_2 and sky130_fd_sc_hd__o22ai_2 are equivalent.

Cell sky130_fd_sc_hd__a21boi_4 disconnected node: A1
Cell sky130_fd_sc_hd__a21boi_4 disconnected node: A2
Cell sky130_fd_sc_hd__a21boi_4 disconnected node: B1_N
Cell sky130_fd_sc_hd__a21boi_4 disconnected node: VGND
Cell sky130_fd_sc_hd__a21boi_4 disconnected node: VNB
Cell sky130_fd_sc_hd__a21boi_4 disconnected node: VPB
Cell sky130_fd_sc_hd__a21boi_4 disconnected node: VPWR
Cell sky130_fd_sc_hd__a21boi_4 disconnected node: Y
Warning: Equate pins:  cell sky130_fd_sc_hd__a21boi_4 has no definition, treated as a black box.

Subcircuit pins:
Circuit 1: sky130_fd_sc_hd__a21boi_4       |Circuit 2: sky130_fd_sc_hd__a21boi_4       
-------------------------------------------|-------------------------------------------
A1                                         |A1                                         
A2                                         |A2                                         
B1_N                                       |B1_N                                       
Y                                          |Y                                          
---------------------------------------------------------------------------------------
Cell pin lists are equivalent.
Device classes sky130_fd_sc_hd__a21boi_4 and sky130_fd_sc_hd__a21boi_4 are equivalent.

Cell sky130_fd_sc_hd__xnor2_1 disconnected node: A
Cell sky130_fd_sc_hd__xnor2_1 disconnected node: B
Cell sky130_fd_sc_hd__xnor2_1 disconnected node: VGND
Cell sky130_fd_sc_hd__xnor2_1 disconnected node: VNB
Cell sky130_fd_sc_hd__xnor2_1 disconnected node: VPB
Cell sky130_fd_sc_hd__xnor2_1 disconnected node: VPWR
Cell sky130_fd_sc_hd__xnor2_1 disconnected node: Y
Warning: Equate pins:  cell sky130_fd_sc_hd__xnor2_1 has no definition, treated as a black box.

Subcircuit pins:
Circuit 1: sky130_fd_sc_hd__xnor2_1        |Circuit 2: sky130_fd_sc_hd__xnor2_1        
-------------------------------------------|-------------------------------------------
A                                          |A                                          
B                                          |B                                          
Y                                          |Y                                          
---------------------------------------------------------------------------------------
Cell pin lists are equivalent.
Device classes sky130_fd_sc_hd__xnor2_1 and sky130_fd_sc_hd__xnor2_1 are equivalent.

Cell sky130_fd_sc_hd__nand2_8 disconnected node: A
Cell sky130_fd_sc_hd__nand2_8 disconnected node: B
Cell sky130_fd_sc_hd__nand2_8 disconnected node: VGND
Cell sky130_fd_sc_hd__nand2_8 disconnected node: VNB
Cell sky130_fd_sc_hd__nand2_8 disconnected node: VPB
Cell sky130_fd_sc_hd__nand2_8 disconnected node: VPWR
Cell sky130_fd_sc_hd__nand2_8 disconnected node: Y
Warning: Equate pins:  cell sky130_fd_sc_hd__nand2_8 has no definition, treated as a black box.

Subcircuit pins:
Circuit 1: sky130_fd_sc_hd__nand2_8        |Circuit 2: sky130_fd_sc_hd__nand2_8        
-------------------------------------------|-------------------------------------------
A                                          |A                                          
B                                          |B                                          
Y                                          |Y                                          
---------------------------------------------------------------------------------------
Cell pin lists are equivalent.
Device classes sky130_fd_sc_hd__nand2_8 and sky130_fd_sc_hd__nand2_8 are equivalent.

Cell sky130_fd_sc_hd__o211ai_4 disconnected node: A1
Cell sky130_fd_sc_hd__o211ai_4 disconnected node: A2
Cell sky130_fd_sc_hd__o211ai_4 disconnected node: B1
Cell sky130_fd_sc_hd__o211ai_4 disconnected node: C1
Cell sky130_fd_sc_hd__o211ai_4 disconnected node: VGND
Cell sky130_fd_sc_hd__o211ai_4 disconnected node: VNB
Cell sky130_fd_sc_hd__o211ai_4 disconnected node: VPB
Cell sky130_fd_sc_hd__o211ai_4 disconnected node: VPWR
Cell sky130_fd_sc_hd__o211ai_4 disconnected node: Y
Warning: Equate pins:  cell sky130_fd_sc_hd__o211ai_4 has no definition, treated as a black box.

Subcircuit pins:
Circuit 1: sky130_fd_sc_hd__o211ai_4       |Circuit 2: sky130_fd_sc_hd__o211ai_4       
-------------------------------------------|-------------------------------------------
A1                                         |A1                                         
A2                                         |A2                                         
B1                                         |B1                                         
C1                                         |C1                                         
Y                                          |Y                                          
---------------------------------------------------------------------------------------
Cell pin lists are equivalent.
Device classes sky130_fd_sc_hd__o211ai_4 and sky130_fd_sc_hd__o211ai_4 are equivalent.

Cell sky130_fd_sc_hd__xnor2_4 disconnected node: A
Cell sky130_fd_sc_hd__xnor2_4 disconnected node: B
Cell sky130_fd_sc_hd__xnor2_4 disconnected node: VGND
Cell sky130_fd_sc_hd__xnor2_4 disconnected node: VNB
Cell sky130_fd_sc_hd__xnor2_4 disconnected node: VPB
Cell sky130_fd_sc_hd__xnor2_4 disconnected node: VPWR
Cell sky130_fd_sc_hd__xnor2_4 disconnected node: Y
Warning: Equate pins:  cell sky130_fd_sc_hd__xnor2_4 has no definition, treated as a black box.

Subcircuit pins:
Circuit 1: sky130_fd_sc_hd__xnor2_4        |Circuit 2: sky130_fd_sc_hd__xnor2_4        
-------------------------------------------|-------------------------------------------
A                                          |A                                          
B                                          |B                                          
Y                                          |Y                                          
---------------------------------------------------------------------------------------
Cell pin lists are equivalent.
Device classes sky130_fd_sc_hd__xnor2_4 and sky130_fd_sc_hd__xnor2_4 are equivalent.

Cell sky130_fd_sc_hd__o2bb2ai_2 disconnected node: A1_N
Cell sky130_fd_sc_hd__o2bb2ai_2 disconnected node: A2_N
Cell sky130_fd_sc_hd__o2bb2ai_2 disconnected node: B1
Cell sky130_fd_sc_hd__o2bb2ai_2 disconnected node: B2
Cell sky130_fd_sc_hd__o2bb2ai_2 disconnected node: VGND
Cell sky130_fd_sc_hd__o2bb2ai_2 disconnected node: VNB
Cell sky130_fd_sc_hd__o2bb2ai_2 disconnected node: VPB
Cell sky130_fd_sc_hd__o2bb2ai_2 disconnected node: VPWR
Cell sky130_fd_sc_hd__o2bb2ai_2 disconnected node: Y
Warning: Equate pins:  cell sky130_fd_sc_hd__o2bb2ai_2 has no definition, treated as a black box.

Subcircuit pins:
Circuit 1: sky130_fd_sc_hd__o2bb2ai_2      |Circuit 2: sky130_fd_sc_hd__o2bb2ai_2      
-------------------------------------------|-------------------------------------------
A1_N                                       |A1_N                                       
A2_N                                       |A2_N                                       
B1                                         |B1                                         
B2                                         |B2                                         
Y                                          |Y                                          
---------------------------------------------------------------------------------------
Cell pin lists are equivalent.
Device classes sky130_fd_sc_hd__o2bb2ai_2 and sky130_fd_sc_hd__o2bb2ai_2 are equivalent.

Cell sky130_fd_sc_hd__nor2b_4 disconnected node: A
Cell sky130_fd_sc_hd__nor2b_4 disconnected node: B_N
Cell sky130_fd_sc_hd__nor2b_4 disconnected node: VGND
Cell sky130_fd_sc_hd__nor2b_4 disconnected node: VNB
Cell sky130_fd_sc_hd__nor2b_4 disconnected node: VPB
Cell sky130_fd_sc_hd__nor2b_4 disconnected node: VPWR
Cell sky130_fd_sc_hd__nor2b_4 disconnected node: Y
Warning: Equate pins:  cell sky130_fd_sc_hd__nor2b_4 has no definition, treated as a black box.

Subcircuit pins:
Circuit 1: sky130_fd_sc_hd__nor2b_4        |Circuit 2: sky130_fd_sc_hd__nor2b_4        
-------------------------------------------|-------------------------------------------
A                                          |A                                          
B_N                                        |B_N                                        
Y                                          |Y                                          
---------------------------------------------------------------------------------------
Cell pin lists are equivalent.
Device classes sky130_fd_sc_hd__nor2b_4 and sky130_fd_sc_hd__nor2b_4 are equivalent.

Cell sky130_fd_sc_hd__or3_1 disconnected node: A
Cell sky130_fd_sc_hd__or3_1 disconnected node: B
Cell sky130_fd_sc_hd__or3_1 disconnected node: C
Cell sky130_fd_sc_hd__or3_1 disconnected node: VGND
Cell sky130_fd_sc_hd__or3_1 disconnected node: VNB
Cell sky130_fd_sc_hd__or3_1 disconnected node: VPB
Cell sky130_fd_sc_hd__or3_1 disconnected node: VPWR
Cell sky130_fd_sc_hd__or3_1 disconnected node: X
Warning: Equate pins:  cell sky130_fd_sc_hd__or3_1 has no definition, treated as a black box.

Subcircuit pins:
Circuit 1: sky130_fd_sc_hd__or3_1          |Circuit 2: sky130_fd_sc_hd__or3_1          
-------------------------------------------|-------------------------------------------
A                                          |A                                          
B                                          |B                                          
C                                          |C                                          
X                                          |X                                          
---------------------------------------------------------------------------------------
Cell pin lists are equivalent.
Device classes sky130_fd_sc_hd__or3_1 and sky130_fd_sc_hd__or3_1 are equivalent.

Cell sky130_fd_sc_hd__and2_4 disconnected node: A
Cell sky130_fd_sc_hd__and2_4 disconnected node: B
Cell sky130_fd_sc_hd__and2_4 disconnected node: VGND
Cell sky130_fd_sc_hd__and2_4 disconnected node: VNB
Cell sky130_fd_sc_hd__and2_4 disconnected node: VPB
Cell sky130_fd_sc_hd__and2_4 disconnected node: VPWR
Cell sky130_fd_sc_hd__and2_4 disconnected node: X
Warning: Equate pins:  cell sky130_fd_sc_hd__and2_4 has no definition, treated as a black box.

Subcircuit pins:
Circuit 1: sky130_fd_sc_hd__and2_4         |Circuit 2: sky130_fd_sc_hd__and2_4         
-------------------------------------------|-------------------------------------------
A                                          |A                                          
B                                          |B                                          
X                                          |X                                          
---------------------------------------------------------------------------------------
Cell pin lists are equivalent.
Device classes sky130_fd_sc_hd__and2_4 and sky130_fd_sc_hd__and2_4 are equivalent.

Cell sky130_fd_sc_hd__a22oi_4 disconnected node: A1
Cell sky130_fd_sc_hd__a22oi_4 disconnected node: A2
Cell sky130_fd_sc_hd__a22oi_4 disconnected node: B1
Cell sky130_fd_sc_hd__a22oi_4 disconnected node: B2
Cell sky130_fd_sc_hd__a22oi_4 disconnected node: VGND
Cell sky130_fd_sc_hd__a22oi_4 disconnected node: VNB
Cell sky130_fd_sc_hd__a22oi_4 disconnected node: VPB
Cell sky130_fd_sc_hd__a22oi_4 disconnected node: VPWR
Cell sky130_fd_sc_hd__a22oi_4 disconnected node: Y
Warning: Equate pins:  cell sky130_fd_sc_hd__a22oi_4 has no definition, treated as a black box.

Subcircuit pins:
Circuit 1: sky130_fd_sc_hd__a22oi_4        |Circuit 2: sky130_fd_sc_hd__a22oi_4        
-------------------------------------------|-------------------------------------------
A1                                         |A1                                         
A2                                         |A2                                         
B1                                         |B1                                         
B2                                         |B2                                         
Y                                          |Y                                          
---------------------------------------------------------------------------------------
Cell pin lists are equivalent.
Device classes sky130_fd_sc_hd__a22oi_4 and sky130_fd_sc_hd__a22oi_4 are equivalent.

Cell sky130_fd_sc_hd__o22a_1 disconnected node: A1
Cell sky130_fd_sc_hd__o22a_1 disconnected node: A2
Cell sky130_fd_sc_hd__o22a_1 disconnected node: B1
Cell sky130_fd_sc_hd__o22a_1 disconnected node: B2
Cell sky130_fd_sc_hd__o22a_1 disconnected node: VGND
Cell sky130_fd_sc_hd__o22a_1 disconnected node: VNB
Cell sky130_fd_sc_hd__o22a_1 disconnected node: VPB
Cell sky130_fd_sc_hd__o22a_1 disconnected node: VPWR
Cell sky130_fd_sc_hd__o22a_1 disconnected node: X
Warning: Equate pins:  cell sky130_fd_sc_hd__o22a_1 has no definition, treated as a black box.

Subcircuit pins:
Circuit 1: sky130_fd_sc_hd__o22a_1         |Circuit 2: sky130_fd_sc_hd__o22a_1         
-------------------------------------------|-------------------------------------------
A1                                         |A1                                         
A2                                         |A2                                         
B1                                         |B1                                         
B2                                         |B2                                         
X                                          |X                                          
---------------------------------------------------------------------------------------
Cell pin lists are equivalent.
Device classes sky130_fd_sc_hd__o22a_1 and sky130_fd_sc_hd__o22a_1 are equivalent.

Cell sky130_fd_sc_hd__a2bb2o_1 disconnected node: A1_N
Cell sky130_fd_sc_hd__a2bb2o_1 disconnected node: A2_N
Cell sky130_fd_sc_hd__a2bb2o_1 disconnected node: B1
Cell sky130_fd_sc_hd__a2bb2o_1 disconnected node: B2
Cell sky130_fd_sc_hd__a2bb2o_1 disconnected node: VGND
Cell sky130_fd_sc_hd__a2bb2o_1 disconnected node: VNB
Cell sky130_fd_sc_hd__a2bb2o_1 disconnected node: VPB
Cell sky130_fd_sc_hd__a2bb2o_1 disconnected node: VPWR
Cell sky130_fd_sc_hd__a2bb2o_1 disconnected node: X
Warning: Equate pins:  cell sky130_fd_sc_hd__a2bb2o_1 has no definition, treated as a black box.

Subcircuit pins:
Circuit 1: sky130_fd_sc_hd__a2bb2o_1       |Circuit 2: sky130_fd_sc_hd__a2bb2o_1       
-------------------------------------------|-------------------------------------------
A1_N                                       |A1_N                                       
A2_N                                       |A2_N                                       
B1                                         |B1                                         
B2                                         |B2                                         
X                                          |X                                          
---------------------------------------------------------------------------------------
Cell pin lists are equivalent.
Device classes sky130_fd_sc_hd__a2bb2o_1 and sky130_fd_sc_hd__a2bb2o_1 are equivalent.

Cell sky130_fd_sc_hd__a21bo_2 disconnected node: A1
Cell sky130_fd_sc_hd__a21bo_2 disconnected node: A2
Cell sky130_fd_sc_hd__a21bo_2 disconnected node: B1_N
Cell sky130_fd_sc_hd__a21bo_2 disconnected node: VGND
Cell sky130_fd_sc_hd__a21bo_2 disconnected node: VNB
Cell sky130_fd_sc_hd__a21bo_2 disconnected node: VPB
Cell sky130_fd_sc_hd__a21bo_2 disconnected node: VPWR
Cell sky130_fd_sc_hd__a21bo_2 disconnected node: X
Warning: Equate pins:  cell sky130_fd_sc_hd__a21bo_2 has no definition, treated as a black box.

Subcircuit pins:
Circuit 1: sky130_fd_sc_hd__a21bo_2        |Circuit 2: sky130_fd_sc_hd__a21bo_2        
-------------------------------------------|-------------------------------------------
A1                                         |A1                                         
A2                                         |A2                                         
B1_N                                       |B1_N                                       
X                                          |X                                          
---------------------------------------------------------------------------------------
Cell pin lists are equivalent.
Device classes sky130_fd_sc_hd__a21bo_2 and sky130_fd_sc_hd__a21bo_2 are equivalent.

Cell sky130_fd_sc_hd__clkinv_8 disconnected node: A
Cell sky130_fd_sc_hd__clkinv_8 disconnected node: VGND
Cell sky130_fd_sc_hd__clkinv_8 disconnected node: VNB
Cell sky130_fd_sc_hd__clkinv_8 disconnected node: VPB
Cell sky130_fd_sc_hd__clkinv_8 disconnected node: VPWR
Cell sky130_fd_sc_hd__clkinv_8 disconnected node: Y
Warning: Equate pins:  cell sky130_fd_sc_hd__clkinv_8 has no definition, treated as a black box.

Subcircuit pins:
Circuit 1: sky130_fd_sc_hd__clkinv_8       |Circuit 2: sky130_fd_sc_hd__clkinv_8       
-------------------------------------------|-------------------------------------------
A                                          |A                                          
Y                                          |Y                                          
---------------------------------------------------------------------------------------
Cell pin lists are equivalent.
Device classes sky130_fd_sc_hd__clkinv_8 and sky130_fd_sc_hd__clkinv_8 are equivalent.

Cell sky130_fd_sc_hd__or2_4 disconnected node: A
Cell sky130_fd_sc_hd__or2_4 disconnected node: B
Cell sky130_fd_sc_hd__or2_4 disconnected node: VGND
Cell sky130_fd_sc_hd__or2_4 disconnected node: VNB
Cell sky130_fd_sc_hd__or2_4 disconnected node: VPB
Cell sky130_fd_sc_hd__or2_4 disconnected node: VPWR
Cell sky130_fd_sc_hd__or2_4 disconnected node: X
Warning: Equate pins:  cell sky130_fd_sc_hd__or2_4 has no definition, treated as a black box.

Subcircuit pins:
Circuit 1: sky130_fd_sc_hd__or2_4          |Circuit 2: sky130_fd_sc_hd__or2_4          
-------------------------------------------|-------------------------------------------
A                                          |A                                          
B                                          |B                                          
X                                          |X                                          
---------------------------------------------------------------------------------------
Cell pin lists are equivalent.
Device classes sky130_fd_sc_hd__or2_4 and sky130_fd_sc_hd__or2_4 are equivalent.

Cell sky130_fd_sc_hd__xor2_2 disconnected node: A
Cell sky130_fd_sc_hd__xor2_2 disconnected node: B
Cell sky130_fd_sc_hd__xor2_2 disconnected node: VGND
Cell sky130_fd_sc_hd__xor2_2 disconnected node: VNB
Cell sky130_fd_sc_hd__xor2_2 disconnected node: VPB
Cell sky130_fd_sc_hd__xor2_2 disconnected node: VPWR
Cell sky130_fd_sc_hd__xor2_2 disconnected node: X
Warning: Equate pins:  cell sky130_fd_sc_hd__xor2_2 has no definition, treated as a black box.

Subcircuit pins:
Circuit 1: sky130_fd_sc_hd__xor2_2         |Circuit 2: sky130_fd_sc_hd__xor2_2         
-------------------------------------------|-------------------------------------------
A                                          |A                                          
B                                          |B                                          
X                                          |X                                          
---------------------------------------------------------------------------------------
Cell pin lists are equivalent.
Device classes sky130_fd_sc_hd__xor2_2 and sky130_fd_sc_hd__xor2_2 are equivalent.

Cell sky130_fd_sc_hd__a211o_2 disconnected node: A1
Cell sky130_fd_sc_hd__a211o_2 disconnected node: A2
Cell sky130_fd_sc_hd__a211o_2 disconnected node: B1
Cell sky130_fd_sc_hd__a211o_2 disconnected node: C1
Cell sky130_fd_sc_hd__a211o_2 disconnected node: VGND
Cell sky130_fd_sc_hd__a211o_2 disconnected node: VNB
Cell sky130_fd_sc_hd__a211o_2 disconnected node: VPB
Cell sky130_fd_sc_hd__a211o_2 disconnected node: VPWR
Cell sky130_fd_sc_hd__a211o_2 disconnected node: X
Warning: Equate pins:  cell sky130_fd_sc_hd__a211o_2 has no definition, treated as a black box.

Subcircuit pins:
Circuit 1: sky130_fd_sc_hd__a211o_2        |Circuit 2: sky130_fd_sc_hd__a211o_2        
-------------------------------------------|-------------------------------------------
A1                                         |A1                                         
A2                                         |A2                                         
B1                                         |B1                                         
C1                                         |C1                                         
X                                          |X                                          
---------------------------------------------------------------------------------------
Cell pin lists are equivalent.
Device classes sky130_fd_sc_hd__a211o_2 and sky130_fd_sc_hd__a211o_2 are equivalent.

Cell sky130_fd_sc_hd__a21boi_2 disconnected node: A1
Cell sky130_fd_sc_hd__a21boi_2 disconnected node: A2
Cell sky130_fd_sc_hd__a21boi_2 disconnected node: B1_N
Cell sky130_fd_sc_hd__a21boi_2 disconnected node: VGND
Cell sky130_fd_sc_hd__a21boi_2 disconnected node: VNB
Cell sky130_fd_sc_hd__a21boi_2 disconnected node: VPB
Cell sky130_fd_sc_hd__a21boi_2 disconnected node: VPWR
Cell sky130_fd_sc_hd__a21boi_2 disconnected node: Y
Warning: Equate pins:  cell sky130_fd_sc_hd__a21boi_2 has no definition, treated as a black box.

Subcircuit pins:
Circuit 1: sky130_fd_sc_hd__a21boi_2       |Circuit 2: sky130_fd_sc_hd__a21boi_2       
-------------------------------------------|-------------------------------------------
A1                                         |A1                                         
A2                                         |A2                                         
B1_N                                       |B1_N                                       
Y                                          |Y                                          
---------------------------------------------------------------------------------------
Cell pin lists are equivalent.
Device classes sky130_fd_sc_hd__a21boi_2 and sky130_fd_sc_hd__a21boi_2 are equivalent.

Cell sky130_fd_sc_hd__nand3_1 disconnected node: A
Cell sky130_fd_sc_hd__nand3_1 disconnected node: B
Cell sky130_fd_sc_hd__nand3_1 disconnected node: C
Cell sky130_fd_sc_hd__nand3_1 disconnected node: VGND
Cell sky130_fd_sc_hd__nand3_1 disconnected node: VNB
Cell sky130_fd_sc_hd__nand3_1 disconnected node: VPB
Cell sky130_fd_sc_hd__nand3_1 disconnected node: VPWR
Cell sky130_fd_sc_hd__nand3_1 disconnected node: Y
Warning: Equate pins:  cell sky130_fd_sc_hd__nand3_1 has no definition, treated as a black box.

Subcircuit pins:
Circuit 1: sky130_fd_sc_hd__nand3_1        |Circuit 2: sky130_fd_sc_hd__nand3_1        
-------------------------------------------|-------------------------------------------
A                                          |A                                          
B                                          |B                                          
C                                          |C                                          
Y                                          |Y                                          
---------------------------------------------------------------------------------------
Cell pin lists are equivalent.
Device classes sky130_fd_sc_hd__nand3_1 and sky130_fd_sc_hd__nand3_1 are equivalent.

Cell sky130_fd_sc_hd__clkbuf_16 disconnected node: A
Cell sky130_fd_sc_hd__clkbuf_16 disconnected node: VGND
Cell sky130_fd_sc_hd__clkbuf_16 disconnected node: VNB
Cell sky130_fd_sc_hd__clkbuf_16 disconnected node: VPB
Cell sky130_fd_sc_hd__clkbuf_16 disconnected node: VPWR
Cell sky130_fd_sc_hd__clkbuf_16 disconnected node: X
Warning: Equate pins:  cell sky130_fd_sc_hd__clkbuf_16 has no definition, treated as a black box.

Subcircuit pins:
Circuit 1: sky130_fd_sc_hd__clkbuf_16      |Circuit 2: sky130_fd_sc_hd__clkbuf_16      
-------------------------------------------|-------------------------------------------
A                                          |A                                          
X                                          |X                                          
---------------------------------------------------------------------------------------
Cell pin lists are equivalent.
Device classes sky130_fd_sc_hd__clkbuf_16 and sky130_fd_sc_hd__clkbuf_16 are equivalent.

Cell sky130_fd_sc_hd__buf_8 disconnected node: A
Cell sky130_fd_sc_hd__buf_8 disconnected node: VGND
Cell sky130_fd_sc_hd__buf_8 disconnected node: VNB
Cell sky130_fd_sc_hd__buf_8 disconnected node: VPB
Cell sky130_fd_sc_hd__buf_8 disconnected node: VPWR
Cell sky130_fd_sc_hd__buf_8 disconnected node: X
Warning: Equate pins:  cell sky130_fd_sc_hd__buf_8 has no definition, treated as a black box.

Subcircuit pins:
Circuit 1: sky130_fd_sc_hd__buf_8          |Circuit 2: sky130_fd_sc_hd__buf_8          
-------------------------------------------|-------------------------------------------
A                                          |A                                          
X                                          |X                                          
---------------------------------------------------------------------------------------
Cell pin lists are equivalent.
Device classes sky130_fd_sc_hd__buf_8 and sky130_fd_sc_hd__buf_8 are equivalent.

Cell sky130_fd_sc_hd__nand3b_1 disconnected node: A_N
Cell sky130_fd_sc_hd__nand3b_1 disconnected node: B
Cell sky130_fd_sc_hd__nand3b_1 disconnected node: C
Cell sky130_fd_sc_hd__nand3b_1 disconnected node: VGND
Cell sky130_fd_sc_hd__nand3b_1 disconnected node: VNB
Cell sky130_fd_sc_hd__nand3b_1 disconnected node: VPB
Cell sky130_fd_sc_hd__nand3b_1 disconnected node: VPWR
Cell sky130_fd_sc_hd__nand3b_1 disconnected node: Y
Warning: Equate pins:  cell sky130_fd_sc_hd__nand3b_1 has no definition, treated as a black box.

Subcircuit pins:
Circuit 1: sky130_fd_sc_hd__nand3b_1       |Circuit 2: sky130_fd_sc_hd__nand3b_1       
-------------------------------------------|-------------------------------------------
A_N                                        |A_N                                        
B                                          |B                                          
C                                          |C                                          
Y                                          |Y                                          
---------------------------------------------------------------------------------------
Cell pin lists are equivalent.
Device classes sky130_fd_sc_hd__nand3b_1 and sky130_fd_sc_hd__nand3b_1 are equivalent.

Cell sky130_fd_sc_hd__o31ai_2 disconnected node: A1
Cell sky130_fd_sc_hd__o31ai_2 disconnected node: A2
Cell sky130_fd_sc_hd__o31ai_2 disconnected node: A3
Cell sky130_fd_sc_hd__o31ai_2 disconnected node: B1
Cell sky130_fd_sc_hd__o31ai_2 disconnected node: VGND
Cell sky130_fd_sc_hd__o31ai_2 disconnected node: VNB
Cell sky130_fd_sc_hd__o31ai_2 disconnected node: VPB
Cell sky130_fd_sc_hd__o31ai_2 disconnected node: VPWR
Cell sky130_fd_sc_hd__o31ai_2 disconnected node: Y
Warning: Equate pins:  cell sky130_fd_sc_hd__o31ai_2 has no definition, treated as a black box.

Subcircuit pins:
Circuit 1: sky130_fd_sc_hd__o31ai_2        |Circuit 2: sky130_fd_sc_hd__o31ai_2        
-------------------------------------------|-------------------------------------------
A1                                         |A1                                         
A2                                         |A2                                         
A3                                         |A3                                         
B1                                         |B1                                         
Y                                          |Y                                          
---------------------------------------------------------------------------------------
Cell pin lists are equivalent.
Device classes sky130_fd_sc_hd__o31ai_2 and sky130_fd_sc_hd__o31ai_2 are equivalent.

Cell sky130_fd_sc_hd__o2111ai_4 disconnected node: A1
Cell sky130_fd_sc_hd__o2111ai_4 disconnected node: A2
Cell sky130_fd_sc_hd__o2111ai_4 disconnected node: B1
Cell sky130_fd_sc_hd__o2111ai_4 disconnected node: C1
Cell sky130_fd_sc_hd__o2111ai_4 disconnected node: D1
Cell sky130_fd_sc_hd__o2111ai_4 disconnected node: VGND
Cell sky130_fd_sc_hd__o2111ai_4 disconnected node: VNB
Cell sky130_fd_sc_hd__o2111ai_4 disconnected node: VPB
Cell sky130_fd_sc_hd__o2111ai_4 disconnected node: VPWR
Cell sky130_fd_sc_hd__o2111ai_4 disconnected node: Y
Warning: Equate pins:  cell sky130_fd_sc_hd__o2111ai_4 has no definition, treated as a black box.

Subcircuit pins:
Circuit 1: sky130_fd_sc_hd__o2111ai_4      |Circuit 2: sky130_fd_sc_hd__o2111ai_4      
-------------------------------------------|-------------------------------------------
A1                                         |A1                                         
A2                                         |A2                                         
B1                                         |B1                                         
C1                                         |C1                                         
D1                                         |D1                                         
Y                                          |Y                                          
---------------------------------------------------------------------------------------
Cell pin lists are equivalent.
Device classes sky130_fd_sc_hd__o2111ai_4 and sky130_fd_sc_hd__o2111ai_4 are equivalent.

Cell sky130_fd_sc_hd__o211a_1 disconnected node: A1
Cell sky130_fd_sc_hd__o211a_1 disconnected node: A2
Cell sky130_fd_sc_hd__o211a_1 disconnected node: B1
Cell sky130_fd_sc_hd__o211a_1 disconnected node: C1
Cell sky130_fd_sc_hd__o211a_1 disconnected node: VGND
Cell sky130_fd_sc_hd__o211a_1 disconnected node: VNB
Cell sky130_fd_sc_hd__o211a_1 disconnected node: VPB
Cell sky130_fd_sc_hd__o211a_1 disconnected node: VPWR
Cell sky130_fd_sc_hd__o211a_1 disconnected node: X
Warning: Equate pins:  cell sky130_fd_sc_hd__o211a_1 has no definition, treated as a black box.

Subcircuit pins:
Circuit 1: sky130_fd_sc_hd__o211a_1        |Circuit 2: sky130_fd_sc_hd__o211a_1        
-------------------------------------------|-------------------------------------------
A1                                         |A1                                         
A2                                         |A2                                         
B1                                         |B1                                         
C1                                         |C1                                         
X                                          |X                                          
---------------------------------------------------------------------------------------
Cell pin lists are equivalent.
Device classes sky130_fd_sc_hd__o211a_1 and sky130_fd_sc_hd__o211a_1 are equivalent.

Cell sky130_fd_sc_hd__o21bai_1 disconnected node: A1
Cell sky130_fd_sc_hd__o21bai_1 disconnected node: A2
Cell sky130_fd_sc_hd__o21bai_1 disconnected node: B1_N
Cell sky130_fd_sc_hd__o21bai_1 disconnected node: VGND
Cell sky130_fd_sc_hd__o21bai_1 disconnected node: VNB
Cell sky130_fd_sc_hd__o21bai_1 disconnected node: VPB
Cell sky130_fd_sc_hd__o21bai_1 disconnected node: VPWR
Cell sky130_fd_sc_hd__o21bai_1 disconnected node: Y
Warning: Equate pins:  cell sky130_fd_sc_hd__o21bai_1 has no definition, treated as a black box.

Subcircuit pins:
Circuit 1: sky130_fd_sc_hd__o21bai_1       |Circuit 2: sky130_fd_sc_hd__o21bai_1       
-------------------------------------------|-------------------------------------------
A1                                         |A1                                         
A2                                         |A2                                         
B1_N                                       |B1_N                                       
Y                                          |Y                                          
---------------------------------------------------------------------------------------
Cell pin lists are equivalent.
Device classes sky130_fd_sc_hd__o21bai_1 and sky130_fd_sc_hd__o21bai_1 are equivalent.

Cell sky130_fd_sc_hd__mux2_8 disconnected node: A0
Cell sky130_fd_sc_hd__mux2_8 disconnected node: A1
Cell sky130_fd_sc_hd__mux2_8 disconnected node: S
Cell sky130_fd_sc_hd__mux2_8 disconnected node: VGND
Cell sky130_fd_sc_hd__mux2_8 disconnected node: VNB
Cell sky130_fd_sc_hd__mux2_8 disconnected node: VPB
Cell sky130_fd_sc_hd__mux2_8 disconnected node: VPWR
Cell sky130_fd_sc_hd__mux2_8 disconnected node: X
Warning: Equate pins:  cell sky130_fd_sc_hd__mux2_8 has no definition, treated as a black box.

Subcircuit pins:
Circuit 1: sky130_fd_sc_hd__mux2_8         |Circuit 2: sky130_fd_sc_hd__mux2_8         
-------------------------------------------|-------------------------------------------
A0                                         |A0                                         
A1                                         |A1                                         
S                                          |S                                          
X                                          |X                                          
---------------------------------------------------------------------------------------
Cell pin lists are equivalent.
Device classes sky130_fd_sc_hd__mux2_8 and sky130_fd_sc_hd__mux2_8 are equivalent.

Cell sky130_fd_sc_hd__nand3b_2 disconnected node: A_N
Cell sky130_fd_sc_hd__nand3b_2 disconnected node: B
Cell sky130_fd_sc_hd__nand3b_2 disconnected node: C
Cell sky130_fd_sc_hd__nand3b_2 disconnected node: VGND
Cell sky130_fd_sc_hd__nand3b_2 disconnected node: VNB
Cell sky130_fd_sc_hd__nand3b_2 disconnected node: VPB
Cell sky130_fd_sc_hd__nand3b_2 disconnected node: VPWR
Cell sky130_fd_sc_hd__nand3b_2 disconnected node: Y
Warning: Equate pins:  cell sky130_fd_sc_hd__nand3b_2 has no definition, treated as a black box.

Subcircuit pins:
Circuit 1: sky130_fd_sc_hd__nand3b_2       |Circuit 2: sky130_fd_sc_hd__nand3b_2       
-------------------------------------------|-------------------------------------------
A_N                                        |A_N                                        
B                                          |B                                          
C                                          |C                                          
Y                                          |Y                                          
---------------------------------------------------------------------------------------
Cell pin lists are equivalent.
Device classes sky130_fd_sc_hd__nand3b_2 and sky130_fd_sc_hd__nand3b_2 are equivalent.

Cell sky130_fd_sc_hd__a221o_1 disconnected node: A1
Cell sky130_fd_sc_hd__a221o_1 disconnected node: A2
Cell sky130_fd_sc_hd__a221o_1 disconnected node: B1
Cell sky130_fd_sc_hd__a221o_1 disconnected node: B2
Cell sky130_fd_sc_hd__a221o_1 disconnected node: C1
Cell sky130_fd_sc_hd__a221o_1 disconnected node: VGND
Cell sky130_fd_sc_hd__a221o_1 disconnected node: VNB
Cell sky130_fd_sc_hd__a221o_1 disconnected node: VPB
Cell sky130_fd_sc_hd__a221o_1 disconnected node: VPWR
Cell sky130_fd_sc_hd__a221o_1 disconnected node: X
Warning: Equate pins:  cell sky130_fd_sc_hd__a221o_1 has no definition, treated as a black box.

Subcircuit pins:
Circuit 1: sky130_fd_sc_hd__a221o_1        |Circuit 2: sky130_fd_sc_hd__a221o_1        
-------------------------------------------|-------------------------------------------
A1                                         |A1                                         
A2                                         |A2                                         
B1                                         |B1                                         
B2                                         |B2                                         
C1                                         |C1                                         
X                                          |X                                          
---------------------------------------------------------------------------------------
Cell pin lists are equivalent.
Device classes sky130_fd_sc_hd__a221o_1 and sky130_fd_sc_hd__a221o_1 are equivalent.

Cell sky130_fd_sc_hd__or2b_2 disconnected node: A
Cell sky130_fd_sc_hd__or2b_2 disconnected node: B_N
Cell sky130_fd_sc_hd__or2b_2 disconnected node: VGND
Cell sky130_fd_sc_hd__or2b_2 disconnected node: VNB
Cell sky130_fd_sc_hd__or2b_2 disconnected node: VPB
Cell sky130_fd_sc_hd__or2b_2 disconnected node: VPWR
Cell sky130_fd_sc_hd__or2b_2 disconnected node: X
Warning: Equate pins:  cell sky130_fd_sc_hd__or2b_2 has no definition, treated as a black box.

Subcircuit pins:
Circuit 1: sky130_fd_sc_hd__or2b_2         |Circuit 2: sky130_fd_sc_hd__or2b_2         
-------------------------------------------|-------------------------------------------
A                                          |A                                          
B_N                                        |B_N                                        
X                                          |X                                          
---------------------------------------------------------------------------------------
Cell pin lists are equivalent.
Device classes sky130_fd_sc_hd__or2b_2 and sky130_fd_sc_hd__or2b_2 are equivalent.

Cell sky130_fd_sc_hd__o211ai_2 disconnected node: A1
Cell sky130_fd_sc_hd__o211ai_2 disconnected node: A2
Cell sky130_fd_sc_hd__o211ai_2 disconnected node: B1
Cell sky130_fd_sc_hd__o211ai_2 disconnected node: C1
Cell sky130_fd_sc_hd__o211ai_2 disconnected node: VGND
Cell sky130_fd_sc_hd__o211ai_2 disconnected node: VNB
Cell sky130_fd_sc_hd__o211ai_2 disconnected node: VPB
Cell sky130_fd_sc_hd__o211ai_2 disconnected node: VPWR
Cell sky130_fd_sc_hd__o211ai_2 disconnected node: Y
Warning: Equate pins:  cell sky130_fd_sc_hd__o211ai_2 has no definition, treated as a black box.

Subcircuit pins:
Circuit 1: sky130_fd_sc_hd__o211ai_2       |Circuit 2: sky130_fd_sc_hd__o211ai_2       
-------------------------------------------|-------------------------------------------
A1                                         |A1                                         
A2                                         |A2                                         
B1                                         |B1                                         
C1                                         |C1                                         
Y                                          |Y                                          
---------------------------------------------------------------------------------------
Cell pin lists are equivalent.
Device classes sky130_fd_sc_hd__o211ai_2 and sky130_fd_sc_hd__o211ai_2 are equivalent.

Cell sky130_fd_sc_hd__a21o_4 disconnected node: A1
Cell sky130_fd_sc_hd__a21o_4 disconnected node: A2
Cell sky130_fd_sc_hd__a21o_4 disconnected node: B1
Cell sky130_fd_sc_hd__a21o_4 disconnected node: VGND
Cell sky130_fd_sc_hd__a21o_4 disconnected node: VNB
Cell sky130_fd_sc_hd__a21o_4 disconnected node: VPB
Cell sky130_fd_sc_hd__a21o_4 disconnected node: VPWR
Cell sky130_fd_sc_hd__a21o_4 disconnected node: X
Warning: Equate pins:  cell sky130_fd_sc_hd__a21o_4 has no definition, treated as a black box.

Subcircuit pins:
Circuit 1: sky130_fd_sc_hd__a21o_4         |Circuit 2: sky130_fd_sc_hd__a21o_4         
-------------------------------------------|-------------------------------------------
A1                                         |A1                                         
A2                                         |A2                                         
B1                                         |B1                                         
X                                          |X                                          
---------------------------------------------------------------------------------------
Cell pin lists are equivalent.
Device classes sky130_fd_sc_hd__a21o_4 and sky130_fd_sc_hd__a21o_4 are equivalent.

Cell sky130_fd_sc_hd__buf_1 disconnected node: A
Cell sky130_fd_sc_hd__buf_1 disconnected node: VGND
Cell sky130_fd_sc_hd__buf_1 disconnected node: VNB
Cell sky130_fd_sc_hd__buf_1 disconnected node: VPB
Cell sky130_fd_sc_hd__buf_1 disconnected node: VPWR
Cell sky130_fd_sc_hd__buf_1 disconnected node: X
Warning: Equate pins:  cell sky130_fd_sc_hd__buf_1 has no definition, treated as a black box.

Subcircuit pins:
Circuit 1: sky130_fd_sc_hd__buf_1          |Circuit 2: sky130_fd_sc_hd__buf_1          
-------------------------------------------|-------------------------------------------
A                                          |A                                          
X                                          |X                                          
---------------------------------------------------------------------------------------
Cell pin lists are equivalent.
Device classes sky130_fd_sc_hd__buf_1 and sky130_fd_sc_hd__buf_1 are equivalent.

Cell sky130_fd_sc_hd__a22o_4 disconnected node: A1
Cell sky130_fd_sc_hd__a22o_4 disconnected node: A2
Cell sky130_fd_sc_hd__a22o_4 disconnected node: B1
Cell sky130_fd_sc_hd__a22o_4 disconnected node: B2
Cell sky130_fd_sc_hd__a22o_4 disconnected node: VGND
Cell sky130_fd_sc_hd__a22o_4 disconnected node: VNB
Cell sky130_fd_sc_hd__a22o_4 disconnected node: VPB
Cell sky130_fd_sc_hd__a22o_4 disconnected node: VPWR
Cell sky130_fd_sc_hd__a22o_4 disconnected node: X
Warning: Equate pins:  cell sky130_fd_sc_hd__a22o_4 has no definition, treated as a black box.

Subcircuit pins:
Circuit 1: sky130_fd_sc_hd__a22o_4         |Circuit 2: sky130_fd_sc_hd__a22o_4         
-------------------------------------------|-------------------------------------------
A1                                         |A1                                         
A2                                         |A2                                         
B1                                         |B1                                         
B2                                         |B2                                         
X                                          |X                                          
---------------------------------------------------------------------------------------
Cell pin lists are equivalent.
Device classes sky130_fd_sc_hd__a22o_4 and sky130_fd_sc_hd__a22o_4 are equivalent.

Cell sky130_fd_sc_hd__o2111a_4 disconnected node: A1
Cell sky130_fd_sc_hd__o2111a_4 disconnected node: A2
Cell sky130_fd_sc_hd__o2111a_4 disconnected node: B1
Cell sky130_fd_sc_hd__o2111a_4 disconnected node: C1
Cell sky130_fd_sc_hd__o2111a_4 disconnected node: D1
Cell sky130_fd_sc_hd__o2111a_4 disconnected node: VGND
Cell sky130_fd_sc_hd__o2111a_4 disconnected node: VNB
Cell sky130_fd_sc_hd__o2111a_4 disconnected node: VPB
Cell sky130_fd_sc_hd__o2111a_4 disconnected node: VPWR
Cell sky130_fd_sc_hd__o2111a_4 disconnected node: X
Warning: Equate pins:  cell sky130_fd_sc_hd__o2111a_4 has no definition, treated as a black box.

Subcircuit pins:
Circuit 1: sky130_fd_sc_hd__o2111a_4       |Circuit 2: sky130_fd_sc_hd__o2111a_4       
-------------------------------------------|-------------------------------------------
A1                                         |A1                                         
A2                                         |A2                                         
B1                                         |B1                                         
C1                                         |C1                                         
D1                                         |D1                                         
X                                          |X                                          
---------------------------------------------------------------------------------------
Cell pin lists are equivalent.
Device classes sky130_fd_sc_hd__o2111a_4 and sky130_fd_sc_hd__o2111a_4 are equivalent.

Cell sky130_fd_sc_hd__a31oi_2 disconnected node: A1
Cell sky130_fd_sc_hd__a31oi_2 disconnected node: A2
Cell sky130_fd_sc_hd__a31oi_2 disconnected node: A3
Cell sky130_fd_sc_hd__a31oi_2 disconnected node: B1
Cell sky130_fd_sc_hd__a31oi_2 disconnected node: VGND
Cell sky130_fd_sc_hd__a31oi_2 disconnected node: VNB
Cell sky130_fd_sc_hd__a31oi_2 disconnected node: VPB
Cell sky130_fd_sc_hd__a31oi_2 disconnected node: VPWR
Cell sky130_fd_sc_hd__a31oi_2 disconnected node: Y
Warning: Equate pins:  cell sky130_fd_sc_hd__a31oi_2 has no definition, treated as a black box.

Subcircuit pins:
Circuit 1: sky130_fd_sc_hd__a31oi_2        |Circuit 2: sky130_fd_sc_hd__a31oi_2        
-------------------------------------------|-------------------------------------------
A1                                         |A1                                         
A2                                         |A2                                         
A3                                         |A3                                         
B1                                         |B1                                         
Y                                          |Y                                          
---------------------------------------------------------------------------------------
Cell pin lists are equivalent.
Device classes sky130_fd_sc_hd__a31oi_2 and sky130_fd_sc_hd__a31oi_2 are equivalent.

Cell sky130_fd_sc_hd__nor3_4 disconnected node: A
Cell sky130_fd_sc_hd__nor3_4 disconnected node: B
Cell sky130_fd_sc_hd__nor3_4 disconnected node: C
Cell sky130_fd_sc_hd__nor3_4 disconnected node: VGND
Cell sky130_fd_sc_hd__nor3_4 disconnected node: VNB
Cell sky130_fd_sc_hd__nor3_4 disconnected node: VPB
Cell sky130_fd_sc_hd__nor3_4 disconnected node: VPWR
Cell sky130_fd_sc_hd__nor3_4 disconnected node: Y
Warning: Equate pins:  cell sky130_fd_sc_hd__nor3_4 has no definition, treated as a black box.

Subcircuit pins:
Circuit 1: sky130_fd_sc_hd__nor3_4         |Circuit 2: sky130_fd_sc_hd__nor3_4         
-------------------------------------------|-------------------------------------------
A                                          |A                                          
B                                          |B                                          
C                                          |C                                          
Y                                          |Y                                          
---------------------------------------------------------------------------------------
Cell pin lists are equivalent.
Device classes sky130_fd_sc_hd__nor3_4 and sky130_fd_sc_hd__nor3_4 are equivalent.

Cell sky130_fd_sc_hd__a41o_1 disconnected node: A1
Cell sky130_fd_sc_hd__a41o_1 disconnected node: A2
Cell sky130_fd_sc_hd__a41o_1 disconnected node: A3
Cell sky130_fd_sc_hd__a41o_1 disconnected node: A4
Cell sky130_fd_sc_hd__a41o_1 disconnected node: B1
Cell sky130_fd_sc_hd__a41o_1 disconnected node: VGND
Cell sky130_fd_sc_hd__a41o_1 disconnected node: VNB
Cell sky130_fd_sc_hd__a41o_1 disconnected node: VPB
Cell sky130_fd_sc_hd__a41o_1 disconnected node: VPWR
Cell sky130_fd_sc_hd__a41o_1 disconnected node: X
Warning: Equate pins:  cell sky130_fd_sc_hd__a41o_1 has no definition, treated as a black box.

Subcircuit pins:
Circuit 1: sky130_fd_sc_hd__a41o_1         |Circuit 2: sky130_fd_sc_hd__a41o_1         
-------------------------------------------|-------------------------------------------
A1                                         |A1                                         
A2                                         |A2                                         
A3                                         |A3                                         
A4                                         |A4                                         
B1                                         |B1                                         
X                                          |X                                          
---------------------------------------------------------------------------------------
Cell pin lists are equivalent.
Device classes sky130_fd_sc_hd__a41o_1 and sky130_fd_sc_hd__a41o_1 are equivalent.

Cell sky130_fd_sc_hd__o221ai_4 disconnected node: A1
Cell sky130_fd_sc_hd__o221ai_4 disconnected node: A2
Cell sky130_fd_sc_hd__o221ai_4 disconnected node: B1
Cell sky130_fd_sc_hd__o221ai_4 disconnected node: B2
Cell sky130_fd_sc_hd__o221ai_4 disconnected node: C1
Cell sky130_fd_sc_hd__o221ai_4 disconnected node: VGND
Cell sky130_fd_sc_hd__o221ai_4 disconnected node: VNB
Cell sky130_fd_sc_hd__o221ai_4 disconnected node: VPB
Cell sky130_fd_sc_hd__o221ai_4 disconnected node: VPWR
Cell sky130_fd_sc_hd__o221ai_4 disconnected node: Y
Warning: Equate pins:  cell sky130_fd_sc_hd__o221ai_4 has no definition, treated as a black box.

Subcircuit pins:
Circuit 1: sky130_fd_sc_hd__o221ai_4       |Circuit 2: sky130_fd_sc_hd__o221ai_4       
-------------------------------------------|-------------------------------------------
A1                                         |A1                                         
A2                                         |A2                                         
B1                                         |B1                                         
B2                                         |B2                                         
C1                                         |C1                                         
Y                                          |Y                                          
---------------------------------------------------------------------------------------
Cell pin lists are equivalent.
Device classes sky130_fd_sc_hd__o221ai_4 and sky130_fd_sc_hd__o221ai_4 are equivalent.

Cell sky130_fd_sc_hd__o22ai_1 disconnected node: A1
Cell sky130_fd_sc_hd__o22ai_1 disconnected node: A2
Cell sky130_fd_sc_hd__o22ai_1 disconnected node: B1
Cell sky130_fd_sc_hd__o22ai_1 disconnected node: B2
Cell sky130_fd_sc_hd__o22ai_1 disconnected node: VGND
Cell sky130_fd_sc_hd__o22ai_1 disconnected node: VNB
Cell sky130_fd_sc_hd__o22ai_1 disconnected node: VPB
Cell sky130_fd_sc_hd__o22ai_1 disconnected node: VPWR
Cell sky130_fd_sc_hd__o22ai_1 disconnected node: Y
Warning: Equate pins:  cell sky130_fd_sc_hd__o22ai_1 has no definition, treated as a black box.

Subcircuit pins:
Circuit 1: sky130_fd_sc_hd__o22ai_1        |Circuit 2: sky130_fd_sc_hd__o22ai_1        
-------------------------------------------|-------------------------------------------
A1                                         |A1                                         
A2                                         |A2                                         
B1                                         |B1                                         
B2                                         |B2                                         
Y                                          |Y                                          
---------------------------------------------------------------------------------------
Cell pin lists are equivalent.
Device classes sky130_fd_sc_hd__o22ai_1 and sky130_fd_sc_hd__o22ai_1 are equivalent.

Cell sky130_fd_sc_hd__and3_4 disconnected node: A
Cell sky130_fd_sc_hd__and3_4 disconnected node: B
Cell sky130_fd_sc_hd__and3_4 disconnected node: C
Cell sky130_fd_sc_hd__and3_4 disconnected node: VGND
Cell sky130_fd_sc_hd__and3_4 disconnected node: VNB
Cell sky130_fd_sc_hd__and3_4 disconnected node: VPB
Cell sky130_fd_sc_hd__and3_4 disconnected node: VPWR
Cell sky130_fd_sc_hd__and3_4 disconnected node: X
Warning: Equate pins:  cell sky130_fd_sc_hd__and3_4 has no definition, treated as a black box.

Subcircuit pins:
Circuit 1: sky130_fd_sc_hd__and3_4         |Circuit 2: sky130_fd_sc_hd__and3_4         
-------------------------------------------|-------------------------------------------
A                                          |A                                          
B                                          |B                                          
C                                          |C                                          
X                                          |X                                          
---------------------------------------------------------------------------------------
Cell pin lists are equivalent.
Device classes sky130_fd_sc_hd__and3_4 and sky130_fd_sc_hd__and3_4 are equivalent.

Cell sky130_fd_sc_hd__dfrtp_4 disconnected node: CLK
Cell sky130_fd_sc_hd__dfrtp_4 disconnected node: D
Cell sky130_fd_sc_hd__dfrtp_4 disconnected node: RESET_B
Cell sky130_fd_sc_hd__dfrtp_4 disconnected node: VGND
Cell sky130_fd_sc_hd__dfrtp_4 disconnected node: VNB
Cell sky130_fd_sc_hd__dfrtp_4 disconnected node: VPB
Cell sky130_fd_sc_hd__dfrtp_4 disconnected node: VPWR
Cell sky130_fd_sc_hd__dfrtp_4 disconnected node: Q
Warning: Equate pins:  cell sky130_fd_sc_hd__dfrtp_4 has no definition, treated as a black box.

Subcircuit pins:
Circuit 1: sky130_fd_sc_hd__dfrtp_4        |Circuit 2: sky130_fd_sc_hd__dfrtp_4        
-------------------------------------------|-------------------------------------------
CLK                                        |CLK                                        
D                                          |D                                          
RESET_B                                    |RESET_B                                    
Q                                          |Q                                          
---------------------------------------------------------------------------------------
Cell pin lists are equivalent.
Device classes sky130_fd_sc_hd__dfrtp_4 and sky130_fd_sc_hd__dfrtp_4 are equivalent.

Cell sky130_fd_sc_hd__inv_4 disconnected node: A
Cell sky130_fd_sc_hd__inv_4 disconnected node: VGND
Cell sky130_fd_sc_hd__inv_4 disconnected node: VNB
Cell sky130_fd_sc_hd__inv_4 disconnected node: VPB
Cell sky130_fd_sc_hd__inv_4 disconnected node: VPWR
Cell sky130_fd_sc_hd__inv_4 disconnected node: Y
Warning: Equate pins:  cell sky130_fd_sc_hd__inv_4 has no definition, treated as a black box.

Subcircuit pins:
Circuit 1: sky130_fd_sc_hd__inv_4          |Circuit 2: sky130_fd_sc_hd__inv_4          
-------------------------------------------|-------------------------------------------
A                                          |A                                          
Y                                          |Y                                          
---------------------------------------------------------------------------------------
Cell pin lists are equivalent.
Device classes sky130_fd_sc_hd__inv_4 and sky130_fd_sc_hd__inv_4 are equivalent.

Cell sky130_fd_sc_hd__a2bb2oi_4 disconnected node: A1_N
Cell sky130_fd_sc_hd__a2bb2oi_4 disconnected node: A2_N
Cell sky130_fd_sc_hd__a2bb2oi_4 disconnected node: B1
Cell sky130_fd_sc_hd__a2bb2oi_4 disconnected node: B2
Cell sky130_fd_sc_hd__a2bb2oi_4 disconnected node: VGND
Cell sky130_fd_sc_hd__a2bb2oi_4 disconnected node: VNB
Cell sky130_fd_sc_hd__a2bb2oi_4 disconnected node: VPB
Cell sky130_fd_sc_hd__a2bb2oi_4 disconnected node: VPWR
Cell sky130_fd_sc_hd__a2bb2oi_4 disconnected node: Y
Warning: Equate pins:  cell sky130_fd_sc_hd__a2bb2oi_4 has no definition, treated as a black box.

Subcircuit pins:
Circuit 1: sky130_fd_sc_hd__a2bb2oi_4      |Circuit 2: sky130_fd_sc_hd__a2bb2oi_4      
-------------------------------------------|-------------------------------------------
A1_N                                       |A1_N                                       
A2_N                                       |A2_N                                       
B1                                         |B1                                         
B2                                         |B2                                         
Y                                          |Y                                          
---------------------------------------------------------------------------------------
Cell pin lists are equivalent.
Device classes sky130_fd_sc_hd__a2bb2oi_4 and sky130_fd_sc_hd__a2bb2oi_4 are equivalent.

Cell sky130_fd_sc_hd__or2b_1 disconnected node: A
Cell sky130_fd_sc_hd__or2b_1 disconnected node: B_N
Cell sky130_fd_sc_hd__or2b_1 disconnected node: VGND
Cell sky130_fd_sc_hd__or2b_1 disconnected node: VNB
Cell sky130_fd_sc_hd__or2b_1 disconnected node: VPB
Cell sky130_fd_sc_hd__or2b_1 disconnected node: VPWR
Cell sky130_fd_sc_hd__or2b_1 disconnected node: X
Warning: Equate pins:  cell sky130_fd_sc_hd__or2b_1 has no definition, treated as a black box.

Subcircuit pins:
Circuit 1: sky130_fd_sc_hd__or2b_1         |Circuit 2: sky130_fd_sc_hd__or2b_1         
-------------------------------------------|-------------------------------------------
A                                          |A                                          
B_N                                        |B_N                                        
X                                          |X                                          
---------------------------------------------------------------------------------------
Cell pin lists are equivalent.
Device classes sky130_fd_sc_hd__or2b_1 and sky130_fd_sc_hd__or2b_1 are equivalent.

Cell sky130_fd_sc_hd__or3_4 disconnected node: A
Cell sky130_fd_sc_hd__or3_4 disconnected node: B
Cell sky130_fd_sc_hd__or3_4 disconnected node: C
Cell sky130_fd_sc_hd__or3_4 disconnected node: VGND
Cell sky130_fd_sc_hd__or3_4 disconnected node: VNB
Cell sky130_fd_sc_hd__or3_4 disconnected node: VPB
Cell sky130_fd_sc_hd__or3_4 disconnected node: VPWR
Cell sky130_fd_sc_hd__or3_4 disconnected node: X
Warning: Equate pins:  cell sky130_fd_sc_hd__or3_4 has no definition, treated as a black box.

Subcircuit pins:
Circuit 1: sky130_fd_sc_hd__or3_4          |Circuit 2: sky130_fd_sc_hd__or3_4          
-------------------------------------------|-------------------------------------------
A                                          |A                                          
B                                          |B                                          
C                                          |C                                          
X                                          |X                                          
---------------------------------------------------------------------------------------
Cell pin lists are equivalent.
Device classes sky130_fd_sc_hd__or3_4 and sky130_fd_sc_hd__or3_4 are equivalent.

Cell sky130_fd_sc_hd__o31a_1 disconnected node: A1
Cell sky130_fd_sc_hd__o31a_1 disconnected node: A2
Cell sky130_fd_sc_hd__o31a_1 disconnected node: A3
Cell sky130_fd_sc_hd__o31a_1 disconnected node: B1
Cell sky130_fd_sc_hd__o31a_1 disconnected node: VGND
Cell sky130_fd_sc_hd__o31a_1 disconnected node: VNB
Cell sky130_fd_sc_hd__o31a_1 disconnected node: VPB
Cell sky130_fd_sc_hd__o31a_1 disconnected node: VPWR
Cell sky130_fd_sc_hd__o31a_1 disconnected node: X
Warning: Equate pins:  cell sky130_fd_sc_hd__o31a_1 has no definition, treated as a black box.

Subcircuit pins:
Circuit 1: sky130_fd_sc_hd__o31a_1         |Circuit 2: sky130_fd_sc_hd__o31a_1         
-------------------------------------------|-------------------------------------------
A1                                         |A1                                         
A2                                         |A2                                         
A3                                         |A3                                         
B1                                         |B1                                         
X                                          |X                                          
---------------------------------------------------------------------------------------
Cell pin lists are equivalent.
Device classes sky130_fd_sc_hd__o31a_1 and sky130_fd_sc_hd__o31a_1 are equivalent.

Cell sky130_fd_sc_hd__a21boi_1 disconnected node: A1
Cell sky130_fd_sc_hd__a21boi_1 disconnected node: A2
Cell sky130_fd_sc_hd__a21boi_1 disconnected node: B1_N
Cell sky130_fd_sc_hd__a21boi_1 disconnected node: VGND
Cell sky130_fd_sc_hd__a21boi_1 disconnected node: VNB
Cell sky130_fd_sc_hd__a21boi_1 disconnected node: VPB
Cell sky130_fd_sc_hd__a21boi_1 disconnected node: VPWR
Cell sky130_fd_sc_hd__a21boi_1 disconnected node: Y
Warning: Equate pins:  cell sky130_fd_sc_hd__a21boi_1 has no definition, treated as a black box.

Subcircuit pins:
Circuit 1: sky130_fd_sc_hd__a21boi_1       |Circuit 2: sky130_fd_sc_hd__a21boi_1       
-------------------------------------------|-------------------------------------------
A1                                         |A1                                         
A2                                         |A2                                         
B1_N                                       |B1_N                                       
Y                                          |Y                                          
---------------------------------------------------------------------------------------
Cell pin lists are equivalent.
Device classes sky130_fd_sc_hd__a21boi_1 and sky130_fd_sc_hd__a21boi_1 are equivalent.

Cell sky130_fd_sc_hd__or2b_4 disconnected node: A
Cell sky130_fd_sc_hd__or2b_4 disconnected node: B_N
Cell sky130_fd_sc_hd__or2b_4 disconnected node: VGND
Cell sky130_fd_sc_hd__or2b_4 disconnected node: VNB
Cell sky130_fd_sc_hd__or2b_4 disconnected node: VPB
Cell sky130_fd_sc_hd__or2b_4 disconnected node: VPWR
Cell sky130_fd_sc_hd__or2b_4 disconnected node: X
Warning: Equate pins:  cell sky130_fd_sc_hd__or2b_4 has no definition, treated as a black box.

Subcircuit pins:
Circuit 1: sky130_fd_sc_hd__or2b_4         |Circuit 2: sky130_fd_sc_hd__or2b_4         
-------------------------------------------|-------------------------------------------
A                                          |A                                          
B_N                                        |B_N                                        
X                                          |X                                          
---------------------------------------------------------------------------------------
Cell pin lists are equivalent.
Device classes sky130_fd_sc_hd__or2b_4 and sky130_fd_sc_hd__or2b_4 are equivalent.

Cell sky130_fd_sc_hd__a22o_2 disconnected node: A1
Cell sky130_fd_sc_hd__a22o_2 disconnected node: A2
Cell sky130_fd_sc_hd__a22o_2 disconnected node: B1
Cell sky130_fd_sc_hd__a22o_2 disconnected node: B2
Cell sky130_fd_sc_hd__a22o_2 disconnected node: VGND
Cell sky130_fd_sc_hd__a22o_2 disconnected node: VNB
Cell sky130_fd_sc_hd__a22o_2 disconnected node: VPB
Cell sky130_fd_sc_hd__a22o_2 disconnected node: VPWR
Cell sky130_fd_sc_hd__a22o_2 disconnected node: X
Warning: Equate pins:  cell sky130_fd_sc_hd__a22o_2 has no definition, treated as a black box.

Subcircuit pins:
Circuit 1: sky130_fd_sc_hd__a22o_2         |Circuit 2: sky130_fd_sc_hd__a22o_2         
-------------------------------------------|-------------------------------------------
A1                                         |A1                                         
A2                                         |A2                                         
B1                                         |B1                                         
B2                                         |B2                                         
X                                          |X                                          
---------------------------------------------------------------------------------------
Cell pin lists are equivalent.
Device classes sky130_fd_sc_hd__a22o_2 and sky130_fd_sc_hd__a22o_2 are equivalent.

Cell sky130_fd_sc_hd__and4_1 disconnected node: A
Cell sky130_fd_sc_hd__and4_1 disconnected node: B
Cell sky130_fd_sc_hd__and4_1 disconnected node: C
Cell sky130_fd_sc_hd__and4_1 disconnected node: D
Cell sky130_fd_sc_hd__and4_1 disconnected node: VGND
Cell sky130_fd_sc_hd__and4_1 disconnected node: VNB
Cell sky130_fd_sc_hd__and4_1 disconnected node: VPB
Cell sky130_fd_sc_hd__and4_1 disconnected node: VPWR
Cell sky130_fd_sc_hd__and4_1 disconnected node: X
Warning: Equate pins:  cell sky130_fd_sc_hd__and4_1 has no definition, treated as a black box.

Subcircuit pins:
Circuit 1: sky130_fd_sc_hd__and4_1         |Circuit 2: sky130_fd_sc_hd__and4_1         
-------------------------------------------|-------------------------------------------
A                                          |A                                          
B                                          |B                                          
C                                          |C                                          
D                                          |D                                          
X                                          |X                                          
---------------------------------------------------------------------------------------
Cell pin lists are equivalent.
Device classes sky130_fd_sc_hd__and4_1 and sky130_fd_sc_hd__and4_1 are equivalent.

Cell sky130_fd_sc_hd__o22a_4 disconnected node: A1
Cell sky130_fd_sc_hd__o22a_4 disconnected node: A2
Cell sky130_fd_sc_hd__o22a_4 disconnected node: B1
Cell sky130_fd_sc_hd__o22a_4 disconnected node: B2
Cell sky130_fd_sc_hd__o22a_4 disconnected node: VGND
Cell sky130_fd_sc_hd__o22a_4 disconnected node: VNB
Cell sky130_fd_sc_hd__o22a_4 disconnected node: VPB
Cell sky130_fd_sc_hd__o22a_4 disconnected node: VPWR
Cell sky130_fd_sc_hd__o22a_4 disconnected node: X
Warning: Equate pins:  cell sky130_fd_sc_hd__o22a_4 has no definition, treated as a black box.

Subcircuit pins:
Circuit 1: sky130_fd_sc_hd__o22a_4         |Circuit 2: sky130_fd_sc_hd__o22a_4         
-------------------------------------------|-------------------------------------------
A1                                         |A1                                         
A2                                         |A2                                         
B1                                         |B1                                         
B2                                         |B2                                         
X                                          |X                                          
---------------------------------------------------------------------------------------
Cell pin lists are equivalent.
Device classes sky130_fd_sc_hd__o22a_4 and sky130_fd_sc_hd__o22a_4 are equivalent.

Cell sky130_fd_sc_hd__a22oi_1 disconnected node: A1
Cell sky130_fd_sc_hd__a22oi_1 disconnected node: A2
Cell sky130_fd_sc_hd__a22oi_1 disconnected node: B1
Cell sky130_fd_sc_hd__a22oi_1 disconnected node: B2
Cell sky130_fd_sc_hd__a22oi_1 disconnected node: VGND
Cell sky130_fd_sc_hd__a22oi_1 disconnected node: VNB
Cell sky130_fd_sc_hd__a22oi_1 disconnected node: VPB
Cell sky130_fd_sc_hd__a22oi_1 disconnected node: VPWR
Cell sky130_fd_sc_hd__a22oi_1 disconnected node: Y
Warning: Equate pins:  cell sky130_fd_sc_hd__a22oi_1 has no definition, treated as a black box.

Subcircuit pins:
Circuit 1: sky130_fd_sc_hd__a22oi_1        |Circuit 2: sky130_fd_sc_hd__a22oi_1        
-------------------------------------------|-------------------------------------------
A1                                         |A1                                         
A2                                         |A2                                         
B1                                         |B1                                         
B2                                         |B2                                         
Y                                          |Y                                          
---------------------------------------------------------------------------------------
Cell pin lists are equivalent.
Device classes sky130_fd_sc_hd__a22oi_1 and sky130_fd_sc_hd__a22oi_1 are equivalent.

Cell sky130_fd_sc_hd__or3_2 disconnected node: A
Cell sky130_fd_sc_hd__or3_2 disconnected node: B
Cell sky130_fd_sc_hd__or3_2 disconnected node: C
Cell sky130_fd_sc_hd__or3_2 disconnected node: VGND
Cell sky130_fd_sc_hd__or3_2 disconnected node: VNB
Cell sky130_fd_sc_hd__or3_2 disconnected node: VPB
Cell sky130_fd_sc_hd__or3_2 disconnected node: VPWR
Cell sky130_fd_sc_hd__or3_2 disconnected node: X
Warning: Equate pins:  cell sky130_fd_sc_hd__or3_2 has no definition, treated as a black box.

Subcircuit pins:
Circuit 1: sky130_fd_sc_hd__or3_2          |Circuit 2: sky130_fd_sc_hd__or3_2          
-------------------------------------------|-------------------------------------------
A                                          |A                                          
B                                          |B                                          
C                                          |C                                          
X                                          |X                                          
---------------------------------------------------------------------------------------
Cell pin lists are equivalent.
Device classes sky130_fd_sc_hd__or3_2 and sky130_fd_sc_hd__or3_2 are equivalent.

Cell sky130_fd_sc_hd__o32a_4 disconnected node: A1
Cell sky130_fd_sc_hd__o32a_4 disconnected node: A2
Cell sky130_fd_sc_hd__o32a_4 disconnected node: A3
Cell sky130_fd_sc_hd__o32a_4 disconnected node: B1
Cell sky130_fd_sc_hd__o32a_4 disconnected node: B2
Cell sky130_fd_sc_hd__o32a_4 disconnected node: VGND
Cell sky130_fd_sc_hd__o32a_4 disconnected node: VNB
Cell sky130_fd_sc_hd__o32a_4 disconnected node: VPB
Cell sky130_fd_sc_hd__o32a_4 disconnected node: VPWR
Cell sky130_fd_sc_hd__o32a_4 disconnected node: X
Warning: Equate pins:  cell sky130_fd_sc_hd__o32a_4 has no definition, treated as a black box.

Subcircuit pins:
Circuit 1: sky130_fd_sc_hd__o32a_4         |Circuit 2: sky130_fd_sc_hd__o32a_4         
-------------------------------------------|-------------------------------------------
A1                                         |A1                                         
A2                                         |A2                                         
A3                                         |A3                                         
B1                                         |B1                                         
B2                                         |B2                                         
X                                          |X                                          
---------------------------------------------------------------------------------------
Cell pin lists are equivalent.
Device classes sky130_fd_sc_hd__o32a_4 and sky130_fd_sc_hd__o32a_4 are equivalent.

Cell sky130_fd_sc_hd__or3b_4 disconnected node: A
Cell sky130_fd_sc_hd__or3b_4 disconnected node: B
Cell sky130_fd_sc_hd__or3b_4 disconnected node: C_N
Cell sky130_fd_sc_hd__or3b_4 disconnected node: VGND
Cell sky130_fd_sc_hd__or3b_4 disconnected node: VNB
Cell sky130_fd_sc_hd__or3b_4 disconnected node: VPB
Cell sky130_fd_sc_hd__or3b_4 disconnected node: VPWR
Cell sky130_fd_sc_hd__or3b_4 disconnected node: X
Warning: Equate pins:  cell sky130_fd_sc_hd__or3b_4 has no definition, treated as a black box.

Subcircuit pins:
Circuit 1: sky130_fd_sc_hd__or3b_4         |Circuit 2: sky130_fd_sc_hd__or3b_4         
-------------------------------------------|-------------------------------------------
A                                          |A                                          
B                                          |B                                          
C_N                                        |C_N                                        
X                                          |X                                          
---------------------------------------------------------------------------------------
Cell pin lists are equivalent.
Device classes sky130_fd_sc_hd__or3b_4 and sky130_fd_sc_hd__or3b_4 are equivalent.

Cell sky130_fd_sc_hd__a2bb2oi_2 disconnected node: A1_N
Cell sky130_fd_sc_hd__a2bb2oi_2 disconnected node: A2_N
Cell sky130_fd_sc_hd__a2bb2oi_2 disconnected node: B1
Cell sky130_fd_sc_hd__a2bb2oi_2 disconnected node: B2
Cell sky130_fd_sc_hd__a2bb2oi_2 disconnected node: VGND
Cell sky130_fd_sc_hd__a2bb2oi_2 disconnected node: VNB
Cell sky130_fd_sc_hd__a2bb2oi_2 disconnected node: VPB
Cell sky130_fd_sc_hd__a2bb2oi_2 disconnected node: VPWR
Cell sky130_fd_sc_hd__a2bb2oi_2 disconnected node: Y
Warning: Equate pins:  cell sky130_fd_sc_hd__a2bb2oi_2 has no definition, treated as a black box.

Subcircuit pins:
Circuit 1: sky130_fd_sc_hd__a2bb2oi_2      |Circuit 2: sky130_fd_sc_hd__a2bb2oi_2      
-------------------------------------------|-------------------------------------------
A1_N                                       |A1_N                                       
A2_N                                       |A2_N                                       
B1                                         |B1                                         
B2                                         |B2                                         
Y                                          |Y                                          
---------------------------------------------------------------------------------------
Cell pin lists are equivalent.
Device classes sky130_fd_sc_hd__a2bb2oi_2 and sky130_fd_sc_hd__a2bb2oi_2 are equivalent.

Cell sky130_fd_sc_hd__clkbuf_8 disconnected node: A
Cell sky130_fd_sc_hd__clkbuf_8 disconnected node: VGND
Cell sky130_fd_sc_hd__clkbuf_8 disconnected node: VNB
Cell sky130_fd_sc_hd__clkbuf_8 disconnected node: VPB
Cell sky130_fd_sc_hd__clkbuf_8 disconnected node: VPWR
Cell sky130_fd_sc_hd__clkbuf_8 disconnected node: X
Warning: Equate pins:  cell sky130_fd_sc_hd__clkbuf_8 has no definition, treated as a black box.

Subcircuit pins:
Circuit 1: sky130_fd_sc_hd__clkbuf_8       |Circuit 2: sky130_fd_sc_hd__clkbuf_8       
-------------------------------------------|-------------------------------------------
A                                          |A                                          
X                                          |X                                          
---------------------------------------------------------------------------------------
Cell pin lists are equivalent.
Device classes sky130_fd_sc_hd__clkbuf_8 and sky130_fd_sc_hd__clkbuf_8 are equivalent.

Cell sky130_fd_sc_hd__inv_8 disconnected node: A
Cell sky130_fd_sc_hd__inv_8 disconnected node: VGND
Cell sky130_fd_sc_hd__inv_8 disconnected node: VNB
Cell sky130_fd_sc_hd__inv_8 disconnected node: VPB
Cell sky130_fd_sc_hd__inv_8 disconnected node: VPWR
Cell sky130_fd_sc_hd__inv_8 disconnected node: Y
Warning: Equate pins:  cell sky130_fd_sc_hd__inv_8 has no definition, treated as a black box.

Subcircuit pins:
Circuit 1: sky130_fd_sc_hd__inv_8          |Circuit 2: sky130_fd_sc_hd__inv_8          
-------------------------------------------|-------------------------------------------
A                                          |A                                          
Y                                          |Y                                          
---------------------------------------------------------------------------------------
Cell pin lists are equivalent.
Device classes sky130_fd_sc_hd__inv_8 and sky130_fd_sc_hd__inv_8 are equivalent.

Cell sky130_fd_sc_hd__and4_2 disconnected node: A
Cell sky130_fd_sc_hd__and4_2 disconnected node: B
Cell sky130_fd_sc_hd__and4_2 disconnected node: C
Cell sky130_fd_sc_hd__and4_2 disconnected node: D
Cell sky130_fd_sc_hd__and4_2 disconnected node: VGND
Cell sky130_fd_sc_hd__and4_2 disconnected node: VNB
Cell sky130_fd_sc_hd__and4_2 disconnected node: VPB
Cell sky130_fd_sc_hd__and4_2 disconnected node: VPWR
Cell sky130_fd_sc_hd__and4_2 disconnected node: X
Warning: Equate pins:  cell sky130_fd_sc_hd__and4_2 has no definition, treated as a black box.

Subcircuit pins:
Circuit 1: sky130_fd_sc_hd__and4_2         |Circuit 2: sky130_fd_sc_hd__and4_2         
-------------------------------------------|-------------------------------------------
A                                          |A                                          
B                                          |B                                          
C                                          |C                                          
D                                          |D                                          
X                                          |X                                          
---------------------------------------------------------------------------------------
Cell pin lists are equivalent.
Device classes sky130_fd_sc_hd__and4_2 and sky130_fd_sc_hd__and4_2 are equivalent.

Cell sky130_fd_sc_hd__o211ai_1 disconnected node: A1
Cell sky130_fd_sc_hd__o211ai_1 disconnected node: A2
Cell sky130_fd_sc_hd__o211ai_1 disconnected node: B1
Cell sky130_fd_sc_hd__o211ai_1 disconnected node: C1
Cell sky130_fd_sc_hd__o211ai_1 disconnected node: VGND
Cell sky130_fd_sc_hd__o211ai_1 disconnected node: VNB
Cell sky130_fd_sc_hd__o211ai_1 disconnected node: VPB
Cell sky130_fd_sc_hd__o211ai_1 disconnected node: VPWR
Cell sky130_fd_sc_hd__o211ai_1 disconnected node: Y
Warning: Equate pins:  cell sky130_fd_sc_hd__o211ai_1 has no definition, treated as a black box.

Subcircuit pins:
Circuit 1: sky130_fd_sc_hd__o211ai_1       |Circuit 2: sky130_fd_sc_hd__o211ai_1       
-------------------------------------------|-------------------------------------------
A1                                         |A1                                         
A2                                         |A2                                         
B1                                         |B1                                         
C1                                         |C1                                         
Y                                          |Y                                          
---------------------------------------------------------------------------------------
Cell pin lists are equivalent.
Device classes sky130_fd_sc_hd__o211ai_1 and sky130_fd_sc_hd__o211ai_1 are equivalent.

Cell sky130_fd_sc_hd__and2b_2 disconnected node: A_N
Cell sky130_fd_sc_hd__and2b_2 disconnected node: B
Cell sky130_fd_sc_hd__and2b_2 disconnected node: VGND
Cell sky130_fd_sc_hd__and2b_2 disconnected node: VNB
Cell sky130_fd_sc_hd__and2b_2 disconnected node: VPB
Cell sky130_fd_sc_hd__and2b_2 disconnected node: VPWR
Cell sky130_fd_sc_hd__and2b_2 disconnected node: X
Warning: Equate pins:  cell sky130_fd_sc_hd__and2b_2 has no definition, treated as a black box.

Subcircuit pins:
Circuit 1: sky130_fd_sc_hd__and2b_2        |Circuit 2: sky130_fd_sc_hd__and2b_2        
-------------------------------------------|-------------------------------------------
A_N                                        |A_N                                        
B                                          |B                                          
X                                          |X                                          
---------------------------------------------------------------------------------------
Cell pin lists are equivalent.
Device classes sky130_fd_sc_hd__and2b_2 and sky130_fd_sc_hd__and2b_2 are equivalent.

Cell sky130_fd_sc_hd__o2111a_1 disconnected node: A1
Cell sky130_fd_sc_hd__o2111a_1 disconnected node: A2
Cell sky130_fd_sc_hd__o2111a_1 disconnected node: B1
Cell sky130_fd_sc_hd__o2111a_1 disconnected node: C1
Cell sky130_fd_sc_hd__o2111a_1 disconnected node: D1
Cell sky130_fd_sc_hd__o2111a_1 disconnected node: VGND
Cell sky130_fd_sc_hd__o2111a_1 disconnected node: VNB
Cell sky130_fd_sc_hd__o2111a_1 disconnected node: VPB
Cell sky130_fd_sc_hd__o2111a_1 disconnected node: VPWR
Cell sky130_fd_sc_hd__o2111a_1 disconnected node: X
Warning: Equate pins:  cell sky130_fd_sc_hd__o2111a_1 has no definition, treated as a black box.

Subcircuit pins:
Circuit 1: sky130_fd_sc_hd__o2111a_1       |Circuit 2: sky130_fd_sc_hd__o2111a_1       
-------------------------------------------|-------------------------------------------
A1                                         |A1                                         
A2                                         |A2                                         
B1                                         |B1                                         
C1                                         |C1                                         
D1                                         |D1                                         
X                                          |X                                          
---------------------------------------------------------------------------------------
Cell pin lists are equivalent.
Device classes sky130_fd_sc_hd__o2111a_1 and sky130_fd_sc_hd__o2111a_1 are equivalent.

Cell sky130_fd_sc_hd__a211o_1 disconnected node: A1
Cell sky130_fd_sc_hd__a211o_1 disconnected node: A2
Cell sky130_fd_sc_hd__a211o_1 disconnected node: B1
Cell sky130_fd_sc_hd__a211o_1 disconnected node: C1
Cell sky130_fd_sc_hd__a211o_1 disconnected node: VGND
Cell sky130_fd_sc_hd__a211o_1 disconnected node: VNB
Cell sky130_fd_sc_hd__a211o_1 disconnected node: VPB
Cell sky130_fd_sc_hd__a211o_1 disconnected node: VPWR
Cell sky130_fd_sc_hd__a211o_1 disconnected node: X
Warning: Equate pins:  cell sky130_fd_sc_hd__a211o_1 has no definition, treated as a black box.

Subcircuit pins:
Circuit 1: sky130_fd_sc_hd__a211o_1        |Circuit 2: sky130_fd_sc_hd__a211o_1        
-------------------------------------------|-------------------------------------------
A1                                         |A1                                         
A2                                         |A2                                         
B1                                         |B1                                         
C1                                         |C1                                         
X                                          |X                                          
---------------------------------------------------------------------------------------
Cell pin lists are equivalent.
Device classes sky130_fd_sc_hd__a211o_1 and sky130_fd_sc_hd__a211o_1 are equivalent.

Cell sky130_fd_sc_hd__o32a_1 disconnected node: A1
Cell sky130_fd_sc_hd__o32a_1 disconnected node: A2
Cell sky130_fd_sc_hd__o32a_1 disconnected node: A3
Cell sky130_fd_sc_hd__o32a_1 disconnected node: B1
Cell sky130_fd_sc_hd__o32a_1 disconnected node: B2
Cell sky130_fd_sc_hd__o32a_1 disconnected node: VGND
Cell sky130_fd_sc_hd__o32a_1 disconnected node: VNB
Cell sky130_fd_sc_hd__o32a_1 disconnected node: VPB
Cell sky130_fd_sc_hd__o32a_1 disconnected node: VPWR
Cell sky130_fd_sc_hd__o32a_1 disconnected node: X
Warning: Equate pins:  cell sky130_fd_sc_hd__o32a_1 has no definition, treated as a black box.

Subcircuit pins:
Circuit 1: sky130_fd_sc_hd__o32a_1         |Circuit 2: sky130_fd_sc_hd__o32a_1         
-------------------------------------------|-------------------------------------------
A1                                         |A1                                         
A2                                         |A2                                         
A3                                         |A3                                         
B1                                         |B1                                         
B2                                         |B2                                         
X                                          |X                                          
---------------------------------------------------------------------------------------
Cell pin lists are equivalent.
Device classes sky130_fd_sc_hd__o32a_1 and sky130_fd_sc_hd__o32a_1 are equivalent.

Cell sky130_fd_sc_hd__a31o_2 disconnected node: A1
Cell sky130_fd_sc_hd__a31o_2 disconnected node: A2
Cell sky130_fd_sc_hd__a31o_2 disconnected node: A3
Cell sky130_fd_sc_hd__a31o_2 disconnected node: B1
Cell sky130_fd_sc_hd__a31o_2 disconnected node: VGND
Cell sky130_fd_sc_hd__a31o_2 disconnected node: VNB
Cell sky130_fd_sc_hd__a31o_2 disconnected node: VPB
Cell sky130_fd_sc_hd__a31o_2 disconnected node: VPWR
Cell sky130_fd_sc_hd__a31o_2 disconnected node: X
Warning: Equate pins:  cell sky130_fd_sc_hd__a31o_2 has no definition, treated as a black box.

Subcircuit pins:
Circuit 1: sky130_fd_sc_hd__a31o_2         |Circuit 2: sky130_fd_sc_hd__a31o_2         
-------------------------------------------|-------------------------------------------
A1                                         |A1                                         
A2                                         |A2                                         
A3                                         |A3                                         
B1                                         |B1                                         
X                                          |X                                          
---------------------------------------------------------------------------------------
Cell pin lists are equivalent.
Device classes sky130_fd_sc_hd__a31o_2 and sky130_fd_sc_hd__a31o_2 are equivalent.

Cell sky130_fd_sc_hd__o211a_4 disconnected node: A1
Cell sky130_fd_sc_hd__o211a_4 disconnected node: A2
Cell sky130_fd_sc_hd__o211a_4 disconnected node: B1
Cell sky130_fd_sc_hd__o211a_4 disconnected node: C1
Cell sky130_fd_sc_hd__o211a_4 disconnected node: VGND
Cell sky130_fd_sc_hd__o211a_4 disconnected node: VNB
Cell sky130_fd_sc_hd__o211a_4 disconnected node: VPB
Cell sky130_fd_sc_hd__o211a_4 disconnected node: VPWR
Cell sky130_fd_sc_hd__o211a_4 disconnected node: X
Warning: Equate pins:  cell sky130_fd_sc_hd__o211a_4 has no definition, treated as a black box.

Subcircuit pins:
Circuit 1: sky130_fd_sc_hd__o211a_4        |Circuit 2: sky130_fd_sc_hd__o211a_4        
-------------------------------------------|-------------------------------------------
A1                                         |A1                                         
A2                                         |A2                                         
B1                                         |B1                                         
C1                                         |C1                                         
X                                          |X                                          
---------------------------------------------------------------------------------------
Cell pin lists are equivalent.
Device classes sky130_fd_sc_hd__o211a_4 and sky130_fd_sc_hd__o211a_4 are equivalent.

Cell sky130_fd_sc_hd__o2bb2a_1 disconnected node: A1_N
Cell sky130_fd_sc_hd__o2bb2a_1 disconnected node: A2_N
Cell sky130_fd_sc_hd__o2bb2a_1 disconnected node: B1
Cell sky130_fd_sc_hd__o2bb2a_1 disconnected node: B2
Cell sky130_fd_sc_hd__o2bb2a_1 disconnected node: VGND
Cell sky130_fd_sc_hd__o2bb2a_1 disconnected node: VNB
Cell sky130_fd_sc_hd__o2bb2a_1 disconnected node: VPB
Cell sky130_fd_sc_hd__o2bb2a_1 disconnected node: VPWR
Cell sky130_fd_sc_hd__o2bb2a_1 disconnected node: X
Warning: Equate pins:  cell sky130_fd_sc_hd__o2bb2a_1 has no definition, treated as a black box.

Subcircuit pins:
Circuit 1: sky130_fd_sc_hd__o2bb2a_1       |Circuit 2: sky130_fd_sc_hd__o2bb2a_1       
-------------------------------------------|-------------------------------------------
A1_N                                       |A1_N                                       
A2_N                                       |A2_N                                       
B1                                         |B1                                         
B2                                         |B2                                         
X                                          |X                                          
---------------------------------------------------------------------------------------
Cell pin lists are equivalent.
Device classes sky130_fd_sc_hd__o2bb2a_1 and sky130_fd_sc_hd__o2bb2a_1 are equivalent.

Cell sky130_fd_sc_hd__a211oi_2 disconnected node: A1
Cell sky130_fd_sc_hd__a211oi_2 disconnected node: A2
Cell sky130_fd_sc_hd__a211oi_2 disconnected node: B1
Cell sky130_fd_sc_hd__a211oi_2 disconnected node: C1
Cell sky130_fd_sc_hd__a211oi_2 disconnected node: VGND
Cell sky130_fd_sc_hd__a211oi_2 disconnected node: VNB
Cell sky130_fd_sc_hd__a211oi_2 disconnected node: VPB
Cell sky130_fd_sc_hd__a211oi_2 disconnected node: VPWR
Cell sky130_fd_sc_hd__a211oi_2 disconnected node: Y
Warning: Equate pins:  cell sky130_fd_sc_hd__a211oi_2 has no definition, treated as a black box.

Subcircuit pins:
Circuit 1: sky130_fd_sc_hd__a211oi_2       |Circuit 2: sky130_fd_sc_hd__a211oi_2       
-------------------------------------------|-------------------------------------------
A1                                         |A1                                         
A2                                         |A2                                         
B1                                         |B1                                         
C1                                         |C1                                         
Y                                          |Y                                          
---------------------------------------------------------------------------------------
Cell pin lists are equivalent.
Device classes sky130_fd_sc_hd__a211oi_2 and sky130_fd_sc_hd__a211oi_2 are equivalent.

Cell sky130_fd_sc_hd__nor3b_4 disconnected node: A
Cell sky130_fd_sc_hd__nor3b_4 disconnected node: B
Cell sky130_fd_sc_hd__nor3b_4 disconnected node: C_N
Cell sky130_fd_sc_hd__nor3b_4 disconnected node: VGND
Cell sky130_fd_sc_hd__nor3b_4 disconnected node: VNB
Cell sky130_fd_sc_hd__nor3b_4 disconnected node: VPB
Cell sky130_fd_sc_hd__nor3b_4 disconnected node: VPWR
Cell sky130_fd_sc_hd__nor3b_4 disconnected node: Y
Warning: Equate pins:  cell sky130_fd_sc_hd__nor3b_4 has no definition, treated as a black box.

Subcircuit pins:
Circuit 1: sky130_fd_sc_hd__nor3b_4        |Circuit 2: sky130_fd_sc_hd__nor3b_4        
-------------------------------------------|-------------------------------------------
A                                          |A                                          
B                                          |B                                          
C_N                                        |C_N                                        
Y                                          |Y                                          
---------------------------------------------------------------------------------------
Cell pin lists are equivalent.
Device classes sky130_fd_sc_hd__nor3b_4 and sky130_fd_sc_hd__nor3b_4 are equivalent.

Cell sky130_fd_sc_hd__a311oi_4 disconnected node: A1
Cell sky130_fd_sc_hd__a311oi_4 disconnected node: A2
Cell sky130_fd_sc_hd__a311oi_4 disconnected node: A3
Cell sky130_fd_sc_hd__a311oi_4 disconnected node: B1
Cell sky130_fd_sc_hd__a311oi_4 disconnected node: C1
Cell sky130_fd_sc_hd__a311oi_4 disconnected node: VGND
Cell sky130_fd_sc_hd__a311oi_4 disconnected node: VNB
Cell sky130_fd_sc_hd__a311oi_4 disconnected node: VPB
Cell sky130_fd_sc_hd__a311oi_4 disconnected node: VPWR
Cell sky130_fd_sc_hd__a311oi_4 disconnected node: Y
Warning: Equate pins:  cell sky130_fd_sc_hd__a311oi_4 has no definition, treated as a black box.

Subcircuit pins:
Circuit 1: sky130_fd_sc_hd__a311oi_4       |Circuit 2: sky130_fd_sc_hd__a311oi_4       
-------------------------------------------|-------------------------------------------
A1                                         |A1                                         
A2                                         |A2                                         
A3                                         |A3                                         
B1                                         |B1                                         
C1                                         |C1                                         
Y                                          |Y                                          
---------------------------------------------------------------------------------------
Cell pin lists are equivalent.
Device classes sky130_fd_sc_hd__a311oi_4 and sky130_fd_sc_hd__a311oi_4 are equivalent.

Cell sky130_fd_sc_hd__a221o_2 disconnected node: A1
Cell sky130_fd_sc_hd__a221o_2 disconnected node: A2
Cell sky130_fd_sc_hd__a221o_2 disconnected node: B1
Cell sky130_fd_sc_hd__a221o_2 disconnected node: B2
Cell sky130_fd_sc_hd__a221o_2 disconnected node: C1
Cell sky130_fd_sc_hd__a221o_2 disconnected node: VGND
Cell sky130_fd_sc_hd__a221o_2 disconnected node: VNB
Cell sky130_fd_sc_hd__a221o_2 disconnected node: VPB
Cell sky130_fd_sc_hd__a221o_2 disconnected node: VPWR
Cell sky130_fd_sc_hd__a221o_2 disconnected node: X
Warning: Equate pins:  cell sky130_fd_sc_hd__a221o_2 has no definition, treated as a black box.

Subcircuit pins:
Circuit 1: sky130_fd_sc_hd__a221o_2        |Circuit 2: sky130_fd_sc_hd__a221o_2        
-------------------------------------------|-------------------------------------------
A1                                         |A1                                         
A2                                         |A2                                         
B1                                         |B1                                         
B2                                         |B2                                         
C1                                         |C1                                         
X                                          |X                                          
---------------------------------------------------------------------------------------
Cell pin lists are equivalent.
Device classes sky130_fd_sc_hd__a221o_2 and sky130_fd_sc_hd__a221o_2 are equivalent.

Cell sky130_fd_sc_hd__a32o_1 disconnected node: A1
Cell sky130_fd_sc_hd__a32o_1 disconnected node: A2
Cell sky130_fd_sc_hd__a32o_1 disconnected node: A3
Cell sky130_fd_sc_hd__a32o_1 disconnected node: B1
Cell sky130_fd_sc_hd__a32o_1 disconnected node: B2
Cell sky130_fd_sc_hd__a32o_1 disconnected node: VGND
Cell sky130_fd_sc_hd__a32o_1 disconnected node: VNB
Cell sky130_fd_sc_hd__a32o_1 disconnected node: VPB
Cell sky130_fd_sc_hd__a32o_1 disconnected node: VPWR
Cell sky130_fd_sc_hd__a32o_1 disconnected node: X
Warning: Equate pins:  cell sky130_fd_sc_hd__a32o_1 has no definition, treated as a black box.

Subcircuit pins:
Circuit 1: sky130_fd_sc_hd__a32o_1         |Circuit 2: sky130_fd_sc_hd__a32o_1         
-------------------------------------------|-------------------------------------------
A1                                         |A1                                         
A2                                         |A2                                         
A3                                         |A3                                         
B1                                         |B1                                         
B2                                         |B2                                         
X                                          |X                                          
---------------------------------------------------------------------------------------
Cell pin lists are equivalent.
Device classes sky130_fd_sc_hd__a32o_1 and sky130_fd_sc_hd__a32o_1 are equivalent.

Cell sky130_fd_sc_hd__o21ba_1 disconnected node: A1
Cell sky130_fd_sc_hd__o21ba_1 disconnected node: A2
Cell sky130_fd_sc_hd__o21ba_1 disconnected node: B1_N
Cell sky130_fd_sc_hd__o21ba_1 disconnected node: VGND
Cell sky130_fd_sc_hd__o21ba_1 disconnected node: VNB
Cell sky130_fd_sc_hd__o21ba_1 disconnected node: VPB
Cell sky130_fd_sc_hd__o21ba_1 disconnected node: VPWR
Cell sky130_fd_sc_hd__o21ba_1 disconnected node: X
Warning: Equate pins:  cell sky130_fd_sc_hd__o21ba_1 has no definition, treated as a black box.

Subcircuit pins:
Circuit 1: sky130_fd_sc_hd__o21ba_1        |Circuit 2: sky130_fd_sc_hd__o21ba_1        
-------------------------------------------|-------------------------------------------
A1                                         |A1                                         
A2                                         |A2                                         
B1_N                                       |B1_N                                       
X                                          |X                                          
---------------------------------------------------------------------------------------
Cell pin lists are equivalent.
Device classes sky130_fd_sc_hd__o21ba_1 and sky130_fd_sc_hd__o21ba_1 are equivalent.

Cell sky130_fd_sc_hd__o221a_1 disconnected node: A1
Cell sky130_fd_sc_hd__o221a_1 disconnected node: A2
Cell sky130_fd_sc_hd__o221a_1 disconnected node: B1
Cell sky130_fd_sc_hd__o221a_1 disconnected node: B2
Cell sky130_fd_sc_hd__o221a_1 disconnected node: C1
Cell sky130_fd_sc_hd__o221a_1 disconnected node: VGND
Cell sky130_fd_sc_hd__o221a_1 disconnected node: VNB
Cell sky130_fd_sc_hd__o221a_1 disconnected node: VPB
Cell sky130_fd_sc_hd__o221a_1 disconnected node: VPWR
Cell sky130_fd_sc_hd__o221a_1 disconnected node: X
Warning: Equate pins:  cell sky130_fd_sc_hd__o221a_1 has no definition, treated as a black box.

Subcircuit pins:
Circuit 1: sky130_fd_sc_hd__o221a_1        |Circuit 2: sky130_fd_sc_hd__o221a_1        
-------------------------------------------|-------------------------------------------
A1                                         |A1                                         
A2                                         |A2                                         
B1                                         |B1                                         
B2                                         |B2                                         
C1                                         |C1                                         
X                                          |X                                          
---------------------------------------------------------------------------------------
Cell pin lists are equivalent.
Device classes sky130_fd_sc_hd__o221a_1 and sky130_fd_sc_hd__o221a_1 are equivalent.

Cell sky130_fd_sc_hd__a32oi_4 disconnected node: A1
Cell sky130_fd_sc_hd__a32oi_4 disconnected node: A2
Cell sky130_fd_sc_hd__a32oi_4 disconnected node: A3
Cell sky130_fd_sc_hd__a32oi_4 disconnected node: B1
Cell sky130_fd_sc_hd__a32oi_4 disconnected node: B2
Cell sky130_fd_sc_hd__a32oi_4 disconnected node: VGND
Cell sky130_fd_sc_hd__a32oi_4 disconnected node: VNB
Cell sky130_fd_sc_hd__a32oi_4 disconnected node: VPB
Cell sky130_fd_sc_hd__a32oi_4 disconnected node: VPWR
Cell sky130_fd_sc_hd__a32oi_4 disconnected node: Y
Warning: Equate pins:  cell sky130_fd_sc_hd__a32oi_4 has no definition, treated as a black box.

Subcircuit pins:
Circuit 1: sky130_fd_sc_hd__a32oi_4        |Circuit 2: sky130_fd_sc_hd__a32oi_4        
-------------------------------------------|-------------------------------------------
A1                                         |A1                                         
A2                                         |A2                                         
A3                                         |A3                                         
B1                                         |B1                                         
B2                                         |B2                                         
Y                                          |Y                                          
---------------------------------------------------------------------------------------
Cell pin lists are equivalent.
Device classes sky130_fd_sc_hd__a32oi_4 and sky130_fd_sc_hd__a32oi_4 are equivalent.

Cell sky130_fd_sc_hd__and3b_1 disconnected node: A_N
Cell sky130_fd_sc_hd__and3b_1 disconnected node: B
Cell sky130_fd_sc_hd__and3b_1 disconnected node: C
Cell sky130_fd_sc_hd__and3b_1 disconnected node: VGND
Cell sky130_fd_sc_hd__and3b_1 disconnected node: VNB
Cell sky130_fd_sc_hd__and3b_1 disconnected node: VPB
Cell sky130_fd_sc_hd__and3b_1 disconnected node: VPWR
Cell sky130_fd_sc_hd__and3b_1 disconnected node: X
Warning: Equate pins:  cell sky130_fd_sc_hd__and3b_1 has no definition, treated as a black box.

Subcircuit pins:
Circuit 1: sky130_fd_sc_hd__and3b_1        |Circuit 2: sky130_fd_sc_hd__and3b_1        
-------------------------------------------|-------------------------------------------
A_N                                        |A_N                                        
B                                          |B                                          
C                                          |C                                          
X                                          |X                                          
---------------------------------------------------------------------------------------
Cell pin lists are equivalent.
Device classes sky130_fd_sc_hd__and3b_1 and sky130_fd_sc_hd__and3b_1 are equivalent.

Cell sky130_fd_sc_hd__and2b_4 disconnected node: A_N
Cell sky130_fd_sc_hd__and2b_4 disconnected node: B
Cell sky130_fd_sc_hd__and2b_4 disconnected node: VGND
Cell sky130_fd_sc_hd__and2b_4 disconnected node: VNB
Cell sky130_fd_sc_hd__and2b_4 disconnected node: VPB
Cell sky130_fd_sc_hd__and2b_4 disconnected node: VPWR
Cell sky130_fd_sc_hd__and2b_4 disconnected node: X
Warning: Equate pins:  cell sky130_fd_sc_hd__and2b_4 has no definition, treated as a black box.

Subcircuit pins:
Circuit 1: sky130_fd_sc_hd__and2b_4        |Circuit 2: sky130_fd_sc_hd__and2b_4        
-------------------------------------------|-------------------------------------------
A_N                                        |A_N                                        
B                                          |B                                          
X                                          |X                                          
---------------------------------------------------------------------------------------
Cell pin lists are equivalent.
Device classes sky130_fd_sc_hd__and2b_4 and sky130_fd_sc_hd__and2b_4 are equivalent.

Cell sky130_fd_sc_hd__o311a_2 disconnected node: A1
Cell sky130_fd_sc_hd__o311a_2 disconnected node: A2
Cell sky130_fd_sc_hd__o311a_2 disconnected node: A3
Cell sky130_fd_sc_hd__o311a_2 disconnected node: B1
Cell sky130_fd_sc_hd__o311a_2 disconnected node: C1
Cell sky130_fd_sc_hd__o311a_2 disconnected node: VGND
Cell sky130_fd_sc_hd__o311a_2 disconnected node: VNB
Cell sky130_fd_sc_hd__o311a_2 disconnected node: VPB
Cell sky130_fd_sc_hd__o311a_2 disconnected node: VPWR
Cell sky130_fd_sc_hd__o311a_2 disconnected node: X
Warning: Equate pins:  cell sky130_fd_sc_hd__o311a_2 has no definition, treated as a black box.

Subcircuit pins:
Circuit 1: sky130_fd_sc_hd__o311a_2        |Circuit 2: sky130_fd_sc_hd__o311a_2        
-------------------------------------------|-------------------------------------------
A1                                         |A1                                         
A2                                         |A2                                         
A3                                         |A3                                         
B1                                         |B1                                         
C1                                         |C1                                         
X                                          |X                                          
---------------------------------------------------------------------------------------
Cell pin lists are equivalent.
Device classes sky130_fd_sc_hd__o311a_2 and sky130_fd_sc_hd__o311a_2 are equivalent.

Cell sky130_fd_sc_hd__nand2b_4 disconnected node: A_N
Cell sky130_fd_sc_hd__nand2b_4 disconnected node: B
Cell sky130_fd_sc_hd__nand2b_4 disconnected node: VGND
Cell sky130_fd_sc_hd__nand2b_4 disconnected node: VNB
Cell sky130_fd_sc_hd__nand2b_4 disconnected node: VPB
Cell sky130_fd_sc_hd__nand2b_4 disconnected node: VPWR
Cell sky130_fd_sc_hd__nand2b_4 disconnected node: Y
Warning: Equate pins:  cell sky130_fd_sc_hd__nand2b_4 has no definition, treated as a black box.

Subcircuit pins:
Circuit 1: sky130_fd_sc_hd__nand2b_4       |Circuit 2: sky130_fd_sc_hd__nand2b_4       
-------------------------------------------|-------------------------------------------
A_N                                        |A_N                                        
B                                          |B                                          
Y                                          |Y                                          
---------------------------------------------------------------------------------------
Cell pin lists are equivalent.
Device classes sky130_fd_sc_hd__nand2b_4 and sky130_fd_sc_hd__nand2b_4 are equivalent.

Cell sky130_fd_sc_hd__or4_4 disconnected node: A
Cell sky130_fd_sc_hd__or4_4 disconnected node: B
Cell sky130_fd_sc_hd__or4_4 disconnected node: C
Cell sky130_fd_sc_hd__or4_4 disconnected node: D
Cell sky130_fd_sc_hd__or4_4 disconnected node: VGND
Cell sky130_fd_sc_hd__or4_4 disconnected node: VNB
Cell sky130_fd_sc_hd__or4_4 disconnected node: VPB
Cell sky130_fd_sc_hd__or4_4 disconnected node: VPWR
Cell sky130_fd_sc_hd__or4_4 disconnected node: X
Warning: Equate pins:  cell sky130_fd_sc_hd__or4_4 has no definition, treated as a black box.

Subcircuit pins:
Circuit 1: sky130_fd_sc_hd__or4_4          |Circuit 2: sky130_fd_sc_hd__or4_4          
-------------------------------------------|-------------------------------------------
A                                          |A                                          
B                                          |B                                          
C                                          |C                                          
D                                          |D                                          
X                                          |X                                          
---------------------------------------------------------------------------------------
Cell pin lists are equivalent.
Device classes sky130_fd_sc_hd__or4_4 and sky130_fd_sc_hd__or4_4 are equivalent.

Cell sky130_fd_sc_hd__o22a_2 disconnected node: A1
Cell sky130_fd_sc_hd__o22a_2 disconnected node: A2
Cell sky130_fd_sc_hd__o22a_2 disconnected node: B1
Cell sky130_fd_sc_hd__o22a_2 disconnected node: B2
Cell sky130_fd_sc_hd__o22a_2 disconnected node: VGND
Cell sky130_fd_sc_hd__o22a_2 disconnected node: VNB
Cell sky130_fd_sc_hd__o22a_2 disconnected node: VPB
Cell sky130_fd_sc_hd__o22a_2 disconnected node: VPWR
Cell sky130_fd_sc_hd__o22a_2 disconnected node: X
Warning: Equate pins:  cell sky130_fd_sc_hd__o22a_2 has no definition, treated as a black box.

Subcircuit pins:
Circuit 1: sky130_fd_sc_hd__o22a_2         |Circuit 2: sky130_fd_sc_hd__o22a_2         
-------------------------------------------|-------------------------------------------
A1                                         |A1                                         
A2                                         |A2                                         
B1                                         |B1                                         
B2                                         |B2                                         
X                                          |X                                          
---------------------------------------------------------------------------------------
Cell pin lists are equivalent.
Device classes sky130_fd_sc_hd__o22a_2 and sky130_fd_sc_hd__o22a_2 are equivalent.

Cell sky130_fd_sc_hd__a311o_1 disconnected node: A1
Cell sky130_fd_sc_hd__a311o_1 disconnected node: A2
Cell sky130_fd_sc_hd__a311o_1 disconnected node: A3
Cell sky130_fd_sc_hd__a311o_1 disconnected node: B1
Cell sky130_fd_sc_hd__a311o_1 disconnected node: C1
Cell sky130_fd_sc_hd__a311o_1 disconnected node: VGND
Cell sky130_fd_sc_hd__a311o_1 disconnected node: VNB
Cell sky130_fd_sc_hd__a311o_1 disconnected node: VPB
Cell sky130_fd_sc_hd__a311o_1 disconnected node: VPWR
Cell sky130_fd_sc_hd__a311o_1 disconnected node: X
Warning: Equate pins:  cell sky130_fd_sc_hd__a311o_1 has no definition, treated as a black box.

Subcircuit pins:
Circuit 1: sky130_fd_sc_hd__a311o_1        |Circuit 2: sky130_fd_sc_hd__a311o_1        
-------------------------------------------|-------------------------------------------
A1                                         |A1                                         
A2                                         |A2                                         
A3                                         |A3                                         
B1                                         |B1                                         
C1                                         |C1                                         
X                                          |X                                          
---------------------------------------------------------------------------------------
Cell pin lists are equivalent.
Device classes sky130_fd_sc_hd__a311o_1 and sky130_fd_sc_hd__a311o_1 are equivalent.

Cell sky130_fd_sc_hd__and4_4 disconnected node: A
Cell sky130_fd_sc_hd__and4_4 disconnected node: B
Cell sky130_fd_sc_hd__and4_4 disconnected node: C
Cell sky130_fd_sc_hd__and4_4 disconnected node: D
Cell sky130_fd_sc_hd__and4_4 disconnected node: VGND
Cell sky130_fd_sc_hd__and4_4 disconnected node: VNB
Cell sky130_fd_sc_hd__and4_4 disconnected node: VPB
Cell sky130_fd_sc_hd__and4_4 disconnected node: VPWR
Cell sky130_fd_sc_hd__and4_4 disconnected node: X
Warning: Equate pins:  cell sky130_fd_sc_hd__and4_4 has no definition, treated as a black box.

Subcircuit pins:
Circuit 1: sky130_fd_sc_hd__and4_4         |Circuit 2: sky130_fd_sc_hd__and4_4         
-------------------------------------------|-------------------------------------------
A                                          |A                                          
B                                          |B                                          
C                                          |C                                          
D                                          |D                                          
X                                          |X                                          
---------------------------------------------------------------------------------------
Cell pin lists are equivalent.
Device classes sky130_fd_sc_hd__and4_4 and sky130_fd_sc_hd__and4_4 are equivalent.

Cell sky130_fd_sc_hd__a32o_2 disconnected node: A1
Cell sky130_fd_sc_hd__a32o_2 disconnected node: A2
Cell sky130_fd_sc_hd__a32o_2 disconnected node: A3
Cell sky130_fd_sc_hd__a32o_2 disconnected node: B1
Cell sky130_fd_sc_hd__a32o_2 disconnected node: B2
Cell sky130_fd_sc_hd__a32o_2 disconnected node: VGND
Cell sky130_fd_sc_hd__a32o_2 disconnected node: VNB
Cell sky130_fd_sc_hd__a32o_2 disconnected node: VPB
Cell sky130_fd_sc_hd__a32o_2 disconnected node: VPWR
Cell sky130_fd_sc_hd__a32o_2 disconnected node: X
Warning: Equate pins:  cell sky130_fd_sc_hd__a32o_2 has no definition, treated as a black box.

Subcircuit pins:
Circuit 1: sky130_fd_sc_hd__a32o_2         |Circuit 2: sky130_fd_sc_hd__a32o_2         
-------------------------------------------|-------------------------------------------
A1                                         |A1                                         
A2                                         |A2                                         
A3                                         |A3                                         
B1                                         |B1                                         
B2                                         |B2                                         
X                                          |X                                          
---------------------------------------------------------------------------------------
Cell pin lists are equivalent.
Device classes sky130_fd_sc_hd__a32o_2 and sky130_fd_sc_hd__a32o_2 are equivalent.

Cell sky130_fd_sc_hd__dlymetal6s2s_1 disconnected node: A
Cell sky130_fd_sc_hd__dlymetal6s2s_1 disconnected node: VGND
Cell sky130_fd_sc_hd__dlymetal6s2s_1 disconnected node: VNB
Cell sky130_fd_sc_hd__dlymetal6s2s_1 disconnected node: VPB
Cell sky130_fd_sc_hd__dlymetal6s2s_1 disconnected node: VPWR
Cell sky130_fd_sc_hd__dlymetal6s2s_1 disconnected node: X
Warning: Equate pins:  cell sky130_fd_sc_hd__dlymetal6s2s_1 has no definition, treated as a black box.

Subcircuit pins:
Circuit 1: sky130_fd_sc_hd__dlymetal6s2s_1 |Circuit 2: sky130_fd_sc_hd__dlymetal6s2s_1 
-------------------------------------------|-------------------------------------------
A                                          |A                                          
X                                          |X                                          
---------------------------------------------------------------------------------------
Cell pin lists are equivalent.
Device classes sky130_fd_sc_hd__dlymetal6s2s_1 and sky130_fd_sc_hd__dlymetal6s2s_1 are equivalent.

Cell sky130_fd_sc_hd__a31o_4 disconnected node: A1
Cell sky130_fd_sc_hd__a31o_4 disconnected node: A2
Cell sky130_fd_sc_hd__a31o_4 disconnected node: A3
Cell sky130_fd_sc_hd__a31o_4 disconnected node: B1
Cell sky130_fd_sc_hd__a31o_4 disconnected node: VGND
Cell sky130_fd_sc_hd__a31o_4 disconnected node: VNB
Cell sky130_fd_sc_hd__a31o_4 disconnected node: VPB
Cell sky130_fd_sc_hd__a31o_4 disconnected node: VPWR
Cell sky130_fd_sc_hd__a31o_4 disconnected node: X
Warning: Equate pins:  cell sky130_fd_sc_hd__a31o_4 has no definition, treated as a black box.

Subcircuit pins:
Circuit 1: sky130_fd_sc_hd__a31o_4         |Circuit 2: sky130_fd_sc_hd__a31o_4         
-------------------------------------------|-------------------------------------------
A1                                         |A1                                         
A2                                         |A2                                         
A3                                         |A3                                         
B1                                         |B1                                         
X                                          |X                                          
---------------------------------------------------------------------------------------
Cell pin lists are equivalent.
Device classes sky130_fd_sc_hd__a31o_4 and sky130_fd_sc_hd__a31o_4 are equivalent.

Cell sky130_fd_sc_hd__a41oi_4 disconnected node: A1
Cell sky130_fd_sc_hd__a41oi_4 disconnected node: A2
Cell sky130_fd_sc_hd__a41oi_4 disconnected node: A3
Cell sky130_fd_sc_hd__a41oi_4 disconnected node: A4
Cell sky130_fd_sc_hd__a41oi_4 disconnected node: B1
Cell sky130_fd_sc_hd__a41oi_4 disconnected node: VGND
Cell sky130_fd_sc_hd__a41oi_4 disconnected node: VNB
Cell sky130_fd_sc_hd__a41oi_4 disconnected node: VPB
Cell sky130_fd_sc_hd__a41oi_4 disconnected node: VPWR
Cell sky130_fd_sc_hd__a41oi_4 disconnected node: Y
Warning: Equate pins:  cell sky130_fd_sc_hd__a41oi_4 has no definition, treated as a black box.

Subcircuit pins:
Circuit 1: sky130_fd_sc_hd__a41oi_4        |Circuit 2: sky130_fd_sc_hd__a41oi_4        
-------------------------------------------|-------------------------------------------
A1                                         |A1                                         
A2                                         |A2                                         
A3                                         |A3                                         
A4                                         |A4                                         
B1                                         |B1                                         
Y                                          |Y                                          
---------------------------------------------------------------------------------------
Cell pin lists are equivalent.
Device classes sky130_fd_sc_hd__a41oi_4 and sky130_fd_sc_hd__a41oi_4 are equivalent.

Cell sky130_fd_sc_hd__o31a_2 disconnected node: A1
Cell sky130_fd_sc_hd__o31a_2 disconnected node: A2
Cell sky130_fd_sc_hd__o31a_2 disconnected node: A3
Cell sky130_fd_sc_hd__o31a_2 disconnected node: B1
Cell sky130_fd_sc_hd__o31a_2 disconnected node: VGND
Cell sky130_fd_sc_hd__o31a_2 disconnected node: VNB
Cell sky130_fd_sc_hd__o31a_2 disconnected node: VPB
Cell sky130_fd_sc_hd__o31a_2 disconnected node: VPWR
Cell sky130_fd_sc_hd__o31a_2 disconnected node: X
Warning: Equate pins:  cell sky130_fd_sc_hd__o31a_2 has no definition, treated as a black box.

Subcircuit pins:
Circuit 1: sky130_fd_sc_hd__o31a_2         |Circuit 2: sky130_fd_sc_hd__o31a_2         
-------------------------------------------|-------------------------------------------
A1                                         |A1                                         
A2                                         |A2                                         
A3                                         |A3                                         
B1                                         |B1                                         
X                                          |X                                          
---------------------------------------------------------------------------------------
Cell pin lists are equivalent.
Device classes sky130_fd_sc_hd__o31a_2 and sky130_fd_sc_hd__o31a_2 are equivalent.

Cell sky130_fd_sc_hd__a2bb2oi_1 disconnected node: A1_N
Cell sky130_fd_sc_hd__a2bb2oi_1 disconnected node: A2_N
Cell sky130_fd_sc_hd__a2bb2oi_1 disconnected node: B1
Cell sky130_fd_sc_hd__a2bb2oi_1 disconnected node: B2
Cell sky130_fd_sc_hd__a2bb2oi_1 disconnected node: VGND
Cell sky130_fd_sc_hd__a2bb2oi_1 disconnected node: VNB
Cell sky130_fd_sc_hd__a2bb2oi_1 disconnected node: VPB
Cell sky130_fd_sc_hd__a2bb2oi_1 disconnected node: VPWR
Cell sky130_fd_sc_hd__a2bb2oi_1 disconnected node: Y
Warning: Equate pins:  cell sky130_fd_sc_hd__a2bb2oi_1 has no definition, treated as a black box.

Subcircuit pins:
Circuit 1: sky130_fd_sc_hd__a2bb2oi_1      |Circuit 2: sky130_fd_sc_hd__a2bb2oi_1      
-------------------------------------------|-------------------------------------------
A1_N                                       |A1_N                                       
A2_N                                       |A2_N                                       
B1                                         |B1                                         
B2                                         |B2                                         
Y                                          |Y                                          
---------------------------------------------------------------------------------------
Cell pin lists are equivalent.
Device classes sky130_fd_sc_hd__a2bb2oi_1 and sky130_fd_sc_hd__a2bb2oi_1 are equivalent.

Cell sky130_fd_sc_hd__nor3_2 disconnected node: A
Cell sky130_fd_sc_hd__nor3_2 disconnected node: B
Cell sky130_fd_sc_hd__nor3_2 disconnected node: C
Cell sky130_fd_sc_hd__nor3_2 disconnected node: VGND
Cell sky130_fd_sc_hd__nor3_2 disconnected node: VNB
Cell sky130_fd_sc_hd__nor3_2 disconnected node: VPB
Cell sky130_fd_sc_hd__nor3_2 disconnected node: VPWR
Cell sky130_fd_sc_hd__nor3_2 disconnected node: Y
Warning: Equate pins:  cell sky130_fd_sc_hd__nor3_2 has no definition, treated as a black box.

Subcircuit pins:
Circuit 1: sky130_fd_sc_hd__nor3_2         |Circuit 2: sky130_fd_sc_hd__nor3_2         
-------------------------------------------|-------------------------------------------
A                                          |A                                          
B                                          |B                                          
C                                          |C                                          
Y                                          |Y                                          
---------------------------------------------------------------------------------------
Cell pin lists are equivalent.
Device classes sky130_fd_sc_hd__nor3_2 and sky130_fd_sc_hd__nor3_2 are equivalent.

Cell sky130_fd_sc_hd__and3b_2 disconnected node: A_N
Cell sky130_fd_sc_hd__and3b_2 disconnected node: B
Cell sky130_fd_sc_hd__and3b_2 disconnected node: C
Cell sky130_fd_sc_hd__and3b_2 disconnected node: VGND
Cell sky130_fd_sc_hd__and3b_2 disconnected node: VNB
Cell sky130_fd_sc_hd__and3b_2 disconnected node: VPB
Cell sky130_fd_sc_hd__and3b_2 disconnected node: VPWR
Cell sky130_fd_sc_hd__and3b_2 disconnected node: X
Warning: Equate pins:  cell sky130_fd_sc_hd__and3b_2 has no definition, treated as a black box.

Subcircuit pins:
Circuit 1: sky130_fd_sc_hd__and3b_2        |Circuit 2: sky130_fd_sc_hd__and3b_2        
-------------------------------------------|-------------------------------------------
A_N                                        |A_N                                        
B                                          |B                                          
C                                          |C                                          
X                                          |X                                          
---------------------------------------------------------------------------------------
Cell pin lists are equivalent.
Device classes sky130_fd_sc_hd__and3b_2 and sky130_fd_sc_hd__and3b_2 are equivalent.

Cell sky130_fd_sc_hd__o41a_1 disconnected node: A1
Cell sky130_fd_sc_hd__o41a_1 disconnected node: A2
Cell sky130_fd_sc_hd__o41a_1 disconnected node: A3
Cell sky130_fd_sc_hd__o41a_1 disconnected node: A4
Cell sky130_fd_sc_hd__o41a_1 disconnected node: B1
Cell sky130_fd_sc_hd__o41a_1 disconnected node: VGND
Cell sky130_fd_sc_hd__o41a_1 disconnected node: VNB
Cell sky130_fd_sc_hd__o41a_1 disconnected node: VPB
Cell sky130_fd_sc_hd__o41a_1 disconnected node: VPWR
Cell sky130_fd_sc_hd__o41a_1 disconnected node: X
Warning: Equate pins:  cell sky130_fd_sc_hd__o41a_1 has no definition, treated as a black box.

Subcircuit pins:
Circuit 1: sky130_fd_sc_hd__o41a_1         |Circuit 2: sky130_fd_sc_hd__o41a_1         
-------------------------------------------|-------------------------------------------
A1                                         |A1                                         
A2                                         |A2                                         
A3                                         |A3                                         
A4                                         |A4                                         
B1                                         |B1                                         
X                                          |X                                          
---------------------------------------------------------------------------------------
Cell pin lists are equivalent.
Device classes sky130_fd_sc_hd__o41a_1 and sky130_fd_sc_hd__o41a_1 are equivalent.

Cell sky130_fd_sc_hd__a32oi_2 disconnected node: A1
Cell sky130_fd_sc_hd__a32oi_2 disconnected node: A2
Cell sky130_fd_sc_hd__a32oi_2 disconnected node: A3
Cell sky130_fd_sc_hd__a32oi_2 disconnected node: B1
Cell sky130_fd_sc_hd__a32oi_2 disconnected node: B2
Cell sky130_fd_sc_hd__a32oi_2 disconnected node: VGND
Cell sky130_fd_sc_hd__a32oi_2 disconnected node: VNB
Cell sky130_fd_sc_hd__a32oi_2 disconnected node: VPB
Cell sky130_fd_sc_hd__a32oi_2 disconnected node: VPWR
Cell sky130_fd_sc_hd__a32oi_2 disconnected node: Y
Warning: Equate pins:  cell sky130_fd_sc_hd__a32oi_2 has no definition, treated as a black box.

Subcircuit pins:
Circuit 1: sky130_fd_sc_hd__a32oi_2        |Circuit 2: sky130_fd_sc_hd__a32oi_2        
-------------------------------------------|-------------------------------------------
A1                                         |A1                                         
A2                                         |A2                                         
A3                                         |A3                                         
B1                                         |B1                                         
B2                                         |B2                                         
Y                                          |Y                                          
---------------------------------------------------------------------------------------
Cell pin lists are equivalent.
Device classes sky130_fd_sc_hd__a32oi_2 and sky130_fd_sc_hd__a32oi_2 are equivalent.

Cell sky130_fd_sc_hd__o2111a_2 disconnected node: A1
Cell sky130_fd_sc_hd__o2111a_2 disconnected node: A2
Cell sky130_fd_sc_hd__o2111a_2 disconnected node: B1
Cell sky130_fd_sc_hd__o2111a_2 disconnected node: C1
Cell sky130_fd_sc_hd__o2111a_2 disconnected node: D1
Cell sky130_fd_sc_hd__o2111a_2 disconnected node: VGND
Cell sky130_fd_sc_hd__o2111a_2 disconnected node: VNB
Cell sky130_fd_sc_hd__o2111a_2 disconnected node: VPB
Cell sky130_fd_sc_hd__o2111a_2 disconnected node: VPWR
Cell sky130_fd_sc_hd__o2111a_2 disconnected node: X
Warning: Equate pins:  cell sky130_fd_sc_hd__o2111a_2 has no definition, treated as a black box.

Subcircuit pins:
Circuit 1: sky130_fd_sc_hd__o2111a_2       |Circuit 2: sky130_fd_sc_hd__o2111a_2       
-------------------------------------------|-------------------------------------------
A1                                         |A1                                         
A2                                         |A2                                         
B1                                         |B1                                         
C1                                         |C1                                         
D1                                         |D1                                         
X                                          |X                                          
---------------------------------------------------------------------------------------
Cell pin lists are equivalent.
Device classes sky130_fd_sc_hd__o2111a_2 and sky130_fd_sc_hd__o2111a_2 are equivalent.

Cell sky130_fd_sc_hd__and4b_1 disconnected node: A_N
Cell sky130_fd_sc_hd__and4b_1 disconnected node: B
Cell sky130_fd_sc_hd__and4b_1 disconnected node: C
Cell sky130_fd_sc_hd__and4b_1 disconnected node: D
Cell sky130_fd_sc_hd__and4b_1 disconnected node: VGND
Cell sky130_fd_sc_hd__and4b_1 disconnected node: VNB
Cell sky130_fd_sc_hd__and4b_1 disconnected node: VPB
Cell sky130_fd_sc_hd__and4b_1 disconnected node: VPWR
Cell sky130_fd_sc_hd__and4b_1 disconnected node: X
Warning: Equate pins:  cell sky130_fd_sc_hd__and4b_1 has no definition, treated as a black box.

Subcircuit pins:
Circuit 1: sky130_fd_sc_hd__and4b_1        |Circuit 2: sky130_fd_sc_hd__and4b_1        
-------------------------------------------|-------------------------------------------
A_N                                        |A_N                                        
B                                          |B                                          
C                                          |C                                          
D                                          |D                                          
X                                          |X                                          
---------------------------------------------------------------------------------------
Cell pin lists are equivalent.
Device classes sky130_fd_sc_hd__and4b_1 and sky130_fd_sc_hd__and4b_1 are equivalent.

Cell sky130_fd_sc_hd__or4b_4 disconnected node: A
Cell sky130_fd_sc_hd__or4b_4 disconnected node: B
Cell sky130_fd_sc_hd__or4b_4 disconnected node: C
Cell sky130_fd_sc_hd__or4b_4 disconnected node: D_N
Cell sky130_fd_sc_hd__or4b_4 disconnected node: VGND
Cell sky130_fd_sc_hd__or4b_4 disconnected node: VNB
Cell sky130_fd_sc_hd__or4b_4 disconnected node: VPB
Cell sky130_fd_sc_hd__or4b_4 disconnected node: VPWR
Cell sky130_fd_sc_hd__or4b_4 disconnected node: X
Warning: Equate pins:  cell sky130_fd_sc_hd__or4b_4 has no definition, treated as a black box.

Subcircuit pins:
Circuit 1: sky130_fd_sc_hd__or4b_4         |Circuit 2: sky130_fd_sc_hd__or4b_4         
-------------------------------------------|-------------------------------------------
A                                          |A                                          
B                                          |B                                          
C                                          |C                                          
D_N                                        |D_N                                        
X                                          |X                                          
---------------------------------------------------------------------------------------
Cell pin lists are equivalent.
Device classes sky130_fd_sc_hd__or4b_4 and sky130_fd_sc_hd__or4b_4 are equivalent.

Cell sky130_fd_sc_hd__o2bb2a_4 disconnected node: A1_N
Cell sky130_fd_sc_hd__o2bb2a_4 disconnected node: A2_N
Cell sky130_fd_sc_hd__o2bb2a_4 disconnected node: B1
Cell sky130_fd_sc_hd__o2bb2a_4 disconnected node: B2
Cell sky130_fd_sc_hd__o2bb2a_4 disconnected node: VGND
Cell sky130_fd_sc_hd__o2bb2a_4 disconnected node: VNB
Cell sky130_fd_sc_hd__o2bb2a_4 disconnected node: VPB
Cell sky130_fd_sc_hd__o2bb2a_4 disconnected node: VPWR
Cell sky130_fd_sc_hd__o2bb2a_4 disconnected node: X
Warning: Equate pins:  cell sky130_fd_sc_hd__o2bb2a_4 has no definition, treated as a black box.

Subcircuit pins:
Circuit 1: sky130_fd_sc_hd__o2bb2a_4       |Circuit 2: sky130_fd_sc_hd__o2bb2a_4       
-------------------------------------------|-------------------------------------------
A1_N                                       |A1_N                                       
A2_N                                       |A2_N                                       
B1                                         |B1                                         
B2                                         |B2                                         
X                                          |X                                          
---------------------------------------------------------------------------------------
Cell pin lists are equivalent.
Device classes sky130_fd_sc_hd__o2bb2a_4 and sky130_fd_sc_hd__o2bb2a_4 are equivalent.

Cell sky130_fd_sc_hd__o2bb2a_2 disconnected node: A1_N
Cell sky130_fd_sc_hd__o2bb2a_2 disconnected node: A2_N
Cell sky130_fd_sc_hd__o2bb2a_2 disconnected node: B1
Cell sky130_fd_sc_hd__o2bb2a_2 disconnected node: B2
Cell sky130_fd_sc_hd__o2bb2a_2 disconnected node: VGND
Cell sky130_fd_sc_hd__o2bb2a_2 disconnected node: VNB
Cell sky130_fd_sc_hd__o2bb2a_2 disconnected node: VPB
Cell sky130_fd_sc_hd__o2bb2a_2 disconnected node: VPWR
Cell sky130_fd_sc_hd__o2bb2a_2 disconnected node: X
Warning: Equate pins:  cell sky130_fd_sc_hd__o2bb2a_2 has no definition, treated as a black box.

Subcircuit pins:
Circuit 1: sky130_fd_sc_hd__o2bb2a_2       |Circuit 2: sky130_fd_sc_hd__o2bb2a_2       
-------------------------------------------|-------------------------------------------
A1_N                                       |A1_N                                       
A2_N                                       |A2_N                                       
B1                                         |B1                                         
B2                                         |B2                                         
X                                          |X                                          
---------------------------------------------------------------------------------------
Cell pin lists are equivalent.
Device classes sky130_fd_sc_hd__o2bb2a_2 and sky130_fd_sc_hd__o2bb2a_2 are equivalent.

Cell sky130_fd_sc_hd__a311o_2 disconnected node: A1
Cell sky130_fd_sc_hd__a311o_2 disconnected node: A2
Cell sky130_fd_sc_hd__a311o_2 disconnected node: A3
Cell sky130_fd_sc_hd__a311o_2 disconnected node: B1
Cell sky130_fd_sc_hd__a311o_2 disconnected node: C1
Cell sky130_fd_sc_hd__a311o_2 disconnected node: VGND
Cell sky130_fd_sc_hd__a311o_2 disconnected node: VNB
Cell sky130_fd_sc_hd__a311o_2 disconnected node: VPB
Cell sky130_fd_sc_hd__a311o_2 disconnected node: VPWR
Cell sky130_fd_sc_hd__a311o_2 disconnected node: X
Warning: Equate pins:  cell sky130_fd_sc_hd__a311o_2 has no definition, treated as a black box.

Subcircuit pins:
Circuit 1: sky130_fd_sc_hd__a311o_2        |Circuit 2: sky130_fd_sc_hd__a311o_2        
-------------------------------------------|-------------------------------------------
A1                                         |A1                                         
A2                                         |A2                                         
A3                                         |A3                                         
B1                                         |B1                                         
C1                                         |C1                                         
X                                          |X                                          
---------------------------------------------------------------------------------------
Cell pin lists are equivalent.
Device classes sky130_fd_sc_hd__a311o_2 and sky130_fd_sc_hd__a311o_2 are equivalent.

Cell sky130_fd_sc_hd__a2111o_1 disconnected node: A1
Cell sky130_fd_sc_hd__a2111o_1 disconnected node: A2
Cell sky130_fd_sc_hd__a2111o_1 disconnected node: B1
Cell sky130_fd_sc_hd__a2111o_1 disconnected node: C1
Cell sky130_fd_sc_hd__a2111o_1 disconnected node: D1
Cell sky130_fd_sc_hd__a2111o_1 disconnected node: VGND
Cell sky130_fd_sc_hd__a2111o_1 disconnected node: VNB
Cell sky130_fd_sc_hd__a2111o_1 disconnected node: VPB
Cell sky130_fd_sc_hd__a2111o_1 disconnected node: VPWR
Cell sky130_fd_sc_hd__a2111o_1 disconnected node: X
Warning: Equate pins:  cell sky130_fd_sc_hd__a2111o_1 has no definition, treated as a black box.

Subcircuit pins:
Circuit 1: sky130_fd_sc_hd__a2111o_1       |Circuit 2: sky130_fd_sc_hd__a2111o_1       
-------------------------------------------|-------------------------------------------
A1                                         |A1                                         
A2                                         |A2                                         
B1                                         |B1                                         
C1                                         |C1                                         
D1                                         |D1                                         
X                                          |X                                          
---------------------------------------------------------------------------------------
Cell pin lists are equivalent.
Device classes sky130_fd_sc_hd__a2111o_1 and sky130_fd_sc_hd__a2111o_1 are equivalent.

Cell sky130_fd_sc_hd__a211o_4 disconnected node: A1
Cell sky130_fd_sc_hd__a211o_4 disconnected node: A2
Cell sky130_fd_sc_hd__a211o_4 disconnected node: B1
Cell sky130_fd_sc_hd__a211o_4 disconnected node: C1
Cell sky130_fd_sc_hd__a211o_4 disconnected node: VGND
Cell sky130_fd_sc_hd__a211o_4 disconnected node: VNB
Cell sky130_fd_sc_hd__a211o_4 disconnected node: VPB
Cell sky130_fd_sc_hd__a211o_4 disconnected node: VPWR
Cell sky130_fd_sc_hd__a211o_4 disconnected node: X
Warning: Equate pins:  cell sky130_fd_sc_hd__a211o_4 has no definition, treated as a black box.

Subcircuit pins:
Circuit 1: sky130_fd_sc_hd__a211o_4        |Circuit 2: sky130_fd_sc_hd__a211o_4        
-------------------------------------------|-------------------------------------------
A1                                         |A1                                         
A2                                         |A2                                         
B1                                         |B1                                         
C1                                         |C1                                         
X                                          |X                                          
---------------------------------------------------------------------------------------
Cell pin lists are equivalent.
Device classes sky130_fd_sc_hd__a211o_4 and sky130_fd_sc_hd__a211o_4 are equivalent.

Cell fft16_r4 disconnected node: VPWR
Cell fft16_r4 disconnected node: VGND
Cell fft16_r4 disconnected node: X_imag[15]
Cell fft16_r4 disconnected node: X_imag[14]
Cell fft16_r4 disconnected node: X_imag[13]
Cell fft16_r4 disconnected node: X_imag[12]
Cell fft16_r4 disconnected node: X_imag[11]
Cell fft16_r4 disconnected node: X_imag[10]
Cell fft16_r4 disconnected node: X_imag[9]
Cell fft16_r4 disconnected node: X_imag[8]
Cell fft16_r4 disconnected node: X_imag[7]
Cell fft16_r4 disconnected node: X_imag[6]
Cell fft16_r4 disconnected node: X_imag[5]
Cell fft16_r4 disconnected node: X_imag[4]
Cell fft16_r4 disconnected node: X_imag[3]
Cell fft16_r4 disconnected node: X_imag[2]
Cell fft16_r4 disconnected node: X_imag[1]
Cell fft16_r4 disconnected node: X_imag[0]
Cell fft16_r4 disconnected node: X_real[15]
Cell fft16_r4 disconnected node: X_real[14]
Cell fft16_r4 disconnected node: X_real[13]
Cell fft16_r4 disconnected node: X_real[12]
Cell fft16_r4 disconnected node: X_real[11]
Cell fft16_r4 disconnected node: X_real[10]
Cell fft16_r4 disconnected node: X_real[9]
Cell fft16_r4 disconnected node: X_real[8]
Cell fft16_r4 disconnected node: X_real[7]
Cell fft16_r4 disconnected node: X_real[6]
Cell fft16_r4 disconnected node: X_real[5]
Cell fft16_r4 disconnected node: X_real[4]
Cell fft16_r4 disconnected node: X_real[3]
Cell fft16_r4 disconnected node: X_real[2]
Cell fft16_r4 disconnected node: X_real[1]
Cell fft16_r4 disconnected node: X_real[0]
Class fft16_r4:  Merged 15172 devices.
Class fft16_r4:  Merged 59412 devices.

Cell fft16_r4 disconnected node: VPWR
Cell fft16_r4 disconnected node: VGND
Cell fft16_r4 disconnected node: X_imag[15]
Cell fft16_r4 disconnected node: X_imag[14]
Cell fft16_r4 disconnected node: X_imag[13]
Cell fft16_r4 disconnected node: X_imag[12]
Cell fft16_r4 disconnected node: X_imag[11]
Cell fft16_r4 disconnected node: X_imag[10]
Cell fft16_r4 disconnected node: X_imag[9]
Cell fft16_r4 disconnected node: X_imag[8]
Cell fft16_r4 disconnected node: X_imag[7]
Cell fft16_r4 disconnected node: X_imag[6]
Cell fft16_r4 disconnected node: X_imag[5]
Cell fft16_r4 disconnected node: X_imag[4]
Cell fft16_r4 disconnected node: X_imag[3]
Cell fft16_r4 disconnected node: X_imag[2]
Cell fft16_r4 disconnected node: X_imag[1]
Cell fft16_r4 disconnected node: X_imag[0]
Cell fft16_r4 disconnected node: X_real[15]
Cell fft16_r4 disconnected node: X_real[14]
Cell fft16_r4 disconnected node: X_real[13]
Cell fft16_r4 disconnected node: X_real[12]
Cell fft16_r4 disconnected node: X_real[11]
Cell fft16_r4 disconnected node: X_real[10]
Cell fft16_r4 disconnected node: X_real[9]
Cell fft16_r4 disconnected node: X_real[8]
Cell fft16_r4 disconnected node: X_real[7]
Cell fft16_r4 disconnected node: X_real[6]
Cell fft16_r4 disconnected node: X_real[5]
Cell fft16_r4 disconnected node: X_real[4]
Cell fft16_r4 disconnected node: X_real[3]
Cell fft16_r4 disconnected node: X_real[2]
Cell fft16_r4 disconnected node: X_real[1]
Cell fft16_r4 disconnected node: X_real[0]

Subcircuit summary:
Circuit 1: fft16_r4                        |Circuit 2: fft16_r4                        
-------------------------------------------|-------------------------------------------
sky130_fd_sc_hd__decap_4 (1)               |sky130_fd_sc_hd__decap_4 (1)               
sky130_fd_sc_hd__mux2_2 (120)              |sky130_fd_sc_hd__mux2_2 (120)              
sky130_fd_sc_hd__a21o_2 (105)              |sky130_fd_sc_hd__a21o_2 (105)              
sky130_fd_sc_hd__nand2_4 (530)             |sky130_fd_sc_hd__nand2_4 (530)             
sky130_fd_sc_hd__decap_3 (1)               |sky130_fd_sc_hd__decap_3 (1)               
sky130_fd_sc_hd__nand3_4 (1248)            |sky130_fd_sc_hd__nand3_4 (1248)            
sky130_fd_sc_hd__diode_2 (2166)            |sky130_fd_sc_hd__diode_2 (2166)            
sky130_fd_sc_hd__mux2_1 (571)              |sky130_fd_sc_hd__mux2_1 (571)              
sky130_fd_sc_hd__and3_1 (235)              |sky130_fd_sc_hd__and3_1 (235)              
sky130_fd_sc_hd__o21ai_2 (277)             |sky130_fd_sc_hd__o21ai_2 (277)             
sky130_fd_sc_hd__buf_6 (87)                |sky130_fd_sc_hd__buf_6 (87)                
sky130_fd_sc_hd__nor2_1 (369)              |sky130_fd_sc_hd__nor2_1 (369)              
sky130_fd_sc_hd__inv_2 (1160)              |sky130_fd_sc_hd__inv_2 (1160)              
sky130_fd_sc_hd__nand2_1 (2040)            |sky130_fd_sc_hd__nand2_1 (2040)            
sky130_fd_sc_hd__nand2_2 (1310)            |sky130_fd_sc_hd__nand2_2 (1310)            
sky130_fd_sc_hd__a21oi_4 (543)             |sky130_fd_sc_hd__a21oi_4 (543)             
sky130_fd_sc_hd__dfrtp_2 (531)             |sky130_fd_sc_hd__dfrtp_2 (531)             
sky130_fd_sc_hd__xor2_1 (54)               |sky130_fd_sc_hd__xor2_1 (54)               
sky130_fd_sc_hd__a31oi_4 (56)              |sky130_fd_sc_hd__a31oi_4 (56)              
sky130_fd_sc_hd__nand3_2 (351)             |sky130_fd_sc_hd__nand3_2 (351)             
sky130_fd_sc_hd__and2_1 (363)              |sky130_fd_sc_hd__and2_1 (363)              
sky130_fd_sc_hd__a31o_1 (90)               |sky130_fd_sc_hd__a31o_1 (90)               
sky130_fd_sc_hd__and2b_1 (19)              |sky130_fd_sc_hd__and2b_1 (19)              
sky130_fd_sc_hd__or2_2 (176)               |sky130_fd_sc_hd__or2_2 (176)               
sky130_fd_sc_hd__clkbuf_4 (400)            |sky130_fd_sc_hd__clkbuf_4 (400)            
sky130_fd_sc_hd__o22ai_4 (261)             |sky130_fd_sc_hd__o22ai_4 (261)             
sky130_fd_sc_hd__tapvpwrvgnd_1 (1)         |sky130_fd_sc_hd__tapvpwrvgnd_1 (1)         
sky130_fd_sc_hd__decap_8 (1)               |sky130_fd_sc_hd__decap_8 (1)               
sky130_fd_sc_hd__and3_2 (67)               |sky130_fd_sc_hd__and3_2 (67)               
sky130_fd_sc_hd__decap_12 (1)              |sky130_fd_sc_hd__decap_12 (1)              
sky130_fd_sc_hd__a21oi_2 (229)             |sky130_fd_sc_hd__a21oi_2 (229)             
sky130_fd_sc_hd__nor2_8 (246)              |sky130_fd_sc_hd__nor2_8 (246)              
sky130_fd_sc_hd__a31oi_1 (9)               |sky130_fd_sc_hd__a31oi_1 (9)               
sky130_fd_sc_hd__o2bb2ai_4 (114)           |sky130_fd_sc_hd__o2bb2ai_4 (114)           
sky130_fd_sc_hd__a22oi_2 (17)              |sky130_fd_sc_hd__a22oi_2 (17)              
sky130_fd_sc_hd__nand3b_4 (178)            |sky130_fd_sc_hd__nand3b_4 (178)            
sky130_fd_sc_hd__nor2_2 (407)              |sky130_fd_sc_hd__nor2_2 (407)              
sky130_fd_sc_hd__o21ai_4 (263)             |sky130_fd_sc_hd__o21ai_4 (263)             
sky130_fd_sc_hd__nor2_4 (447)              |sky130_fd_sc_hd__nor2_4 (447)              
sky130_fd_sc_hd__o211a_2 (37)              |sky130_fd_sc_hd__o211a_2 (37)              
sky130_fd_sc_hd__fill_1 (1)                |sky130_fd_sc_hd__fill_1 (1)                
sky130_fd_sc_hd__decap_6 (1)               |sky130_fd_sc_hd__decap_6 (1)               
sky130_fd_sc_hd__a22o_1 (162)              |sky130_fd_sc_hd__a22o_1 (162)              
sky130_fd_sc_hd__o21ai_1 (156)             |sky130_fd_sc_hd__o21ai_1 (156)             
sky130_fd_sc_hd__or3b_1 (13)               |sky130_fd_sc_hd__or3b_1 (13)               
sky130_fd_sc_hd__mux2_4 (101)              |sky130_fd_sc_hd__mux2_4 (101)              
sky130_fd_sc_hd__clkinv_4 (37)             |sky130_fd_sc_hd__clkinv_4 (37)             
sky130_fd_sc_hd__clkbuf_2 (701)            |sky130_fd_sc_hd__clkbuf_2 (701)            
sky130_fd_sc_hd__o2bb2ai_1 (38)            |sky130_fd_sc_hd__o2bb2ai_1 (38)            
sky130_fd_sc_hd__a21bo_1 (52)              |sky130_fd_sc_hd__a21bo_1 (52)              
sky130_fd_sc_hd__a211oi_4 (23)             |sky130_fd_sc_hd__a211oi_4 (23)             
sky130_fd_sc_hd__o21a_1 (135)              |sky130_fd_sc_hd__o21a_1 (135)              
sky130_fd_sc_hd__conb_1 (1)                |sky130_fd_sc_hd__conb_1 (1)                
sky130_fd_sc_hd__a21oi_1 (143)             |sky130_fd_sc_hd__a21oi_1 (143)             
sky130_fd_sc_hd__or2_1 (338)               |sky130_fd_sc_hd__or2_1 (338)               
sky130_fd_sc_hd__o21a_2 (25)               |sky130_fd_sc_hd__o21a_2 (25)               
sky130_fd_sc_hd__xnor2_2 (19)              |sky130_fd_sc_hd__xnor2_2 (19)              
sky130_fd_sc_hd__and2_2 (93)               |sky130_fd_sc_hd__and2_2 (93)               
sky130_fd_sc_hd__a21o_1 (460)              |sky130_fd_sc_hd__a21o_1 (460)              
sky130_fd_sc_hd__o21bai_4 (92)             |sky130_fd_sc_hd__o21bai_4 (92)             
sky130_fd_sc_hd__xor2_4 (45)               |sky130_fd_sc_hd__xor2_4 (45)               
sky130_fd_sc_hd__buf_4 (211)               |sky130_fd_sc_hd__buf_4 (211)               
sky130_fd_sc_hd__buf_2 (409)               |sky130_fd_sc_hd__buf_2 (409)               
sky130_fd_sc_hd__fill_2 (1)                |sky130_fd_sc_hd__fill_2 (1)                
sky130_fd_sc_hd__dfrtp_1 (116)             |sky130_fd_sc_hd__dfrtp_1 (116)             
sky130_fd_sc_hd__o21bai_2 (41)             |sky130_fd_sc_hd__o21bai_2 (41)             
sky130_fd_sc_hd__a221oi_2 (115)            |sky130_fd_sc_hd__a221oi_2 (115)            
sky130_fd_sc_hd__o22ai_2 (11)              |sky130_fd_sc_hd__o22ai_2 (11)              
sky130_fd_sc_hd__a21boi_4 (66)             |sky130_fd_sc_hd__a21boi_4 (66)             
sky130_fd_sc_hd__xnor2_1 (33)              |sky130_fd_sc_hd__xnor2_1 (33)              
sky130_fd_sc_hd__nand2_8 (51)              |sky130_fd_sc_hd__nand2_8 (51)              
sky130_fd_sc_hd__o211ai_4 (89)             |sky130_fd_sc_hd__o211ai_4 (89)             
sky130_fd_sc_hd__xnor2_4 (20)              |sky130_fd_sc_hd__xnor2_4 (20)              
sky130_fd_sc_hd__o2bb2ai_2 (95)            |sky130_fd_sc_hd__o2bb2ai_2 (95)            
sky130_fd_sc_hd__nor2b_4 (10)              |sky130_fd_sc_hd__nor2b_4 (10)              
sky130_fd_sc_hd__or3_1 (13)                |sky130_fd_sc_hd__or3_1 (13)                
sky130_fd_sc_hd__and2_4 (19)               |sky130_fd_sc_hd__and2_4 (19)               
sky130_fd_sc_hd__a22oi_4 (187)             |sky130_fd_sc_hd__a22oi_4 (187)             
sky130_fd_sc_hd__o22a_1 (26)               |sky130_fd_sc_hd__o22a_1 (26)               
sky130_fd_sc_hd__a2bb2o_1 (31)             |sky130_fd_sc_hd__a2bb2o_1 (31)             
sky130_fd_sc_hd__a21bo_2 (10)              |sky130_fd_sc_hd__a21bo_2 (10)              
sky130_fd_sc_hd__clkinv_8 (17)             |sky130_fd_sc_hd__clkinv_8 (17)             
sky130_fd_sc_hd__or2_4 (48)                |sky130_fd_sc_hd__or2_4 (48)                
sky130_fd_sc_hd__xor2_2 (33)               |sky130_fd_sc_hd__xor2_2 (33)               
sky130_fd_sc_hd__a211o_2 (9)               |sky130_fd_sc_hd__a211o_2 (9)               
sky130_fd_sc_hd__a21boi_2 (30)             |sky130_fd_sc_hd__a21boi_2 (30)             
sky130_fd_sc_hd__nand3_1 (169)             |sky130_fd_sc_hd__nand3_1 (169)             
sky130_fd_sc_hd__clkbuf_16 (109)           |sky130_fd_sc_hd__clkbuf_16 (109)           
sky130_fd_sc_hd__buf_8 (36)                |sky130_fd_sc_hd__buf_8 (36)                
sky130_fd_sc_hd__nand3b_1 (20)             |sky130_fd_sc_hd__nand3b_1 (20)             
sky130_fd_sc_hd__o31ai_2 (5)               |sky130_fd_sc_hd__o31ai_2 (5)               
sky130_fd_sc_hd__o2111ai_4 (127)           |sky130_fd_sc_hd__o2111ai_4 (127)           
sky130_fd_sc_hd__o211a_1 (91)              |sky130_fd_sc_hd__o211a_1 (91)              
sky130_fd_sc_hd__o21bai_1 (23)             |sky130_fd_sc_hd__o21bai_1 (23)             
sky130_fd_sc_hd__mux2_8 (36)               |sky130_fd_sc_hd__mux2_8 (36)               
sky130_fd_sc_hd__nand3b_2 (32)             |sky130_fd_sc_hd__nand3b_2 (32)             
sky130_fd_sc_hd__a221o_1 (16)              |sky130_fd_sc_hd__a221o_1 (16)              
sky130_fd_sc_hd__or2b_2 (21)               |sky130_fd_sc_hd__or2b_2 (21)               
sky130_fd_sc_hd__o211ai_2 (25)             |sky130_fd_sc_hd__o211ai_2 (25)             
sky130_fd_sc_hd__a21o_4 (13)               |sky130_fd_sc_hd__a21o_4 (13)               
sky130_fd_sc_hd__buf_1 (22)                |sky130_fd_sc_hd__buf_1 (22)                
sky130_fd_sc_hd__a22o_4 (2)                |sky130_fd_sc_hd__a22o_4 (2)                
sky130_fd_sc_hd__o2111a_4 (3)              |sky130_fd_sc_hd__o2111a_4 (3)              
sky130_fd_sc_hd__a31oi_2 (8)               |sky130_fd_sc_hd__a31oi_2 (8)               
sky130_fd_sc_hd__nor3_4 (44)               |sky130_fd_sc_hd__nor3_4 (44)               
sky130_fd_sc_hd__a41o_1 (5)                |sky130_fd_sc_hd__a41o_1 (5)                
sky130_fd_sc_hd__o221ai_4 (10)             |sky130_fd_sc_hd__o221ai_4 (10)             
sky130_fd_sc_hd__o22ai_1 (21)              |sky130_fd_sc_hd__o22ai_1 (21)              
sky130_fd_sc_hd__and3_4 (15)               |sky130_fd_sc_hd__and3_4 (15)               
sky130_fd_sc_hd__dfrtp_4 (8)               |sky130_fd_sc_hd__dfrtp_4 (8)               
sky130_fd_sc_hd__inv_4 (10)                |sky130_fd_sc_hd__inv_4 (10)                
sky130_fd_sc_hd__a2bb2oi_4 (14)            |sky130_fd_sc_hd__a2bb2oi_4 (14)            
sky130_fd_sc_hd__or2b_1 (26)               |sky130_fd_sc_hd__or2b_1 (26)               
sky130_fd_sc_hd__or3_4 (26)                |sky130_fd_sc_hd__or3_4 (26)                
sky130_fd_sc_hd__o31a_1 (20)               |sky130_fd_sc_hd__o31a_1 (20)               
sky130_fd_sc_hd__a21boi_1 (17)             |sky130_fd_sc_hd__a21boi_1 (17)             
sky130_fd_sc_hd__or2b_4 (5)                |sky130_fd_sc_hd__or2b_4 (5)                
sky130_fd_sc_hd__a22o_2 (8)                |sky130_fd_sc_hd__a22o_2 (8)                
sky130_fd_sc_hd__and4_1 (10)               |sky130_fd_sc_hd__and4_1 (10)               
sky130_fd_sc_hd__o22a_4 (1)                |sky130_fd_sc_hd__o22a_4 (1)                
sky130_fd_sc_hd__a22oi_1 (14)              |sky130_fd_sc_hd__a22oi_1 (14)              
sky130_fd_sc_hd__or3_2 (6)                 |sky130_fd_sc_hd__or3_2 (6)                 
sky130_fd_sc_hd__o32a_4 (1)                |sky130_fd_sc_hd__o32a_4 (1)                
sky130_fd_sc_hd__or3b_4 (15)               |sky130_fd_sc_hd__or3b_4 (15)               
sky130_fd_sc_hd__a2bb2oi_2 (5)             |sky130_fd_sc_hd__a2bb2oi_2 (5)             
sky130_fd_sc_hd__clkbuf_8 (9)              |sky130_fd_sc_hd__clkbuf_8 (9)              
sky130_fd_sc_hd__inv_8 (1)                 |sky130_fd_sc_hd__inv_8 (1)                 
sky130_fd_sc_hd__and4_2 (4)                |sky130_fd_sc_hd__and4_2 (4)                
sky130_fd_sc_hd__o211ai_1 (4)              |sky130_fd_sc_hd__o211ai_1 (4)              
sky130_fd_sc_hd__and2b_2 (6)               |sky130_fd_sc_hd__and2b_2 (6)               
sky130_fd_sc_hd__o2111a_1 (14)             |sky130_fd_sc_hd__o2111a_1 (14)             
sky130_fd_sc_hd__a211o_1 (14)              |sky130_fd_sc_hd__a211o_1 (14)              
sky130_fd_sc_hd__o32a_1 (2)                |sky130_fd_sc_hd__o32a_1 (2)                
sky130_fd_sc_hd__a31o_2 (13)               |sky130_fd_sc_hd__a31o_2 (13)               
sky130_fd_sc_hd__o211a_4 (10)              |sky130_fd_sc_hd__o211a_4 (10)              
sky130_fd_sc_hd__o2bb2a_1 (5)              |sky130_fd_sc_hd__o2bb2a_1 (5)              
sky130_fd_sc_hd__a211oi_2 (1)              |sky130_fd_sc_hd__a211oi_2 (1)              
sky130_fd_sc_hd__nor3b_4 (5)               |sky130_fd_sc_hd__nor3b_4 (5)               
sky130_fd_sc_hd__a311oi_4 (2)              |sky130_fd_sc_hd__a311oi_4 (2)              
sky130_fd_sc_hd__a221o_2 (6)               |sky130_fd_sc_hd__a221o_2 (6)               
sky130_fd_sc_hd__a32o_1 (7)                |sky130_fd_sc_hd__a32o_1 (7)                
sky130_fd_sc_hd__o21ba_1 (3)               |sky130_fd_sc_hd__o21ba_1 (3)               
sky130_fd_sc_hd__o221a_1 (6)               |sky130_fd_sc_hd__o221a_1 (6)               
sky130_fd_sc_hd__a32oi_4 (10)              |sky130_fd_sc_hd__a32oi_4 (10)              
sky130_fd_sc_hd__and3b_1 (3)               |sky130_fd_sc_hd__and3b_1 (3)               
sky130_fd_sc_hd__and2b_4 (1)               |sky130_fd_sc_hd__and2b_4 (1)               
sky130_fd_sc_hd__o311a_2 (1)               |sky130_fd_sc_hd__o311a_2 (1)               
sky130_fd_sc_hd__nand2b_4 (1)              |sky130_fd_sc_hd__nand2b_4 (1)              
sky130_fd_sc_hd__or4_4 (7)                 |sky130_fd_sc_hd__or4_4 (7)                 
sky130_fd_sc_hd__o22a_2 (4)                |sky130_fd_sc_hd__o22a_2 (4)                
sky130_fd_sc_hd__a311o_1 (2)               |sky130_fd_sc_hd__a311o_1 (2)               
sky130_fd_sc_hd__and4_4 (3)                |sky130_fd_sc_hd__and4_4 (3)                
sky130_fd_sc_hd__a32o_2 (1)                |sky130_fd_sc_hd__a32o_2 (1)                
sky130_fd_sc_hd__dlymetal6s2s_1 (1)        |sky130_fd_sc_hd__dlymetal6s2s_1 (1)        
sky130_fd_sc_hd__a31o_4 (4)                |sky130_fd_sc_hd__a31o_4 (4)                
sky130_fd_sc_hd__a41oi_4 (3)               |sky130_fd_sc_hd__a41oi_4 (3)               
sky130_fd_sc_hd__o31a_2 (3)                |sky130_fd_sc_hd__o31a_2 (3)                
sky130_fd_sc_hd__a2bb2oi_1 (5)             |sky130_fd_sc_hd__a2bb2oi_1 (5)             
sky130_fd_sc_hd__nor3_2 (1)                |sky130_fd_sc_hd__nor3_2 (1)                
sky130_fd_sc_hd__and3b_2 (1)               |sky130_fd_sc_hd__and3b_2 (1)               
sky130_fd_sc_hd__o41a_1 (1)                |sky130_fd_sc_hd__o41a_1 (1)                
sky130_fd_sc_hd__a32oi_2 (1)               |sky130_fd_sc_hd__a32oi_2 (1)               
sky130_fd_sc_hd__o2111a_2 (3)              |sky130_fd_sc_hd__o2111a_2 (3)              
sky130_fd_sc_hd__and4b_1 (2)               |sky130_fd_sc_hd__and4b_1 (2)               
sky130_fd_sc_hd__or4b_4 (1)                |sky130_fd_sc_hd__or4b_4 (1)                
sky130_fd_sc_hd__o2bb2a_4 (1)              |sky130_fd_sc_hd__o2bb2a_4 (1)              
sky130_fd_sc_hd__o2bb2a_2 (1)              |sky130_fd_sc_hd__o2bb2a_2 (1)              
sky130_fd_sc_hd__a311o_2 (1)               |sky130_fd_sc_hd__a311o_2 (1)               
sky130_fd_sc_hd__a2111o_1 (1)              |sky130_fd_sc_hd__a2111o_1 (1)              
sky130_fd_sc_hd__a211o_4 (1)               |sky130_fd_sc_hd__a211o_4 (1)               
Number of devices: 20623                   |Number of devices: 20623                   
Number of nets: 18454 **Mismatch**         |Number of nets: 18460 **Mismatch**         
---------------------------------------------------------------------------------------
NET mismatches: Class fragments follow (with fanout counts):
Circuit 1: fft16_r4                        |Circuit 2: fft16_r4                        

---------------------------------------------------------------------------------------
Net: VGND                                  |Net: _noconnect_1_                         
  sky130_fd_sc_hd__decap_4/VGND = 1        |  sky130_fd_sc_hd__decap_3/(no pins) = 1   
  sky130_fd_sc_hd__decap_4/VNB = 1         |                                           
  sky130_fd_sc_hd__decap_3/VGND = 1        |                                           
  sky130_fd_sc_hd__decap_3/VNB = 1         |                                           
  sky130_fd_sc_hd__tapvpwrvgnd_1/VGND = 1  |                                           
  sky130_fd_sc_hd__decap_8/VGND = 1        |                                           
  sky130_fd_sc_hd__decap_8/VNB = 1         |                                           
  sky130_fd_sc_hd__decap_12/VGND = 1       |                                           
  sky130_fd_sc_hd__decap_12/VNB = 1        |                                           
  sky130_fd_sc_hd__fill_1/VGND = 1         |                                           
  sky130_fd_sc_hd__fill_1/VNB = 1          |                                           
  sky130_fd_sc_hd__decap_6/VGND = 1        |                                           
  sky130_fd_sc_hd__decap_6/VNB = 1         |                                           
  sky130_fd_sc_hd__fill_2/VGND = 1         |                                           
  sky130_fd_sc_hd__fill_2/VNB = 1          |                                           
                                           |                                           
Net: VPWR                                  |Net: _noconnect_525_                       
  sky130_fd_sc_hd__decap_4/VPB = 1         |  sky130_fd_sc_hd__tapvpwrvgnd_1/(no pins) 
  sky130_fd_sc_hd__decap_4/VPWR = 1        |                                           
  sky130_fd_sc_hd__decap_3/VPB = 1         |                                           
  sky130_fd_sc_hd__decap_3/VPWR = 1        |                                           
  sky130_fd_sc_hd__tapvpwrvgnd_1/VPWR = 1  |                                           
  sky130_fd_sc_hd__decap_8/VPB = 1         |                                           
  sky130_fd_sc_hd__decap_8/VPWR = 1        |                                           
  sky130_fd_sc_hd__decap_12/VPB = 1        |                                           
  sky130_fd_sc_hd__decap_12/VPWR = 1       |                                           
  sky130_fd_sc_hd__fill_1/VPB = 1          |                                           
  sky130_fd_sc_hd__fill_1/VPWR = 1         |                                           
  sky130_fd_sc_hd__decap_6/VPB = 1         |                                           
  sky130_fd_sc_hd__decap_6/VPWR = 1        |                                           
  sky130_fd_sc_hd__fill_2/VPB = 1          |                                           
  sky130_fd_sc_hd__fill_2/VPWR = 1         |                                           
                                           |                                           
(no matching net)                          |Net: _noconnect_7651_                      
                                           |  sky130_fd_sc_hd__decap_4/(no pins) = 1   
                                           |                                           
(no matching net)                          |Net: _noconnect_7653_                      
                                           |  sky130_fd_sc_hd__fill_1/(no pins) = 1    
                                           |                                           
(no matching net)                          |Net: _noconnect_7654_                      
                                           |  sky130_fd_sc_hd__decap_6/(no pins) = 1   
                                           |                                           
(no matching net)                          |Net: _noconnect_7676_                      
                                           |  sky130_fd_sc_hd__decap_8/(no pins) = 1   
                                           |                                           
(no matching net)                          |Net: _noconnect_7867_                      
                                           |  sky130_fd_sc_hd__decap_12/(no pins) = 1  
                                           |                                           
(no matching net)                          |Net: _noconnect_7875_                      
                                           |  sky130_fd_sc_hd__fill_2/(no pins) = 1    
---------------------------------------------------------------------------------------
Netlists do not match.
Netlists do not match.
