max slew

Pin                                    Limit    Slew   Slack
------------------------------------------------------------
_25365_/A_N                             1.50   12.14  -10.64 (VIOLATED)
_25446_/A1                              1.50   12.14  -10.64 (VIOLATED)
_27255_/S                               1.50   12.14  -10.64 (VIOLATED)
_27257_/S                               1.50   12.14  -10.64 (VIOLATED)
_27259_/S                               1.50   12.14  -10.64 (VIOLATED)
_27261_/S                               1.50   12.14  -10.64 (VIOLATED)
_27263_/S                               1.50   12.14  -10.64 (VIOLATED)
_27265_/S                               1.50   12.14  -10.64 (VIOLATED)
_27267_/S                               1.50   12.14  -10.64 (VIOLATED)
_27269_/S                               1.50   12.14  -10.64 (VIOLATED)
_27271_/S                               1.50   12.14  -10.64 (VIOLATED)
_27273_/S                               1.50   12.14  -10.64 (VIOLATED)
_27275_/S                               1.50   12.14  -10.64 (VIOLATED)
_27277_/S                               1.50   12.14  -10.64 (VIOLATED)
_27279_/S                               1.50   12.14  -10.64 (VIOLATED)
_27281_/S                               1.50   12.14  -10.64 (VIOLATED)
_27283_/S                               1.50   12.14  -10.64 (VIOLATED)
_27285_/S                               1.50   12.14  -10.64 (VIOLATED)
_27287_/S                               1.50   12.14  -10.64 (VIOLATED)
_27289_/S                               1.50   12.14  -10.64 (VIOLATED)
_27291_/S                               1.50   12.14  -10.64 (VIOLATED)
_27293_/S                               1.50   12.14  -10.64 (VIOLATED)
_27295_/S                               1.50   12.14  -10.64 (VIOLATED)
_27297_/S                               1.50   12.14  -10.64 (VIOLATED)
_27299_/S                               1.50   12.14  -10.64 (VIOLATED)
_27301_/S                               1.50   12.14  -10.64 (VIOLATED)
_27303_/S                               1.50   12.14  -10.64 (VIOLATED)
_27305_/S                               1.50   12.14  -10.64 (VIOLATED)
_27307_/S                               1.50   12.14  -10.64 (VIOLATED)
_27309_/S                               1.50   12.14  -10.64 (VIOLATED)
_27311_/S                               1.50   12.14  -10.64 (VIOLATED)
_27313_/S                               1.50   12.14  -10.64 (VIOLATED)
_27315_/S                               1.50   12.14  -10.64 (VIOLATED)
_27317_/S                               1.50   12.14  -10.64 (VIOLATED)
_27319_/S                               1.50   12.14  -10.64 (VIOLATED)
_27321_/S                               1.50   12.14  -10.64 (VIOLATED)
_27323_/S                               1.50   12.14  -10.64 (VIOLATED)
_27325_/S                               1.50   12.14  -10.64 (VIOLATED)
_27327_/S                               1.50   12.14  -10.64 (VIOLATED)
_27329_/S                               1.50   12.14  -10.64 (VIOLATED)
_27331_/S                               1.50   12.14  -10.64 (VIOLATED)
_27333_/S                               1.50   12.14  -10.64 (VIOLATED)
_27335_/S                               1.50   12.14  -10.64 (VIOLATED)
_27337_/S                               1.50   12.14  -10.64 (VIOLATED)
_27339_/S                               1.50   12.14  -10.64 (VIOLATED)
_27341_/S                               1.50   12.14  -10.64 (VIOLATED)
_27343_/S                               1.50   12.14  -10.64 (VIOLATED)
_27345_/S                               1.50   12.14  -10.64 (VIOLATED)
_27347_/S                               1.50   12.14  -10.64 (VIOLATED)
_27349_/S                               1.50   12.14  -10.64 (VIOLATED)
_27351_/S                               1.50   12.14  -10.64 (VIOLATED)
_27353_/S                               1.50   12.14  -10.64 (VIOLATED)
_27355_/S                               1.50   12.14  -10.64 (VIOLATED)
_27357_/S                               1.50   12.14  -10.64 (VIOLATED)
_27359_/S                               1.50   12.14  -10.64 (VIOLATED)
_27361_/S                               1.50   12.14  -10.64 (VIOLATED)
_27363_/S                               1.50   12.14  -10.64 (VIOLATED)
_27365_/S                               1.50   12.14  -10.64 (VIOLATED)
_27367_/S                               1.50   12.14  -10.64 (VIOLATED)
_27369_/S                               1.50   12.14  -10.64 (VIOLATED)
_27371_/S                               1.50   12.14  -10.64 (VIOLATED)
_27373_/S                               1.50   12.14  -10.64 (VIOLATED)
_27375_/S                               1.50   12.14  -10.64 (VIOLATED)
_27377_/S                               1.50   12.14  -10.64 (VIOLATED)
_27379_/S                               1.50   12.14  -10.64 (VIOLATED)
_27381_/S                               1.50   12.14  -10.64 (VIOLATED)
_27383_/S                               1.50   12.14  -10.64 (VIOLATED)
_27385_/S                               1.50   12.14  -10.64 (VIOLATED)
_27387_/S                               1.50   12.14  -10.64 (VIOLATED)
_27389_/S                               1.50   12.14  -10.64 (VIOLATED)
_27391_/S                               1.50   12.14  -10.64 (VIOLATED)
_27393_/S                               1.50   12.14  -10.64 (VIOLATED)
_27395_/S                               1.50   12.14  -10.64 (VIOLATED)
_27397_/S                               1.50   12.14  -10.64 (VIOLATED)
_27399_/S                               1.50   12.14  -10.64 (VIOLATED)
_27401_/S                               1.50   12.14  -10.64 (VIOLATED)
_27403_/S                               1.50   12.14  -10.64 (VIOLATED)
_27405_/S                               1.50   12.14  -10.64 (VIOLATED)
_27407_/S                               1.50   12.14  -10.64 (VIOLATED)
_27409_/S                               1.50   12.14  -10.64 (VIOLATED)
_27411_/S                               1.50   12.14  -10.64 (VIOLATED)
_27413_/S                               1.50   12.14  -10.64 (VIOLATED)
_27415_/S                               1.50   12.14  -10.64 (VIOLATED)
_27417_/S                               1.50   12.14  -10.64 (VIOLATED)
_27419_/S                               1.50   12.14  -10.64 (VIOLATED)
_27421_/S                               1.50   12.14  -10.64 (VIOLATED)
_27423_/S                               1.50   12.14  -10.64 (VIOLATED)
_27425_/S                               1.50   12.14  -10.64 (VIOLATED)
_27427_/S                               1.50   12.14  -10.64 (VIOLATED)
_27429_/S                               1.50   12.14  -10.64 (VIOLATED)
_27431_/S                               1.50   12.14  -10.64 (VIOLATED)
_27433_/S                               1.50   12.14  -10.64 (VIOLATED)
_27435_/S                               1.50   12.14  -10.64 (VIOLATED)
_27437_/S                               1.50   12.14  -10.64 (VIOLATED)
_27439_/S                               1.50   12.14  -10.64 (VIOLATED)
_27441_/S                               1.50   12.14  -10.64 (VIOLATED)
_27443_/S                               1.50   12.14  -10.64 (VIOLATED)
_27445_/S                               1.50   12.14  -10.64 (VIOLATED)
_27447_/S                               1.50   12.14  -10.64 (VIOLATED)
_27449_/S                               1.50   12.14  -10.64 (VIOLATED)
_27451_/S                               1.50   12.14  -10.64 (VIOLATED)
_27453_/S                               1.50   12.14  -10.64 (VIOLATED)
_27455_/S                               1.50   12.14  -10.64 (VIOLATED)
_27457_/S                               1.50   12.14  -10.64 (VIOLATED)
_27459_/S                               1.50   12.14  -10.64 (VIOLATED)
_27461_/S                               1.50   12.14  -10.64 (VIOLATED)
_27463_/S                               1.50   12.14  -10.64 (VIOLATED)
_27465_/S                               1.50   12.14  -10.64 (VIOLATED)
_27467_/S                               1.50   12.14  -10.64 (VIOLATED)
_27469_/S                               1.50   12.14  -10.64 (VIOLATED)
_27471_/S                               1.50   12.14  -10.64 (VIOLATED)
_27473_/S                               1.50   12.14  -10.64 (VIOLATED)
_27475_/S                               1.50   12.14  -10.64 (VIOLATED)
_27477_/S                               1.50   12.14  -10.64 (VIOLATED)
_27479_/S                               1.50   12.14  -10.64 (VIOLATED)
_27481_/S                               1.50   12.14  -10.64 (VIOLATED)
_27483_/S                               1.50   12.14  -10.64 (VIOLATED)
_27485_/S                               1.50   12.14  -10.64 (VIOLATED)
_27487_/S                               1.50   12.14  -10.64 (VIOLATED)
_27489_/S                               1.50   12.14  -10.64 (VIOLATED)
_27491_/S                               1.50   12.14  -10.64 (VIOLATED)
_27493_/S                               1.50   12.14  -10.64 (VIOLATED)
_27495_/S                               1.50   12.14  -10.64 (VIOLATED)
_27497_/S                               1.50   12.14  -10.64 (VIOLATED)
_27499_/S                               1.50   12.14  -10.64 (VIOLATED)
_27501_/S                               1.50   12.14  -10.64 (VIOLATED)
_27503_/S                               1.50   12.14  -10.64 (VIOLATED)
_27505_/S                               1.50   12.14  -10.64 (VIOLATED)
_27507_/S                               1.50   12.14  -10.64 (VIOLATED)
_27509_/S                               1.50   12.14  -10.64 (VIOLATED)
_27511_/S                               1.50   12.14  -10.64 (VIOLATED)
_27513_/S                               1.50   12.14  -10.64 (VIOLATED)
_27515_/S                               1.50   12.14  -10.64 (VIOLATED)
_27517_/S                               1.50   12.14  -10.64 (VIOLATED)
_27519_/S                               1.50   12.14  -10.64 (VIOLATED)
_27521_/S                               1.50   12.14  -10.64 (VIOLATED)
_27523_/S                               1.50   12.14  -10.64 (VIOLATED)
_27525_/S                               1.50   12.14  -10.64 (VIOLATED)
_27527_/S                               1.50   12.14  -10.64 (VIOLATED)
_27529_/S                               1.50   12.14  -10.64 (VIOLATED)
_27531_/S                               1.50   12.14  -10.64 (VIOLATED)
_27533_/S                               1.50   12.14  -10.64 (VIOLATED)
_27535_/S                               1.50   12.14  -10.64 (VIOLATED)
_27537_/S                               1.50   12.14  -10.64 (VIOLATED)
_27539_/S                               1.50   12.14  -10.64 (VIOLATED)
_27541_/S                               1.50   12.14  -10.64 (VIOLATED)
_27543_/S                               1.50   12.14  -10.64 (VIOLATED)
_27545_/S                               1.50   12.14  -10.64 (VIOLATED)
_27547_/S                               1.50   12.14  -10.64 (VIOLATED)
_27549_/S                               1.50   12.14  -10.64 (VIOLATED)
_27551_/S                               1.50   12.14  -10.64 (VIOLATED)
_27553_/S                               1.50   12.14  -10.64 (VIOLATED)
_27555_/S                               1.50   12.14  -10.64 (VIOLATED)
_27557_/S                               1.50   12.14  -10.64 (VIOLATED)
_27559_/S                               1.50   12.14  -10.64 (VIOLATED)
_27561_/S                               1.50   12.14  -10.64 (VIOLATED)
_27563_/S                               1.50   12.14  -10.64 (VIOLATED)
_27565_/S                               1.50   12.14  -10.64 (VIOLATED)
_27567_/S                               1.50   12.14  -10.64 (VIOLATED)
_27569_/S                               1.50   12.14  -10.64 (VIOLATED)
_27571_/S                               1.50   12.14  -10.64 (VIOLATED)
_27573_/S                               1.50   12.14  -10.64 (VIOLATED)
_27575_/S                               1.50   12.14  -10.64 (VIOLATED)
_27577_/S                               1.50   12.14  -10.64 (VIOLATED)
_27579_/S                               1.50   12.14  -10.64 (VIOLATED)
_27581_/S                               1.50   12.14  -10.64 (VIOLATED)
_27583_/S                               1.50   12.14  -10.64 (VIOLATED)
_27585_/S                               1.50   12.14  -10.64 (VIOLATED)
_27587_/S                               1.50   12.14  -10.64 (VIOLATED)
_27589_/S                               1.50   12.14  -10.64 (VIOLATED)
_27591_/S                               1.50   12.14  -10.64 (VIOLATED)
_27593_/S                               1.50   12.14  -10.64 (VIOLATED)
_27595_/S                               1.50   12.14  -10.64 (VIOLATED)
_27597_/S                               1.50   12.14  -10.64 (VIOLATED)
_27599_/S                               1.50   12.14  -10.64 (VIOLATED)
_27601_/S                               1.50   12.14  -10.64 (VIOLATED)
_27603_/S                               1.50   12.14  -10.64 (VIOLATED)
_27605_/S                               1.50   12.14  -10.64 (VIOLATED)
_27607_/S                               1.50   12.14  -10.64 (VIOLATED)
_27609_/S                               1.50   12.14  -10.64 (VIOLATED)
_27611_/S                               1.50   12.14  -10.64 (VIOLATED)
_27613_/S                               1.50   12.14  -10.64 (VIOLATED)
_27615_/S                               1.50   12.14  -10.64 (VIOLATED)
_27617_/S                               1.50   12.14  -10.64 (VIOLATED)
_27619_/S                               1.50   12.14  -10.64 (VIOLATED)
_27621_/S                               1.50   12.14  -10.64 (VIOLATED)
_27623_/S                               1.50   12.14  -10.64 (VIOLATED)
_27625_/S                               1.50   12.14  -10.64 (VIOLATED)
_27627_/S                               1.50   12.14  -10.64 (VIOLATED)
_27629_/S                               1.50   12.14  -10.64 (VIOLATED)
_27631_/S                               1.50   12.14  -10.64 (VIOLATED)
_27633_/S                               1.50   12.14  -10.64 (VIOLATED)
_27635_/S                               1.50   12.14  -10.64 (VIOLATED)
_27637_/S                               1.50   12.14  -10.64 (VIOLATED)
_27639_/S                               1.50   12.14  -10.64 (VIOLATED)
_27641_/S                               1.50   12.14  -10.64 (VIOLATED)
_27643_/S                               1.50   12.14  -10.64 (VIOLATED)
_27645_/S                               1.50   12.14  -10.64 (VIOLATED)
_27647_/S                               1.50   12.14  -10.64 (VIOLATED)
_27649_/S                               1.50   12.14  -10.64 (VIOLATED)
_27651_/S                               1.50   12.14  -10.64 (VIOLATED)
_27653_/S                               1.50   12.14  -10.64 (VIOLATED)
_27655_/S                               1.50   12.14  -10.64 (VIOLATED)
_27657_/S                               1.50   12.14  -10.64 (VIOLATED)
_27659_/S                               1.50   12.14  -10.64 (VIOLATED)
_27661_/S                               1.50   12.14  -10.64 (VIOLATED)
_27663_/S                               1.50   12.14  -10.64 (VIOLATED)
_27665_/S                               1.50   12.14  -10.64 (VIOLATED)
_27667_/S                               1.50   12.14  -10.64 (VIOLATED)
_27669_/S                               1.50   12.14  -10.64 (VIOLATED)
_27671_/S                               1.50   12.14  -10.64 (VIOLATED)
_27673_/S                               1.50   12.14  -10.64 (VIOLATED)
_27675_/S                               1.50   12.14  -10.64 (VIOLATED)
_27677_/S                               1.50   12.14  -10.64 (VIOLATED)
_27679_/S                               1.50   12.14  -10.64 (VIOLATED)
_27681_/S                               1.50   12.14  -10.64 (VIOLATED)
_27683_/S                               1.50   12.14  -10.64 (VIOLATED)
_27685_/S                               1.50   12.14  -10.64 (VIOLATED)
_27687_/S                               1.50   12.14  -10.64 (VIOLATED)
_27689_/S                               1.50   12.14  -10.64 (VIOLATED)
_27691_/S                               1.50   12.14  -10.64 (VIOLATED)
_27693_/S                               1.50   12.14  -10.64 (VIOLATED)
_27695_/S                               1.50   12.14  -10.64 (VIOLATED)
_27697_/S                               1.50   12.14  -10.64 (VIOLATED)
_27699_/S                               1.50   12.14  -10.64 (VIOLATED)
_27701_/S                               1.50   12.14  -10.64 (VIOLATED)
_27703_/S                               1.50   12.14  -10.64 (VIOLATED)
_27705_/S                               1.50   12.14  -10.64 (VIOLATED)
_27707_/S                               1.50   12.14  -10.64 (VIOLATED)
_27709_/S                               1.50   12.14  -10.64 (VIOLATED)
_27711_/S                               1.50   12.14  -10.64 (VIOLATED)
_27713_/S                               1.50   12.14  -10.64 (VIOLATED)
_27715_/S                               1.50   12.14  -10.64 (VIOLATED)
_27717_/S                               1.50   12.14  -10.64 (VIOLATED)
_27719_/S                               1.50   12.14  -10.64 (VIOLATED)
_27721_/S                               1.50   12.14  -10.64 (VIOLATED)
_27723_/S                               1.50   12.14  -10.64 (VIOLATED)
_27725_/S                               1.50   12.14  -10.64 (VIOLATED)
_27727_/S                               1.50   12.14  -10.64 (VIOLATED)
_27729_/S                               1.50   12.14  -10.64 (VIOLATED)
_27731_/S                               1.50   12.14  -10.64 (VIOLATED)
_27733_/S                               1.50   12.14  -10.64 (VIOLATED)
_27735_/S                               1.50   12.14  -10.64 (VIOLATED)
_27736_/S                               1.50   12.14  -10.64 (VIOLATED)
_27738_/S                               1.50   12.14  -10.64 (VIOLATED)
_27740_/S                               1.50   12.14  -10.64 (VIOLATED)
_27742_/S                               1.50   12.14  -10.64 (VIOLATED)
_27744_/S                               1.50   12.14  -10.64 (VIOLATED)
_27746_/S                               1.50   12.14  -10.64 (VIOLATED)
_27748_/S                               1.50   12.14  -10.64 (VIOLATED)
_27750_/S                               1.50   12.14  -10.64 (VIOLATED)
_27752_/S                               1.50   12.14  -10.64 (VIOLATED)
_27754_/S                               1.50   12.14  -10.64 (VIOLATED)
_27756_/S                               1.50   12.14  -10.64 (VIOLATED)
_27758_/S                               1.50   12.14  -10.64 (VIOLATED)
_27760_/S                               1.50   12.14  -10.64 (VIOLATED)
_27762_/S                               1.50   12.14  -10.64 (VIOLATED)
_27764_/S                               1.50   12.14  -10.64 (VIOLATED)
_27766_/S                               1.50   12.14  -10.64 (VIOLATED)
_27768_/S                               1.50   12.14  -10.64 (VIOLATED)
_27770_/S                               1.50   12.14  -10.64 (VIOLATED)
_27772_/S                               1.50   12.14  -10.64 (VIOLATED)
_27774_/S                               1.50   12.14  -10.64 (VIOLATED)
_27776_/S                               1.50   12.14  -10.64 (VIOLATED)
_27778_/S                               1.50   12.14  -10.64 (VIOLATED)
_27780_/S                               1.50   12.14  -10.64 (VIOLATED)
_27782_/S                               1.50   12.14  -10.64 (VIOLATED)
_27784_/S                               1.50   12.14  -10.64 (VIOLATED)
_27786_/S                               1.50   12.14  -10.64 (VIOLATED)
_27788_/S                               1.50   12.14  -10.64 (VIOLATED)
_27790_/S                               1.50   12.14  -10.64 (VIOLATED)
_27792_/S                               1.50   12.14  -10.64 (VIOLATED)
_27794_/S                               1.50   12.14  -10.64 (VIOLATED)
_27796_/S                               1.50   12.14  -10.64 (VIOLATED)
_27798_/S                               1.50   12.14  -10.64 (VIOLATED)
_27800_/S                               1.50   12.14  -10.64 (VIOLATED)
_27802_/S                               1.50   12.14  -10.64 (VIOLATED)
_27804_/S                               1.50   12.14  -10.64 (VIOLATED)
_27806_/S                               1.50   12.14  -10.64 (VIOLATED)
_27808_/S                               1.50   12.14  -10.64 (VIOLATED)
_27810_/S                               1.50   12.14  -10.64 (VIOLATED)
_27812_/S                               1.50   12.14  -10.64 (VIOLATED)
_27814_/S                               1.50   12.14  -10.64 (VIOLATED)
_27816_/S                               1.50   12.14  -10.64 (VIOLATED)
_27818_/S                               1.50   12.14  -10.64 (VIOLATED)
_27820_/S                               1.50   12.14  -10.64 (VIOLATED)
_27822_/S                               1.50   12.14  -10.64 (VIOLATED)
_27824_/S                               1.50   12.14  -10.64 (VIOLATED)
_27826_/S                               1.50   12.14  -10.64 (VIOLATED)
_27828_/S                               1.50   12.14  -10.64 (VIOLATED)
_27830_/S                               1.50   12.14  -10.64 (VIOLATED)
_27832_/S                               1.50   12.14  -10.64 (VIOLATED)
_27834_/S                               1.50   12.14  -10.64 (VIOLATED)
_27836_/S                               1.50   12.14  -10.64 (VIOLATED)
_27838_/S                               1.50   12.14  -10.64 (VIOLATED)
_27840_/S                               1.50   12.14  -10.64 (VIOLATED)
_27842_/S                               1.50   12.14  -10.64 (VIOLATED)
_27844_/S                               1.50   12.14  -10.64 (VIOLATED)
_27846_/S                               1.50   12.14  -10.64 (VIOLATED)
_27848_/S                               1.50   12.14  -10.64 (VIOLATED)
_27850_/S                               1.50   12.14  -10.64 (VIOLATED)
_27852_/S                               1.50   12.14  -10.64 (VIOLATED)
_27854_/S                               1.50   12.14  -10.64 (VIOLATED)
_27856_/S                               1.50   12.14  -10.64 (VIOLATED)
_27858_/S                               1.50   12.14  -10.64 (VIOLATED)
_27860_/S                               1.50   12.14  -10.64 (VIOLATED)
_27862_/S                               1.50   12.14  -10.64 (VIOLATED)
_27864_/S                               1.50   12.14  -10.64 (VIOLATED)
_27866_/S                               1.50   12.14  -10.64 (VIOLATED)
_27868_/S                               1.50   12.14  -10.64 (VIOLATED)
_27870_/S                               1.50   12.14  -10.64 (VIOLATED)
_27872_/S                               1.50   12.14  -10.64 (VIOLATED)
_27874_/S                               1.50   12.14  -10.64 (VIOLATED)
_27876_/S                               1.50   12.14  -10.64 (VIOLATED)
_27878_/S                               1.50   12.14  -10.64 (VIOLATED)
_27880_/S                               1.50   12.14  -10.64 (VIOLATED)
_27882_/S                               1.50   12.14  -10.64 (VIOLATED)
_27884_/S                               1.50   12.14  -10.64 (VIOLATED)
_27886_/S                               1.50   12.14  -10.64 (VIOLATED)
_27888_/S                               1.50   12.14  -10.64 (VIOLATED)
_27890_/S                               1.50   12.14  -10.64 (VIOLATED)
_27892_/S                               1.50   12.14  -10.64 (VIOLATED)
_27894_/S                               1.50   12.14  -10.64 (VIOLATED)
_27896_/S                               1.50   12.14  -10.64 (VIOLATED)
_27898_/S                               1.50   12.14  -10.64 (VIOLATED)
_27900_/S                               1.50   12.14  -10.64 (VIOLATED)
_27902_/S                               1.50   12.14  -10.64 (VIOLATED)
_27904_/S                               1.50   12.14  -10.64 (VIOLATED)
_27906_/S                               1.50   12.14  -10.64 (VIOLATED)
_27908_/S                               1.50   12.14  -10.64 (VIOLATED)
_27910_/S                               1.50   12.14  -10.64 (VIOLATED)
_27912_/S                               1.50   12.14  -10.64 (VIOLATED)
_27914_/S                               1.50   12.14  -10.64 (VIOLATED)
_27916_/S                               1.50   12.14  -10.64 (VIOLATED)
_27918_/S                               1.50   12.14  -10.64 (VIOLATED)
_27920_/S                               1.50   12.14  -10.64 (VIOLATED)
_27922_/S                               1.50   12.14  -10.64 (VIOLATED)
_27924_/S                               1.50   12.14  -10.64 (VIOLATED)
_27926_/S                               1.50   12.14  -10.64 (VIOLATED)
_27928_/S                               1.50   12.14  -10.64 (VIOLATED)
_27930_/S                               1.50   12.14  -10.64 (VIOLATED)
_27932_/S                               1.50   12.14  -10.64 (VIOLATED)
_27934_/S                               1.50   12.14  -10.64 (VIOLATED)
_27936_/S                               1.50   12.14  -10.64 (VIOLATED)
_27938_/S                               1.50   12.14  -10.64 (VIOLATED)
_27940_/S                               1.50   12.14  -10.64 (VIOLATED)
_27942_/S                               1.50   12.14  -10.64 (VIOLATED)
_27944_/S                               1.50   12.14  -10.64 (VIOLATED)
_27946_/S                               1.50   12.14  -10.64 (VIOLATED)
_27948_/S                               1.50   12.14  -10.64 (VIOLATED)
_27950_/S                               1.50   12.14  -10.64 (VIOLATED)
_27952_/S                               1.50   12.14  -10.64 (VIOLATED)
_27954_/S                               1.50   12.14  -10.64 (VIOLATED)
_27956_/S                               1.50   12.14  -10.64 (VIOLATED)
_27958_/S                               1.50   12.14  -10.64 (VIOLATED)
_27960_/S                               1.50   12.14  -10.64 (VIOLATED)
_27962_/S                               1.50   12.14  -10.64 (VIOLATED)
_27964_/S                               1.50   12.14  -10.64 (VIOLATED)
_27966_/S                               1.50   12.14  -10.64 (VIOLATED)
_27968_/S                               1.50   12.14  -10.64 (VIOLATED)
_27970_/S                               1.50   12.14  -10.64 (VIOLATED)
_27972_/S                               1.50   12.14  -10.64 (VIOLATED)
_27974_/S                               1.50   12.14  -10.64 (VIOLATED)
_27976_/S                               1.50   12.14  -10.64 (VIOLATED)
_27978_/S                               1.50   12.14  -10.64 (VIOLATED)
_27980_/S                               1.50   12.14  -10.64 (VIOLATED)
_27982_/S                               1.50   12.14  -10.64 (VIOLATED)
_27984_/S                               1.50   12.14  -10.64 (VIOLATED)
_27986_/S                               1.50   12.14  -10.64 (VIOLATED)
_27988_/S                               1.50   12.14  -10.64 (VIOLATED)
_27990_/S                               1.50   12.14  -10.64 (VIOLATED)
_27992_/S                               1.50   12.14  -10.64 (VIOLATED)
_27994_/S                               1.50   12.14  -10.64 (VIOLATED)
_27996_/S                               1.50   12.14  -10.64 (VIOLATED)
_27998_/S                               1.50   12.14  -10.64 (VIOLATED)
_28000_/S                               1.50   12.14  -10.64 (VIOLATED)
_28002_/S                               1.50   12.14  -10.64 (VIOLATED)
_28004_/S                               1.50   12.14  -10.64 (VIOLATED)
_28006_/S                               1.50   12.14  -10.64 (VIOLATED)
_28008_/S                               1.50   12.14  -10.64 (VIOLATED)
_28010_/S                               1.50   12.14  -10.64 (VIOLATED)
_28012_/S                               1.50   12.14  -10.64 (VIOLATED)
_28014_/S                               1.50   12.14  -10.64 (VIOLATED)
_28016_/S                               1.50   12.14  -10.64 (VIOLATED)
_28018_/S                               1.50   12.14  -10.64 (VIOLATED)
_28020_/S                               1.50   12.14  -10.64 (VIOLATED)
_28022_/S                               1.50   12.14  -10.64 (VIOLATED)
_28024_/S                               1.50   12.14  -10.64 (VIOLATED)
_28026_/S                               1.50   12.14  -10.64 (VIOLATED)
_28028_/S                               1.50   12.14  -10.64 (VIOLATED)
_28030_/S                               1.50   12.14  -10.64 (VIOLATED)
_28032_/S                               1.50   12.14  -10.64 (VIOLATED)
_28034_/S                               1.50   12.14  -10.64 (VIOLATED)
_28036_/S                               1.50   12.14  -10.64 (VIOLATED)
_28038_/S                               1.50   12.14  -10.64 (VIOLATED)
_28040_/S                               1.50   12.14  -10.64 (VIOLATED)
_28042_/S                               1.50   12.14  -10.64 (VIOLATED)
_28044_/S                               1.50   12.14  -10.64 (VIOLATED)
_28046_/S                               1.50   12.14  -10.64 (VIOLATED)
_28048_/S                               1.50   12.14  -10.64 (VIOLATED)
_28050_/S                               1.50   12.14  -10.64 (VIOLATED)
_28052_/S                               1.50   12.14  -10.64 (VIOLATED)
_28054_/S                               1.50   12.14  -10.64 (VIOLATED)
_28056_/S                               1.50   12.14  -10.64 (VIOLATED)
_28058_/S                               1.50   12.14  -10.64 (VIOLATED)
_28060_/S                               1.50   12.14  -10.64 (VIOLATED)
_28062_/S                               1.50   12.14  -10.64 (VIOLATED)
_28064_/S                               1.50   12.14  -10.64 (VIOLATED)
_28066_/S                               1.50   12.14  -10.64 (VIOLATED)
_28068_/S                               1.50   12.14  -10.64 (VIOLATED)
_28070_/S                               1.50   12.14  -10.64 (VIOLATED)
_28072_/S                               1.50   12.14  -10.64 (VIOLATED)
_28074_/S                               1.50   12.14  -10.64 (VIOLATED)
_28076_/S                               1.50   12.14  -10.64 (VIOLATED)
_28078_/S                               1.50   12.14  -10.64 (VIOLATED)
_28080_/S                               1.50   12.14  -10.64 (VIOLATED)
_28082_/S                               1.50   12.14  -10.64 (VIOLATED)
_28084_/S                               1.50   12.14  -10.64 (VIOLATED)
_28086_/S                               1.50   12.14  -10.64 (VIOLATED)
_28088_/S                               1.50   12.14  -10.64 (VIOLATED)
_28090_/S                               1.50   12.14  -10.64 (VIOLATED)
_28092_/S                               1.50   12.14  -10.64 (VIOLATED)
_28094_/S                               1.50   12.14  -10.64 (VIOLATED)
_28096_/S                               1.50   12.14  -10.64 (VIOLATED)
_28098_/S                               1.50   12.14  -10.64 (VIOLATED)
_28100_/S                               1.50   12.14  -10.64 (VIOLATED)
_28102_/S                               1.50   12.14  -10.64 (VIOLATED)
_28104_/S                               1.50   12.14  -10.64 (VIOLATED)
_28106_/S                               1.50   12.14  -10.64 (VIOLATED)
_28108_/S                               1.50   12.14  -10.64 (VIOLATED)
_28110_/S                               1.50   12.14  -10.64 (VIOLATED)
_28112_/S                               1.50   12.14  -10.64 (VIOLATED)
_28114_/S                               1.50   12.14  -10.64 (VIOLATED)
_28116_/S                               1.50   12.14  -10.64 (VIOLATED)
_28118_/S                               1.50   12.14  -10.64 (VIOLATED)
_28120_/S                               1.50   12.14  -10.64 (VIOLATED)
_28122_/S                               1.50   12.14  -10.64 (VIOLATED)
_28124_/S                               1.50   12.14  -10.64 (VIOLATED)
_28126_/S                               1.50   12.14  -10.64 (VIOLATED)
_28128_/S                               1.50   12.14  -10.64 (VIOLATED)
_28130_/S                               1.50   12.14  -10.64 (VIOLATED)
_28132_/S                               1.50   12.14  -10.64 (VIOLATED)
_28134_/S                               1.50   12.14  -10.64 (VIOLATED)
_28136_/S                               1.50   12.14  -10.64 (VIOLATED)
_28138_/S                               1.50   12.14  -10.64 (VIOLATED)
_28140_/S                               1.50   12.14  -10.64 (VIOLATED)
_28142_/S                               1.50   12.14  -10.64 (VIOLATED)
_28144_/S                               1.50   12.14  -10.64 (VIOLATED)
_28146_/S                               1.50   12.14  -10.64 (VIOLATED)
_28148_/S                               1.50   12.14  -10.64 (VIOLATED)
_28150_/S                               1.50   12.14  -10.64 (VIOLATED)
_28152_/S                               1.50   12.14  -10.64 (VIOLATED)
_28154_/S                               1.50   12.14  -10.64 (VIOLATED)
_28156_/S                               1.50   12.14  -10.64 (VIOLATED)
_28158_/S                               1.50   12.14  -10.64 (VIOLATED)
_28160_/S                               1.50   12.14  -10.64 (VIOLATED)
_28162_/S                               1.50   12.14  -10.64 (VIOLATED)
_28164_/S                               1.50   12.14  -10.64 (VIOLATED)
_28166_/S                               1.50   12.14  -10.64 (VIOLATED)
_28168_/S                               1.50   12.14  -10.64 (VIOLATED)
_28170_/S                               1.50   12.14  -10.64 (VIOLATED)
_28172_/S                               1.50   12.14  -10.64 (VIOLATED)
_28174_/S                               1.50   12.14  -10.64 (VIOLATED)
_28176_/S                               1.50   12.14  -10.64 (VIOLATED)
_28178_/S                               1.50   12.14  -10.64 (VIOLATED)
_28180_/S                               1.50   12.14  -10.64 (VIOLATED)
_28182_/S                               1.50   12.14  -10.64 (VIOLATED)
_28184_/S                               1.50   12.14  -10.64 (VIOLATED)
_28186_/S                               1.50   12.14  -10.64 (VIOLATED)
_28188_/S                               1.50   12.14  -10.64 (VIOLATED)
_28190_/S                               1.50   12.14  -10.64 (VIOLATED)
_28192_/S                               1.50   12.14  -10.64 (VIOLATED)
_28194_/S                               1.50   12.14  -10.64 (VIOLATED)
_28196_/S                               1.50   12.14  -10.64 (VIOLATED)
_28198_/S                               1.50   12.14  -10.64 (VIOLATED)
_28200_/S                               1.50   12.14  -10.64 (VIOLATED)
_28202_/S                               1.50   12.14  -10.64 (VIOLATED)
_28204_/S                               1.50   12.14  -10.64 (VIOLATED)
_28206_/S                               1.50   12.14  -10.64 (VIOLATED)
_28208_/S                               1.50   12.14  -10.64 (VIOLATED)
_28210_/S                               1.50   12.14  -10.64 (VIOLATED)
_28212_/S                               1.50   12.14  -10.64 (VIOLATED)
_28214_/S                               1.50   12.14  -10.64 (VIOLATED)
_28216_/S                               1.50   12.14  -10.64 (VIOLATED)
_28251_/S                               1.50   12.14  -10.64 (VIOLATED)
_28253_/S                               1.50   12.14  -10.64 (VIOLATED)
_28254_/S                               1.50   12.14  -10.64 (VIOLATED)
_28255_/S                               1.50   12.14  -10.64 (VIOLATED)
_28256_/S                               1.50   12.14  -10.64 (VIOLATED)
_28257_/S                               1.50   12.14  -10.64 (VIOLATED)
_28258_/S                               1.50   12.14  -10.64 (VIOLATED)
_28259_/S                               1.50   12.14  -10.64 (VIOLATED)
_28260_/S                               1.50   12.14  -10.64 (VIOLATED)
_28261_/S                               1.50   12.14  -10.64 (VIOLATED)
_28262_/S                               1.50   12.14  -10.64 (VIOLATED)
_28263_/S                               1.50   12.14  -10.64 (VIOLATED)
_28264_/S                               1.50   12.14  -10.64 (VIOLATED)
_28265_/S                               1.50   12.14  -10.64 (VIOLATED)
_28266_/S                               1.50   12.14  -10.64 (VIOLATED)
_28267_/S                               1.50   12.14  -10.64 (VIOLATED)
_28821_/Q                               1.51   12.14  -10.63 (VIOLATED)
_28307_/SET_B                           1.50    4.35   -2.85 (VIOLATED)
_28308_/RESET_B                         1.50    4.35   -2.85 (VIOLATED)
_28309_/RESET_B                         1.50    4.35   -2.85 (VIOLATED)
_28310_/RESET_B                         1.50    4.35   -2.85 (VIOLATED)
_28311_/RESET_B                         1.50    4.35   -2.85 (VIOLATED)
_28312_/RESET_B                         1.50    4.35   -2.85 (VIOLATED)
_28313_/RESET_B                         1.50    4.35   -2.85 (VIOLATED)
_28314_/RESET_B                         1.50    4.35   -2.85 (VIOLATED)
_28315_/RESET_B                         1.50    4.35   -2.85 (VIOLATED)
_28316_/RESET_B                         1.50    4.35   -2.85 (VIOLATED)
_28317_/RESET_B                         1.50    4.35   -2.85 (VIOLATED)
_28318_/RESET_B                         1.50    4.35   -2.85 (VIOLATED)
_28319_/RESET_B                         1.50    4.35   -2.85 (VIOLATED)
_28320_/RESET_B                         1.50    4.35   -2.85 (VIOLATED)
_28321_/RESET_B                         1.50    4.35   -2.85 (VIOLATED)
_28322_/RESET_B                         1.50    4.35   -2.85 (VIOLATED)
_28323_/RESET_B                         1.50    4.35   -2.85 (VIOLATED)
_28324_/RESET_B                         1.50    4.35   -2.85 (VIOLATED)
_28325_/RESET_B                         1.50    4.35   -2.85 (VIOLATED)
_28326_/RESET_B                         1.50    4.35   -2.85 (VIOLATED)
_28327_/RESET_B                         1.50    4.35   -2.85 (VIOLATED)
_28328_/RESET_B                         1.50    4.35   -2.85 (VIOLATED)
_28329_/RESET_B                         1.50    4.35   -2.85 (VIOLATED)
_28330_/RESET_B                         1.50    4.35   -2.85 (VIOLATED)
_28331_/RESET_B                         1.50    4.35   -2.85 (VIOLATED)
_28332_/RESET_B                         1.50    4.35   -2.85 (VIOLATED)
_28333_/RESET_B                         1.50    4.35   -2.85 (VIOLATED)
_28334_/RESET_B                         1.50    4.35   -2.85 (VIOLATED)
_28335_/RESET_B                         1.50    4.35   -2.85 (VIOLATED)
_28336_/RESET_B                         1.50    4.35   -2.85 (VIOLATED)
_28337_/RESET_B                         1.50    4.35   -2.85 (VIOLATED)
_28338_/RESET_B                         1.50    4.35   -2.85 (VIOLATED)
_28339_/RESET_B                         1.50    4.35   -2.85 (VIOLATED)
_28340_/RESET_B                         1.50    4.35   -2.85 (VIOLATED)
_28341_/RESET_B                         1.50    4.35   -2.85 (VIOLATED)
_28342_/RESET_B                         1.50    4.35   -2.85 (VIOLATED)
_28343_/RESET_B                         1.50    4.35   -2.85 (VIOLATED)
_28344_/RESET_B                         1.50    4.35   -2.85 (VIOLATED)
_28345_/RESET_B                         1.50    4.35   -2.85 (VIOLATED)
_28346_/RESET_B                         1.50    4.35   -2.85 (VIOLATED)
_28347_/RESET_B                         1.50    4.35   -2.85 (VIOLATED)
_28348_/RESET_B                         1.50    4.35   -2.85 (VIOLATED)
_28349_/RESET_B                         1.50    4.35   -2.85 (VIOLATED)
_28350_/RESET_B                         1.50    4.35   -2.85 (VIOLATED)
_28351_/RESET_B                         1.50    4.35   -2.85 (VIOLATED)
_28352_/RESET_B                         1.50    4.35   -2.85 (VIOLATED)
_28353_/RESET_B                         1.50    4.35   -2.85 (VIOLATED)
_28354_/RESET_B                         1.50    4.35   -2.85 (VIOLATED)
_28355_/RESET_B                         1.50    4.35   -2.85 (VIOLATED)
_28356_/RESET_B                         1.50    4.35   -2.85 (VIOLATED)
_28357_/RESET_B                         1.50    4.35   -2.85 (VIOLATED)
_28358_/RESET_B                         1.50    4.35   -2.85 (VIOLATED)
_28359_/RESET_B                         1.50    4.35   -2.85 (VIOLATED)
_28360_/RESET_B                         1.50    4.35   -2.85 (VIOLATED)
_28361_/RESET_B                         1.50    4.35   -2.85 (VIOLATED)
_28362_/RESET_B                         1.50    4.35   -2.85 (VIOLATED)
_28363_/RESET_B                         1.50    4.35   -2.85 (VIOLATED)
_28364_/RESET_B                         1.50    4.35   -2.85 (VIOLATED)
_28365_/RESET_B                         1.50    4.35   -2.85 (VIOLATED)
_28366_/RESET_B                         1.50    4.35   -2.85 (VIOLATED)
_28367_/RESET_B                         1.50    4.35   -2.85 (VIOLATED)
_28368_/RESET_B                         1.50    4.35   -2.85 (VIOLATED)
_28369_/RESET_B                         1.50    4.35   -2.85 (VIOLATED)
_28370_/RESET_B                         1.50    4.35   -2.85 (VIOLATED)
_28371_/RESET_B                         1.50    4.35   -2.85 (VIOLATED)
_28372_/RESET_B                         1.50    4.35   -2.85 (VIOLATED)
_28373_/RESET_B                         1.50    4.35   -2.85 (VIOLATED)
_28374_/RESET_B                         1.50    4.35   -2.85 (VIOLATED)
_28375_/RESET_B                         1.50    4.35   -2.85 (VIOLATED)
_28376_/RESET_B                         1.50    4.35   -2.85 (VIOLATED)
_28377_/RESET_B                         1.50    4.35   -2.85 (VIOLATED)
_28378_/RESET_B                         1.50    4.35   -2.85 (VIOLATED)
_28379_/RESET_B                         1.50    4.35   -2.85 (VIOLATED)
_28380_/RESET_B                         1.50    4.35   -2.85 (VIOLATED)
_28381_/RESET_B                         1.50    4.35   -2.85 (VIOLATED)
_28382_/RESET_B                         1.50    4.35   -2.85 (VIOLATED)
_28383_/RESET_B                         1.50    4.35   -2.85 (VIOLATED)
_28384_/RESET_B                         1.50    4.35   -2.85 (VIOLATED)
_28385_/RESET_B                         1.50    4.35   -2.85 (VIOLATED)
_28386_/RESET_B                         1.50    4.35   -2.85 (VIOLATED)
_28387_/RESET_B                         1.50    4.35   -2.85 (VIOLATED)
_28388_/RESET_B                         1.50    4.35   -2.85 (VIOLATED)
_28389_/RESET_B                         1.50    4.35   -2.85 (VIOLATED)
_28390_/RESET_B                         1.50    4.35   -2.85 (VIOLATED)
_28391_/RESET_B                         1.50    4.35   -2.85 (VIOLATED)
_28392_/RESET_B                         1.50    4.35   -2.85 (VIOLATED)
_28393_/RESET_B                         1.50    4.35   -2.85 (VIOLATED)
_28394_/RESET_B                         1.50    4.35   -2.85 (VIOLATED)
_28395_/RESET_B                         1.50    4.35   -2.85 (VIOLATED)
_28396_/RESET_B                         1.50    4.35   -2.85 (VIOLATED)
_28397_/RESET_B                         1.50    4.35   -2.85 (VIOLATED)
_28398_/RESET_B                         1.50    4.35   -2.85 (VIOLATED)
_28399_/RESET_B                         1.50    4.35   -2.85 (VIOLATED)
_28400_/RESET_B                         1.50    4.35   -2.85 (VIOLATED)
_28401_/RESET_B                         1.50    4.35   -2.85 (VIOLATED)
_28402_/RESET_B                         1.50    4.35   -2.85 (VIOLATED)
_28403_/RESET_B                         1.50    4.35   -2.85 (VIOLATED)
_28404_/RESET_B                         1.50    4.35   -2.85 (VIOLATED)
_28405_/RESET_B                         1.50    4.35   -2.85 (VIOLATED)
_28406_/RESET_B                         1.50    4.35   -2.85 (VIOLATED)
_28407_/RESET_B                         1.50    4.35   -2.85 (VIOLATED)
_28408_/RESET_B                         1.50    4.35   -2.85 (VIOLATED)
_28409_/RESET_B                         1.50    4.35   -2.85 (VIOLATED)
_28410_/RESET_B                         1.50    4.35   -2.85 (VIOLATED)
_28411_/RESET_B                         1.50    4.35   -2.85 (VIOLATED)
_28412_/RESET_B                         1.50    4.35   -2.85 (VIOLATED)
_28413_/RESET_B                         1.50    4.35   -2.85 (VIOLATED)
_28414_/RESET_B                         1.50    4.35   -2.85 (VIOLATED)
_28415_/RESET_B                         1.50    4.35   -2.85 (VIOLATED)
_28416_/RESET_B                         1.50    4.35   -2.85 (VIOLATED)
_28417_/RESET_B                         1.50    4.35   -2.85 (VIOLATED)
_28418_/RESET_B                         1.50    4.35   -2.85 (VIOLATED)
_28419_/RESET_B                         1.50    4.35   -2.85 (VIOLATED)
_28420_/RESET_B                         1.50    4.35   -2.85 (VIOLATED)
_28421_/RESET_B                         1.50    4.35   -2.85 (VIOLATED)
_28422_/RESET_B                         1.50    4.35   -2.85 (VIOLATED)
_28423_/RESET_B                         1.50    4.35   -2.85 (VIOLATED)
_28424_/RESET_B                         1.50    4.35   -2.85 (VIOLATED)
_28425_/RESET_B                         1.50    4.35   -2.85 (VIOLATED)
_28426_/RESET_B                         1.50    4.35   -2.85 (VIOLATED)
_28427_/RESET_B                         1.50    4.35   -2.85 (VIOLATED)
_28428_/RESET_B                         1.50    4.35   -2.85 (VIOLATED)
_28429_/RESET_B                         1.50    4.35   -2.85 (VIOLATED)
_28430_/RESET_B                         1.50    4.35   -2.85 (VIOLATED)
_28431_/RESET_B                         1.50    4.35   -2.85 (VIOLATED)
_28432_/RESET_B                         1.50    4.35   -2.85 (VIOLATED)
_28433_/RESET_B                         1.50    4.35   -2.85 (VIOLATED)
_28434_/RESET_B                         1.50    4.35   -2.85 (VIOLATED)
_28435_/RESET_B                         1.50    4.35   -2.85 (VIOLATED)
_28436_/RESET_B                         1.50    4.35   -2.85 (VIOLATED)
_28437_/RESET_B                         1.50    4.35   -2.85 (VIOLATED)
_28438_/RESET_B                         1.50    4.35   -2.85 (VIOLATED)
_28439_/RESET_B                         1.50    4.35   -2.85 (VIOLATED)
_28440_/RESET_B                         1.50    4.35   -2.85 (VIOLATED)
_28441_/RESET_B                         1.50    4.35   -2.85 (VIOLATED)
_28442_/RESET_B                         1.50    4.35   -2.85 (VIOLATED)
_28443_/RESET_B                         1.50    4.35   -2.85 (VIOLATED)
_28444_/RESET_B                         1.50    4.35   -2.85 (VIOLATED)
_28445_/RESET_B                         1.50    4.35   -2.85 (VIOLATED)
_28446_/RESET_B                         1.50    4.35   -2.85 (VIOLATED)
_28447_/RESET_B                         1.50    4.35   -2.85 (VIOLATED)
_28448_/RESET_B                         1.50    4.35   -2.85 (VIOLATED)
_28449_/RESET_B                         1.50    4.35   -2.85 (VIOLATED)
_28450_/RESET_B                         1.50    4.35   -2.85 (VIOLATED)
_28451_/RESET_B                         1.50    4.35   -2.85 (VIOLATED)
_28452_/RESET_B                         1.50    4.35   -2.85 (VIOLATED)
_28453_/RESET_B                         1.50    4.35   -2.85 (VIOLATED)
_28454_/RESET_B                         1.50    4.35   -2.85 (VIOLATED)
_28455_/RESET_B                         1.50    4.35   -2.85 (VIOLATED)
_28456_/RESET_B                         1.50    4.35   -2.85 (VIOLATED)
_28457_/RESET_B                         1.50    4.35   -2.85 (VIOLATED)
_28458_/RESET_B                         1.50    4.35   -2.85 (VIOLATED)
_28459_/RESET_B                         1.50    4.35   -2.85 (VIOLATED)
_28460_/RESET_B                         1.50    4.35   -2.85 (VIOLATED)
_28461_/RESET_B                         1.50    4.35   -2.85 (VIOLATED)
_28462_/RESET_B                         1.50    4.35   -2.85 (VIOLATED)
_28463_/RESET_B                         1.50    4.35   -2.85 (VIOLATED)
_28464_/RESET_B                         1.50    4.35   -2.85 (VIOLATED)
_28465_/RESET_B                         1.50    4.35   -2.85 (VIOLATED)
_28466_/RESET_B                         1.50    4.35   -2.85 (VIOLATED)
_28467_/RESET_B                         1.50    4.35   -2.85 (VIOLATED)
_28468_/RESET_B                         1.50    4.35   -2.85 (VIOLATED)
_28469_/RESET_B                         1.50    4.35   -2.85 (VIOLATED)
_28470_/RESET_B                         1.50    4.35   -2.85 (VIOLATED)
_28471_/RESET_B                         1.50    4.35   -2.85 (VIOLATED)
_28472_/RESET_B                         1.50    4.35   -2.85 (VIOLATED)
_28473_/RESET_B                         1.50    4.35   -2.85 (VIOLATED)
_28474_/RESET_B                         1.50    4.35   -2.85 (VIOLATED)
_28475_/RESET_B                         1.50    4.35   -2.85 (VIOLATED)
_28476_/RESET_B                         1.50    4.35   -2.85 (VIOLATED)
_28477_/RESET_B                         1.50    4.35   -2.85 (VIOLATED)
_28478_/RESET_B                         1.50    4.35   -2.85 (VIOLATED)
_28479_/RESET_B                         1.50    4.35   -2.85 (VIOLATED)
_28480_/RESET_B                         1.50    4.35   -2.85 (VIOLATED)
_28481_/RESET_B                         1.50    4.35   -2.85 (VIOLATED)
_28482_/RESET_B                         1.50    4.35   -2.85 (VIOLATED)
_28483_/RESET_B                         1.50    4.35   -2.85 (VIOLATED)
_28484_/RESET_B                         1.50    4.35   -2.85 (VIOLATED)
_28485_/RESET_B                         1.50    4.35   -2.85 (VIOLATED)
_28486_/RESET_B                         1.50    4.35   -2.85 (VIOLATED)
_28487_/RESET_B                         1.50    4.35   -2.85 (VIOLATED)
_28488_/RESET_B                         1.50    4.35   -2.85 (VIOLATED)
_28489_/RESET_B                         1.50    4.35   -2.85 (VIOLATED)
_28490_/RESET_B                         1.50    4.35   -2.85 (VIOLATED)
_28491_/RESET_B                         1.50    4.35   -2.85 (VIOLATED)
_28492_/RESET_B                         1.50    4.35   -2.85 (VIOLATED)
_28493_/RESET_B                         1.50    4.35   -2.85 (VIOLATED)
_28494_/RESET_B                         1.50    4.35   -2.85 (VIOLATED)
_28495_/RESET_B                         1.50    4.35   -2.85 (VIOLATED)
_28496_/RESET_B                         1.50    4.35   -2.85 (VIOLATED)
_28497_/RESET_B                         1.50    4.35   -2.85 (VIOLATED)
_28498_/RESET_B                         1.50    4.35   -2.85 (VIOLATED)
_28499_/RESET_B                         1.50    4.35   -2.85 (VIOLATED)
_28500_/RESET_B                         1.50    4.35   -2.85 (VIOLATED)
_28501_/RESET_B                         1.50    4.35   -2.85 (VIOLATED)
_28502_/RESET_B                         1.50    4.35   -2.85 (VIOLATED)
_28503_/RESET_B                         1.50    4.35   -2.85 (VIOLATED)
_28504_/RESET_B                         1.50    4.35   -2.85 (VIOLATED)
_28505_/RESET_B                         1.50    4.35   -2.85 (VIOLATED)
_28506_/RESET_B                         1.50    4.35   -2.85 (VIOLATED)
_28507_/RESET_B                         1.50    4.35   -2.85 (VIOLATED)
_28508_/RESET_B                         1.50    4.35   -2.85 (VIOLATED)
_28509_/RESET_B                         1.50    4.35   -2.85 (VIOLATED)
_28510_/RESET_B                         1.50    4.35   -2.85 (VIOLATED)
_28511_/RESET_B                         1.50    4.35   -2.85 (VIOLATED)
_28512_/RESET_B                         1.50    4.35   -2.85 (VIOLATED)
_28513_/RESET_B                         1.50    4.35   -2.85 (VIOLATED)
_28514_/RESET_B                         1.50    4.35   -2.85 (VIOLATED)
_28515_/RESET_B                         1.50    4.35   -2.85 (VIOLATED)
_28516_/RESET_B                         1.50    4.35   -2.85 (VIOLATED)
_28517_/RESET_B                         1.50    4.35   -2.85 (VIOLATED)
_28518_/RESET_B                         1.50    4.35   -2.85 (VIOLATED)
_28519_/RESET_B                         1.50    4.35   -2.85 (VIOLATED)
_28520_/RESET_B                         1.50    4.35   -2.85 (VIOLATED)
_28521_/RESET_B                         1.50    4.35   -2.85 (VIOLATED)
_28522_/RESET_B                         1.50    4.35   -2.85 (VIOLATED)
_28523_/RESET_B                         1.50    4.35   -2.85 (VIOLATED)
_28524_/RESET_B                         1.50    4.35   -2.85 (VIOLATED)
_28525_/RESET_B                         1.50    4.35   -2.85 (VIOLATED)
_28526_/RESET_B                         1.50    4.35   -2.85 (VIOLATED)
_28527_/RESET_B                         1.50    4.35   -2.85 (VIOLATED)
_28528_/RESET_B                         1.50    4.35   -2.85 (VIOLATED)
_28529_/RESET_B                         1.50    4.35   -2.85 (VIOLATED)
_28530_/RESET_B                         1.50    4.35   -2.85 (VIOLATED)
_28531_/RESET_B                         1.50    4.35   -2.85 (VIOLATED)
_28532_/RESET_B                         1.50    4.35   -2.85 (VIOLATED)
_28533_/RESET_B                         1.50    4.35   -2.85 (VIOLATED)
_28534_/RESET_B                         1.50    4.35   -2.85 (VIOLATED)
_28535_/RESET_B                         1.50    4.35   -2.85 (VIOLATED)
_28536_/RESET_B                         1.50    4.35   -2.85 (VIOLATED)
_28537_/RESET_B                         1.50    4.35   -2.85 (VIOLATED)
_28538_/RESET_B                         1.50    4.35   -2.85 (VIOLATED)
_28539_/RESET_B                         1.50    4.35   -2.85 (VIOLATED)
_28540_/RESET_B                         1.50    4.35   -2.85 (VIOLATED)
_28541_/RESET_B                         1.50    4.35   -2.85 (VIOLATED)
_28542_/RESET_B                         1.50    4.35   -2.85 (VIOLATED)
_28543_/RESET_B                         1.50    4.35   -2.85 (VIOLATED)
_28544_/RESET_B                         1.50    4.35   -2.85 (VIOLATED)
_28545_/RESET_B                         1.50    4.35   -2.85 (VIOLATED)
_28546_/RESET_B                         1.50    4.35   -2.85 (VIOLATED)
_28547_/RESET_B                         1.50    4.35   -2.85 (VIOLATED)
_28548_/RESET_B                         1.50    4.35   -2.85 (VIOLATED)
_28549_/RESET_B                         1.50    4.35   -2.85 (VIOLATED)
_28550_/RESET_B                         1.50    4.35   -2.85 (VIOLATED)
_28551_/RESET_B                         1.50    4.35   -2.85 (VIOLATED)
_28552_/RESET_B                         1.50    4.35   -2.85 (VIOLATED)
_28553_/RESET_B                         1.50    4.35   -2.85 (VIOLATED)
_28554_/RESET_B                         1.50    4.35   -2.85 (VIOLATED)
_28555_/RESET_B                         1.50    4.35   -2.85 (VIOLATED)
_28556_/RESET_B                         1.50    4.35   -2.85 (VIOLATED)
_28557_/RESET_B                         1.50    4.35   -2.85 (VIOLATED)
_28558_/RESET_B                         1.50    4.35   -2.85 (VIOLATED)
_28559_/RESET_B                         1.50    4.35   -2.85 (VIOLATED)
_28560_/RESET_B                         1.50    4.35   -2.85 (VIOLATED)
_28561_/RESET_B                         1.50    4.35   -2.85 (VIOLATED)
_28562_/RESET_B                         1.50    4.35   -2.85 (VIOLATED)
_28563_/RESET_B                         1.50    4.35   -2.85 (VIOLATED)
_28564_/RESET_B                         1.50    4.35   -2.85 (VIOLATED)
_28565_/RESET_B                         1.50    4.35   -2.85 (VIOLATED)
_28566_/RESET_B                         1.50    4.35   -2.85 (VIOLATED)
_28567_/RESET_B                         1.50    4.35   -2.85 (VIOLATED)
_28568_/RESET_B                         1.50    4.35   -2.85 (VIOLATED)
_28569_/RESET_B                         1.50    4.35   -2.85 (VIOLATED)
_28570_/RESET_B                         1.50    4.35   -2.85 (VIOLATED)
_28571_/RESET_B                         1.50    4.35   -2.85 (VIOLATED)
_28572_/RESET_B                         1.50    4.35   -2.85 (VIOLATED)
_28573_/RESET_B                         1.50    4.35   -2.85 (VIOLATED)
_28574_/RESET_B                         1.50    4.35   -2.85 (VIOLATED)
_28575_/RESET_B                         1.50    4.35   -2.85 (VIOLATED)
_28576_/RESET_B                         1.50    4.35   -2.85 (VIOLATED)
_28577_/RESET_B                         1.50    4.35   -2.85 (VIOLATED)
_28578_/RESET_B                         1.50    4.35   -2.85 (VIOLATED)
_28579_/RESET_B                         1.50    4.35   -2.85 (VIOLATED)
_28580_/RESET_B                         1.50    4.35   -2.85 (VIOLATED)
_28581_/RESET_B                         1.50    4.35   -2.85 (VIOLATED)
_28582_/RESET_B                         1.50    4.35   -2.85 (VIOLATED)
_28583_/RESET_B                         1.50    4.35   -2.85 (VIOLATED)
_28584_/RESET_B                         1.50    4.35   -2.85 (VIOLATED)
_28585_/RESET_B                         1.50    4.35   -2.85 (VIOLATED)
_28586_/RESET_B                         1.50    4.35   -2.85 (VIOLATED)
_28587_/RESET_B                         1.50    4.35   -2.85 (VIOLATED)
_28588_/RESET_B                         1.50    4.35   -2.85 (VIOLATED)
_28589_/RESET_B                         1.50    4.35   -2.85 (VIOLATED)
_28590_/RESET_B                         1.50    4.35   -2.85 (VIOLATED)
_28591_/RESET_B                         1.50    4.35   -2.85 (VIOLATED)
_28592_/RESET_B                         1.50    4.35   -2.85 (VIOLATED)
_28593_/RESET_B                         1.50    4.35   -2.85 (VIOLATED)
_28594_/RESET_B                         1.50    4.35   -2.85 (VIOLATED)
_28595_/RESET_B                         1.50    4.35   -2.85 (VIOLATED)
_28596_/RESET_B                         1.50    4.35   -2.85 (VIOLATED)
_28597_/RESET_B                         1.50    4.35   -2.85 (VIOLATED)
_28598_/RESET_B                         1.50    4.35   -2.85 (VIOLATED)
_28599_/RESET_B                         1.50    4.35   -2.85 (VIOLATED)
_28600_/RESET_B                         1.50    4.35   -2.85 (VIOLATED)
_28601_/RESET_B                         1.50    4.35   -2.85 (VIOLATED)
_28602_/RESET_B                         1.50    4.35   -2.85 (VIOLATED)
_28603_/RESET_B                         1.50    4.35   -2.85 (VIOLATED)
_28604_/RESET_B                         1.50    4.35   -2.85 (VIOLATED)
_28605_/RESET_B                         1.50    4.35   -2.85 (VIOLATED)
_28606_/RESET_B                         1.50    4.35   -2.85 (VIOLATED)
_28607_/RESET_B                         1.50    4.35   -2.85 (VIOLATED)
_28608_/RESET_B                         1.50    4.35   -2.85 (VIOLATED)
_28609_/RESET_B                         1.50    4.35   -2.85 (VIOLATED)
_28610_/RESET_B                         1.50    4.35   -2.85 (VIOLATED)
_28611_/RESET_B                         1.50    4.35   -2.85 (VIOLATED)
_28612_/RESET_B                         1.50    4.35   -2.85 (VIOLATED)
_28613_/RESET_B                         1.50    4.35   -2.85 (VIOLATED)
_28614_/RESET_B                         1.50    4.35   -2.85 (VIOLATED)
_28615_/RESET_B                         1.50    4.35   -2.85 (VIOLATED)
_28616_/RESET_B                         1.50    4.35   -2.85 (VIOLATED)
_28617_/RESET_B                         1.50    4.35   -2.85 (VIOLATED)
_28618_/RESET_B                         1.50    4.35   -2.85 (VIOLATED)
_28619_/RESET_B                         1.50    4.35   -2.85 (VIOLATED)
_28620_/RESET_B                         1.50    4.35   -2.85 (VIOLATED)
_28621_/RESET_B                         1.50    4.35   -2.85 (VIOLATED)
_28622_/RESET_B                         1.50    4.35   -2.85 (VIOLATED)
_28623_/RESET_B                         1.50    4.35   -2.85 (VIOLATED)
_28624_/RESET_B                         1.50    4.35   -2.85 (VIOLATED)
_28625_/RESET_B                         1.50    4.35   -2.85 (VIOLATED)
_28626_/RESET_B                         1.50    4.35   -2.85 (VIOLATED)
_28627_/RESET_B                         1.50    4.35   -2.85 (VIOLATED)
_28628_/RESET_B                         1.50    4.35   -2.85 (VIOLATED)
_28629_/RESET_B                         1.50    4.35   -2.85 (VIOLATED)
_28630_/RESET_B                         1.50    4.35   -2.85 (VIOLATED)
_28631_/RESET_B                         1.50    4.35   -2.85 (VIOLATED)
_28632_/RESET_B                         1.50    4.35   -2.85 (VIOLATED)
_28633_/RESET_B                         1.50    4.35   -2.85 (VIOLATED)
_28634_/RESET_B                         1.50    4.35   -2.85 (VIOLATED)
_28635_/RESET_B                         1.50    4.35   -2.85 (VIOLATED)
_28636_/RESET_B                         1.50    4.35   -2.85 (VIOLATED)
_28637_/RESET_B                         1.50    4.35   -2.85 (VIOLATED)
_28638_/RESET_B                         1.50    4.35   -2.85 (VIOLATED)
_28639_/RESET_B                         1.50    4.35   -2.85 (VIOLATED)
_28640_/RESET_B                         1.50    4.35   -2.85 (VIOLATED)
_28641_/RESET_B                         1.50    4.35   -2.85 (VIOLATED)
_28642_/RESET_B                         1.50    4.35   -2.85 (VIOLATED)
_28643_/RESET_B                         1.50    4.35   -2.85 (VIOLATED)
_28644_/RESET_B                         1.50    4.35   -2.85 (VIOLATED)
_28645_/RESET_B                         1.50    4.35   -2.85 (VIOLATED)
_28646_/RESET_B                         1.50    4.35   -2.85 (VIOLATED)
_28647_/RESET_B                         1.50    4.35   -2.85 (VIOLATED)
_28648_/RESET_B                         1.50    4.35   -2.85 (VIOLATED)
_28649_/RESET_B                         1.50    4.35   -2.85 (VIOLATED)
_28650_/RESET_B                         1.50    4.35   -2.85 (VIOLATED)
_28651_/RESET_B                         1.50    4.35   -2.85 (VIOLATED)
_28652_/RESET_B                         1.50    4.35   -2.85 (VIOLATED)
_28653_/RESET_B                         1.50    4.35   -2.85 (VIOLATED)
_28654_/RESET_B                         1.50    4.35   -2.85 (VIOLATED)
_28655_/RESET_B                         1.50    4.35   -2.85 (VIOLATED)
_28656_/RESET_B                         1.50    4.35   -2.85 (VIOLATED)
_28657_/RESET_B                         1.50    4.35   -2.85 (VIOLATED)
_28658_/RESET_B                         1.50    4.35   -2.85 (VIOLATED)
_28659_/RESET_B                         1.50    4.35   -2.85 (VIOLATED)
_28660_/RESET_B                         1.50    4.35   -2.85 (VIOLATED)
_28661_/RESET_B                         1.50    4.35   -2.85 (VIOLATED)
_28662_/RESET_B                         1.50    4.35   -2.85 (VIOLATED)
_28663_/RESET_B                         1.50    4.35   -2.85 (VIOLATED)
_28664_/RESET_B                         1.50    4.35   -2.85 (VIOLATED)
_28665_/RESET_B                         1.50    4.35   -2.85 (VIOLATED)
_28666_/RESET_B                         1.50    4.35   -2.85 (VIOLATED)
_28667_/RESET_B                         1.50    4.35   -2.85 (VIOLATED)
_28668_/RESET_B                         1.50    4.35   -2.85 (VIOLATED)
_28669_/RESET_B                         1.50    4.35   -2.85 (VIOLATED)
_28670_/RESET_B                         1.50    4.35   -2.85 (VIOLATED)
_28671_/RESET_B                         1.50    4.35   -2.85 (VIOLATED)
_28672_/RESET_B                         1.50    4.35   -2.85 (VIOLATED)
_28673_/RESET_B                         1.50    4.35   -2.85 (VIOLATED)
_28674_/RESET_B                         1.50    4.35   -2.85 (VIOLATED)
_28675_/RESET_B                         1.50    4.35   -2.85 (VIOLATED)
_28676_/RESET_B                         1.50    4.35   -2.85 (VIOLATED)
_28677_/RESET_B                         1.50    4.35   -2.85 (VIOLATED)
_28678_/RESET_B                         1.50    4.35   -2.85 (VIOLATED)
_28679_/RESET_B                         1.50    4.35   -2.85 (VIOLATED)
_28680_/RESET_B                         1.50    4.35   -2.85 (VIOLATED)
_28681_/RESET_B                         1.50    4.35   -2.85 (VIOLATED)
_28682_/RESET_B                         1.50    4.35   -2.85 (VIOLATED)
_28683_/RESET_B                         1.50    4.35   -2.85 (VIOLATED)
_28684_/RESET_B                         1.50    4.35   -2.85 (VIOLATED)
_28685_/RESET_B                         1.50    4.35   -2.85 (VIOLATED)
_28686_/RESET_B                         1.50    4.35   -2.85 (VIOLATED)
_28687_/RESET_B                         1.50    4.35   -2.85 (VIOLATED)
_28688_/RESET_B                         1.50    4.35   -2.85 (VIOLATED)
_28689_/RESET_B                         1.50    4.35   -2.85 (VIOLATED)
_28690_/RESET_B                         1.50    4.35   -2.85 (VIOLATED)
_28691_/RESET_B                         1.50    4.35   -2.85 (VIOLATED)
_28692_/RESET_B                         1.50    4.35   -2.85 (VIOLATED)
_28693_/RESET_B                         1.50    4.35   -2.85 (VIOLATED)
_28694_/RESET_B                         1.50    4.35   -2.85 (VIOLATED)
_28695_/RESET_B                         1.50    4.35   -2.85 (VIOLATED)
_28696_/RESET_B                         1.50    4.35   -2.85 (VIOLATED)
_28697_/RESET_B                         1.50    4.35   -2.85 (VIOLATED)
_28698_/RESET_B                         1.50    4.35   -2.85 (VIOLATED)
_28699_/RESET_B                         1.50    4.35   -2.85 (VIOLATED)
_28700_/RESET_B                         1.50    4.35   -2.85 (VIOLATED)
_28701_/RESET_B                         1.50    4.35   -2.85 (VIOLATED)
_28702_/RESET_B                         1.50    4.35   -2.85 (VIOLATED)
_28703_/RESET_B                         1.50    4.35   -2.85 (VIOLATED)
_28704_/RESET_B                         1.50    4.35   -2.85 (VIOLATED)
_28705_/RESET_B                         1.50    4.35   -2.85 (VIOLATED)
_28706_/RESET_B                         1.50    4.35   -2.85 (VIOLATED)
_28707_/RESET_B                         1.50    4.35   -2.85 (VIOLATED)
_28708_/RESET_B                         1.50    4.35   -2.85 (VIOLATED)
_28709_/RESET_B                         1.50    4.35   -2.85 (VIOLATED)
_28710_/RESET_B                         1.50    4.35   -2.85 (VIOLATED)
_28711_/RESET_B                         1.50    4.35   -2.85 (VIOLATED)
_28712_/RESET_B                         1.50    4.35   -2.85 (VIOLATED)
_28713_/RESET_B                         1.50    4.35   -2.85 (VIOLATED)
_28714_/RESET_B                         1.50    4.35   -2.85 (VIOLATED)
_28715_/RESET_B                         1.50    4.35   -2.85 (VIOLATED)
_28716_/RESET_B                         1.50    4.35   -2.85 (VIOLATED)
_28717_/RESET_B                         1.50    4.35   -2.85 (VIOLATED)
_28718_/RESET_B                         1.50    4.35   -2.85 (VIOLATED)
_28719_/RESET_B                         1.50    4.35   -2.85 (VIOLATED)
_28720_/RESET_B                         1.50    4.35   -2.85 (VIOLATED)
_28721_/RESET_B                         1.50    4.35   -2.85 (VIOLATED)
_28722_/RESET_B                         1.50    4.35   -2.85 (VIOLATED)
_28723_/RESET_B                         1.50    4.35   -2.85 (VIOLATED)
_28724_/RESET_B                         1.50    4.35   -2.85 (VIOLATED)
_28725_/RESET_B                         1.50    4.35   -2.85 (VIOLATED)
_28726_/RESET_B                         1.50    4.35   -2.85 (VIOLATED)
_28727_/RESET_B                         1.50    4.35   -2.85 (VIOLATED)
_28728_/RESET_B                         1.50    4.35   -2.85 (VIOLATED)
_28729_/RESET_B                         1.50    4.35   -2.85 (VIOLATED)
_28730_/RESET_B                         1.50    4.35   -2.85 (VIOLATED)
_28731_/RESET_B                         1.50    4.35   -2.85 (VIOLATED)
_28732_/RESET_B                         1.50    4.35   -2.85 (VIOLATED)
_28733_/RESET_B                         1.50    4.35   -2.85 (VIOLATED)
_28734_/RESET_B                         1.50    4.35   -2.85 (VIOLATED)
_28735_/RESET_B                         1.50    4.35   -2.85 (VIOLATED)
_28736_/RESET_B                         1.50    4.35   -2.85 (VIOLATED)
_28737_/RESET_B                         1.50    4.35   -2.85 (VIOLATED)
_28738_/RESET_B                         1.50    4.35   -2.85 (VIOLATED)
_28739_/RESET_B                         1.50    4.35   -2.85 (VIOLATED)
_28740_/RESET_B                         1.50    4.35   -2.85 (VIOLATED)
_28741_/RESET_B                         1.50    4.35   -2.85 (VIOLATED)
_28742_/RESET_B                         1.50    4.35   -2.85 (VIOLATED)
_28743_/RESET_B                         1.50    4.35   -2.85 (VIOLATED)
_28744_/RESET_B                         1.50    4.35   -2.85 (VIOLATED)
_28745_/RESET_B                         1.50    4.35   -2.85 (VIOLATED)
_28746_/RESET_B                         1.50    4.35   -2.85 (VIOLATED)
_28747_/RESET_B                         1.50    4.35   -2.85 (VIOLATED)
_28748_/RESET_B                         1.50    4.35   -2.85 (VIOLATED)
_28749_/RESET_B                         1.50    4.35   -2.85 (VIOLATED)
_28750_/RESET_B                         1.50    4.35   -2.85 (VIOLATED)
_28751_/RESET_B                         1.50    4.35   -2.85 (VIOLATED)
_28752_/RESET_B                         1.50    4.35   -2.85 (VIOLATED)
_28753_/RESET_B                         1.50    4.35   -2.85 (VIOLATED)
_28754_/RESET_B                         1.50    4.35   -2.85 (VIOLATED)
_28755_/RESET_B                         1.50    4.35   -2.85 (VIOLATED)
_28756_/RESET_B                         1.50    4.35   -2.85 (VIOLATED)
_28757_/RESET_B                         1.50    4.35   -2.85 (VIOLATED)
_28758_/RESET_B                         1.50    4.35   -2.85 (VIOLATED)
_28759_/RESET_B                         1.50    4.35   -2.85 (VIOLATED)
_28760_/RESET_B                         1.50    4.35   -2.85 (VIOLATED)
_28761_/RESET_B                         1.50    4.35   -2.85 (VIOLATED)
_28762_/RESET_B                         1.50    4.35   -2.85 (VIOLATED)
_28763_/RESET_B                         1.50    4.35   -2.85 (VIOLATED)
_28764_/RESET_B                         1.50    4.35   -2.85 (VIOLATED)
_28765_/RESET_B                         1.50    4.35   -2.85 (VIOLATED)
_28766_/RESET_B                         1.50    4.35   -2.85 (VIOLATED)
_28767_/RESET_B                         1.50    4.35   -2.85 (VIOLATED)
_28768_/RESET_B                         1.50    4.35   -2.85 (VIOLATED)
_28769_/RESET_B                         1.50    4.35   -2.85 (VIOLATED)
_28770_/RESET_B                         1.50    4.35   -2.85 (VIOLATED)
_28771_/RESET_B                         1.50    4.35   -2.85 (VIOLATED)
_28772_/RESET_B                         1.50    4.35   -2.85 (VIOLATED)
_28773_/RESET_B                         1.50    4.35   -2.85 (VIOLATED)
_28774_/RESET_B                         1.50    4.35   -2.85 (VIOLATED)
_28775_/RESET_B                         1.50    4.35   -2.85 (VIOLATED)
_28776_/RESET_B                         1.50    4.35   -2.85 (VIOLATED)
_28777_/RESET_B                         1.50    4.35   -2.85 (VIOLATED)
_28778_/RESET_B                         1.50    4.35   -2.85 (VIOLATED)
_28779_/RESET_B                         1.50    4.35   -2.85 (VIOLATED)
_28780_/RESET_B                         1.50    4.35   -2.85 (VIOLATED)
_28781_/RESET_B                         1.50    4.35   -2.85 (VIOLATED)
_28782_/RESET_B                         1.50    4.35   -2.85 (VIOLATED)
_28783_/RESET_B                         1.50    4.35   -2.85 (VIOLATED)
_28784_/RESET_B                         1.50    4.35   -2.85 (VIOLATED)
_28785_/RESET_B                         1.50    4.35   -2.85 (VIOLATED)
_28786_/RESET_B                         1.50    4.35   -2.85 (VIOLATED)
_28787_/RESET_B                         1.50    4.35   -2.85 (VIOLATED)
_28788_/RESET_B                         1.50    4.35   -2.85 (VIOLATED)
_28789_/RESET_B                         1.50    4.35   -2.85 (VIOLATED)
_28790_/RESET_B                         1.50    4.35   -2.85 (VIOLATED)
_28791_/RESET_B                         1.50    4.35   -2.85 (VIOLATED)
_28792_/RESET_B                         1.50    4.35   -2.85 (VIOLATED)
_28793_/RESET_B                         1.50    4.35   -2.85 (VIOLATED)
_28794_/RESET_B                         1.50    4.35   -2.85 (VIOLATED)
_28795_/RESET_B                         1.50    4.35   -2.85 (VIOLATED)
_28796_/RESET_B                         1.50    4.35   -2.85 (VIOLATED)
_28797_/RESET_B                         1.50    4.35   -2.85 (VIOLATED)
_28798_/RESET_B                         1.50    4.35   -2.85 (VIOLATED)
_28799_/RESET_B                         1.50    4.35   -2.85 (VIOLATED)
_28800_/RESET_B                         1.50    4.35   -2.85 (VIOLATED)
_28801_/RESET_B                         1.50    4.35   -2.85 (VIOLATED)
_28802_/RESET_B                         1.50    4.35   -2.85 (VIOLATED)
_28803_/RESET_B                         1.50    4.35   -2.85 (VIOLATED)
_28804_/RESET_B                         1.50    4.35   -2.85 (VIOLATED)
_28805_/RESET_B                         1.50    4.35   -2.85 (VIOLATED)
_28806_/RESET_B                         1.50    4.35   -2.85 (VIOLATED)
_28807_/RESET_B                         1.50    4.35   -2.85 (VIOLATED)
_28808_/RESET_B                         1.50    4.35   -2.85 (VIOLATED)
_28809_/RESET_B                         1.50    4.35   -2.85 (VIOLATED)
_28810_/RESET_B                         1.50    4.35   -2.85 (VIOLATED)
_28811_/RESET_B                         1.50    4.35   -2.85 (VIOLATED)
_28812_/RESET_B                         1.50    4.35   -2.85 (VIOLATED)
_28813_/RESET_B                         1.50    4.35   -2.85 (VIOLATED)
_28814_/RESET_B                         1.50    4.35   -2.85 (VIOLATED)
_28815_/RESET_B                         1.50    4.35   -2.85 (VIOLATED)
_28816_/RESET_B                         1.50    4.35   -2.85 (VIOLATED)
_28817_/RESET_B                         1.50    4.35   -2.85 (VIOLATED)
_28818_/RESET_B                         1.50    4.35   -2.85 (VIOLATED)
_28819_/RESET_B                         1.50    4.35   -2.85 (VIOLATED)
_28820_/RESET_B                         1.50    4.35   -2.85 (VIOLATED)
_28821_/RESET_B                         1.50    4.35   -2.85 (VIOLATED)
_28822_/RESET_B                         1.50    4.35   -2.85 (VIOLATED)
_28823_/RESET_B                         1.50    4.35   -2.85 (VIOLATED)
_28824_/RESET_B                         1.50    4.35   -2.85 (VIOLATED)
_28825_/RESET_B                         1.50    4.35   -2.85 (VIOLATED)
_28826_/RESET_B                         1.50    4.35   -2.85 (VIOLATED)
_28827_/RESET_B                         1.50    4.35   -2.85 (VIOLATED)
_28828_/RESET_B                         1.50    4.35   -2.85 (VIOLATED)
_28829_/RESET_B                         1.50    4.35   -2.85 (VIOLATED)
_28830_/RESET_B                         1.50    4.35   -2.85 (VIOLATED)
_28831_/RESET_B                         1.50    4.35   -2.85 (VIOLATED)
_28832_/RESET_B                         1.50    4.35   -2.85 (VIOLATED)
_28833_/RESET_B                         1.50    4.35   -2.85 (VIOLATED)
_28834_/RESET_B                         1.50    4.35   -2.85 (VIOLATED)
_28835_/RESET_B                         1.50    4.35   -2.85 (VIOLATED)
_28836_/RESET_B                         1.50    4.35   -2.85 (VIOLATED)
_28837_/RESET_B                         1.50    4.35   -2.85 (VIOLATED)
_28838_/RESET_B                         1.50    4.35   -2.85 (VIOLATED)
_28839_/RESET_B                         1.50    4.35   -2.85 (VIOLATED)
_28840_/RESET_B                         1.50    4.35   -2.85 (VIOLATED)
_28841_/RESET_B                         1.50    4.35   -2.85 (VIOLATED)
_28842_/RESET_B                         1.50    4.35   -2.85 (VIOLATED)
_28843_/RESET_B                         1.50    4.35   -2.85 (VIOLATED)
_28844_/RESET_B                         1.50    4.35   -2.85 (VIOLATED)
_28845_/RESET_B                         1.50    4.35   -2.85 (VIOLATED)
_28846_/RESET_B                         1.50    4.35   -2.85 (VIOLATED)
_28847_/RESET_B                         1.50    4.35   -2.85 (VIOLATED)
_28848_/RESET_B                         1.50    4.35   -2.85 (VIOLATED)
_28849_/RESET_B                         1.50    4.35   -2.85 (VIOLATED)
_28850_/RESET_B                         1.50    4.35   -2.85 (VIOLATED)
_28851_/RESET_B                         1.50    4.35   -2.85 (VIOLATED)
_28852_/RESET_B                         1.50    4.35   -2.85 (VIOLATED)
_28853_/RESET_B                         1.50    4.35   -2.85 (VIOLATED)
_28854_/RESET_B                         1.50    4.35   -2.85 (VIOLATED)
_28855_/RESET_B                         1.50    4.35   -2.85 (VIOLATED)
_28856_/RESET_B                         1.50    4.35   -2.85 (VIOLATED)
_28857_/RESET_B                         1.50    4.35   -2.85 (VIOLATED)
_28858_/RESET_B                         1.50    4.35   -2.85 (VIOLATED)
_28859_/RESET_B                         1.50    4.35   -2.85 (VIOLATED)
_28860_/RESET_B                         1.50    4.35   -2.85 (VIOLATED)
_28861_/RESET_B                         1.50    4.35   -2.85 (VIOLATED)
_28862_/RESET_B                         1.50    4.35   -2.85 (VIOLATED)
_28863_/RESET_B                         1.50    4.35   -2.85 (VIOLATED)
_28864_/RESET_B                         1.50    4.35   -2.85 (VIOLATED)
_28865_/RESET_B                         1.50    4.35   -2.85 (VIOLATED)
_28866_/RESET_B                         1.50    4.35   -2.85 (VIOLATED)
_28867_/RESET_B                         1.50    4.35   -2.85 (VIOLATED)
_28868_/RESET_B                         1.50    4.35   -2.85 (VIOLATED)
_28869_/RESET_B                         1.50    4.35   -2.85 (VIOLATED)
_28870_/RESET_B                         1.50    4.35   -2.85 (VIOLATED)
_28871_/RESET_B                         1.50    4.35   -2.85 (VIOLATED)
_28872_/RESET_B                         1.50    4.35   -2.85 (VIOLATED)
_28873_/RESET_B                         1.50    4.35   -2.85 (VIOLATED)
_28874_/RESET_B                         1.50    4.35   -2.85 (VIOLATED)
_28875_/RESET_B                         1.50    4.35   -2.85 (VIOLATED)
_28876_/RESET_B                         1.50    4.35   -2.85 (VIOLATED)
_28877_/RESET_B                         1.50    4.35   -2.85 (VIOLATED)
_28878_/RESET_B                         1.50    4.35   -2.85 (VIOLATED)
_28879_/RESET_B                         1.50    4.35   -2.85 (VIOLATED)
_28880_/RESET_B                         1.50    4.35   -2.85 (VIOLATED)
_28881_/RESET_B                         1.50    4.35   -2.85 (VIOLATED)
_28882_/RESET_B                         1.50    4.35   -2.85 (VIOLATED)
_28883_/RESET_B                         1.50    4.35   -2.85 (VIOLATED)
_28884_/RESET_B                         1.50    4.35   -2.85 (VIOLATED)
_28885_/RESET_B                         1.50    4.35   -2.85 (VIOLATED)
_28886_/RESET_B                         1.50    4.35   -2.85 (VIOLATED)
_28887_/RESET_B                         1.50    4.35   -2.85 (VIOLATED)
_28888_/RESET_B                         1.50    4.35   -2.85 (VIOLATED)
_28889_/RESET_B                         1.50    4.35   -2.85 (VIOLATED)
_28890_/RESET_B                         1.50    4.35   -2.85 (VIOLATED)
_28891_/RESET_B                         1.50    4.35   -2.85 (VIOLATED)
_28892_/RESET_B                         1.50    4.35   -2.85 (VIOLATED)
_28893_/RESET_B                         1.50    4.35   -2.85 (VIOLATED)
_28894_/RESET_B                         1.50    4.35   -2.85 (VIOLATED)
_28895_/RESET_B                         1.50    4.35   -2.85 (VIOLATED)
_28896_/RESET_B                         1.50    4.35   -2.85 (VIOLATED)
_28897_/RESET_B                         1.50    4.35   -2.85 (VIOLATED)
_28898_/RESET_B                         1.50    4.35   -2.85 (VIOLATED)
_28899_/RESET_B                         1.50    4.35   -2.85 (VIOLATED)
_28900_/RESET_B                         1.50    4.35   -2.85 (VIOLATED)
_28901_/RESET_B                         1.50    4.35   -2.85 (VIOLATED)
_28902_/RESET_B                         1.50    4.35   -2.85 (VIOLATED)
_28903_/RESET_B                         1.50    4.35   -2.85 (VIOLATED)
_26961_/A2                              1.50    2.21   -0.71 (VIOLATED)
_26973_/A2                              1.50    2.21   -0.71 (VIOLATED)
_27050_/A2                              1.50    2.21   -0.71 (VIOLATED)
_27101_/A2                              1.50    2.21   -0.71 (VIOLATED)
_27556_/S                               1.50    2.21   -0.71 (VIOLATED)
_27558_/S                               1.50    2.21   -0.71 (VIOLATED)
_27560_/S                               1.50    2.21   -0.71 (VIOLATED)
_27562_/S                               1.50    2.21   -0.71 (VIOLATED)
_27564_/S                               1.50    2.21   -0.71 (VIOLATED)
_27566_/S                               1.50    2.21   -0.71 (VIOLATED)
_27568_/S                               1.50    2.21   -0.71 (VIOLATED)
_27570_/S                               1.50    2.21   -0.71 (VIOLATED)
_27572_/S                               1.50    2.21   -0.71 (VIOLATED)
_27574_/S                               1.50    2.21   -0.71 (VIOLATED)
_27576_/S                               1.50    2.21   -0.71 (VIOLATED)
_27578_/S                               1.50    2.21   -0.71 (VIOLATED)
_27580_/S                               1.50    2.21   -0.71 (VIOLATED)
_27582_/S                               1.50    2.21   -0.71 (VIOLATED)
_27584_/S                               1.50    2.21   -0.71 (VIOLATED)
_28037_/S                               1.50    2.21   -0.71 (VIOLATED)
_28039_/S                               1.50    2.21   -0.71 (VIOLATED)
_28041_/S                               1.50    2.21   -0.71 (VIOLATED)
_28043_/S                               1.50    2.21   -0.71 (VIOLATED)
_28045_/S                               1.50    2.21   -0.71 (VIOLATED)
_28047_/S                               1.50    2.21   -0.71 (VIOLATED)
_28049_/S                               1.50    2.21   -0.71 (VIOLATED)
_28051_/S                               1.50    2.21   -0.71 (VIOLATED)
_28053_/S                               1.50    2.21   -0.71 (VIOLATED)
_28055_/S                               1.50    2.21   -0.71 (VIOLATED)
_28057_/S                               1.50    2.21   -0.71 (VIOLATED)
_28059_/S                               1.50    2.21   -0.71 (VIOLATED)
_28061_/S                               1.50    2.21   -0.71 (VIOLATED)
_28063_/S                               1.50    2.21   -0.71 (VIOLATED)
_28065_/S                               1.50    2.21   -0.71 (VIOLATED)
_26626_/B2                              1.50    2.21   -0.71 (VIOLATED)
_26867_/B2                              1.50    2.21   -0.71 (VIOLATED)
_26959_/B2                              1.50    2.21   -0.71 (VIOLATED)
_26971_/B2                              1.50    2.21   -0.71 (VIOLATED)
_27316_/S                               1.50    2.21   -0.71 (VIOLATED)
_27318_/S                               1.50    2.21   -0.71 (VIOLATED)
_27320_/S                               1.50    2.21   -0.71 (VIOLATED)
_27322_/S                               1.50    2.21   -0.71 (VIOLATED)
_27324_/S                               1.50    2.21   -0.71 (VIOLATED)
_27326_/S                               1.50    2.21   -0.71 (VIOLATED)
_27328_/S                               1.50    2.21   -0.71 (VIOLATED)
_27330_/S                               1.50    2.21   -0.71 (VIOLATED)
_27332_/S                               1.50    2.21   -0.71 (VIOLATED)
_27334_/S                               1.50    2.21   -0.71 (VIOLATED)
_27336_/S                               1.50    2.21   -0.71 (VIOLATED)
_27338_/S                               1.50    2.21   -0.71 (VIOLATED)
_27340_/S                               1.50    2.21   -0.71 (VIOLATED)
_27342_/S                               1.50    2.21   -0.71 (VIOLATED)
_27344_/S                               1.50    2.21   -0.71 (VIOLATED)
_27797_/S                               1.50    2.21   -0.71 (VIOLATED)
_27799_/S                               1.50    2.21   -0.71 (VIOLATED)
_27801_/S                               1.50    2.21   -0.71 (VIOLATED)
_27803_/S                               1.50    2.21   -0.71 (VIOLATED)
_27805_/S                               1.50    2.21   -0.71 (VIOLATED)
_27807_/S                               1.50    2.21   -0.71 (VIOLATED)
_27809_/S                               1.50    2.21   -0.71 (VIOLATED)
_27811_/S                               1.50    2.21   -0.71 (VIOLATED)
_27813_/S                               1.50    2.21   -0.71 (VIOLATED)
_27815_/S                               1.50    2.21   -0.71 (VIOLATED)
_27817_/S                               1.50    2.21   -0.71 (VIOLATED)
_27819_/S                               1.50    2.21   -0.71 (VIOLATED)
_27821_/S                               1.50    2.21   -0.71 (VIOLATED)
_27823_/S                               1.50    2.21   -0.71 (VIOLATED)
_27825_/S                               1.50    2.21   -0.71 (VIOLATED)
_26853_/A2                              1.50    2.20   -0.70 (VIOLATED)
_26939_/B2                              1.50    2.20   -0.70 (VIOLATED)
_26954_/B2                              1.50    2.20   -0.70 (VIOLATED)
_26967_/B2                              1.50    2.20   -0.70 (VIOLATED)
_27526_/S                               1.50    2.20   -0.70 (VIOLATED)
_27528_/S                               1.50    2.20   -0.70 (VIOLATED)
_27530_/S                               1.50    2.20   -0.70 (VIOLATED)
_27532_/S                               1.50    2.20   -0.70 (VIOLATED)
_27534_/S                               1.50    2.20   -0.70 (VIOLATED)
_27536_/S                               1.50    2.20   -0.70 (VIOLATED)
_27538_/S                               1.50    2.20   -0.70 (VIOLATED)
_27540_/S                               1.50    2.20   -0.70 (VIOLATED)
_27542_/S                               1.50    2.20   -0.70 (VIOLATED)
_27544_/S                               1.50    2.20   -0.70 (VIOLATED)
_27546_/S                               1.50    2.20   -0.70 (VIOLATED)
_27548_/S                               1.50    2.20   -0.70 (VIOLATED)
_27550_/S                               1.50    2.20   -0.70 (VIOLATED)
_27552_/S                               1.50    2.20   -0.70 (VIOLATED)
_27554_/S                               1.50    2.20   -0.70 (VIOLATED)
_28007_/S                               1.50    2.20   -0.70 (VIOLATED)
_28009_/S                               1.50    2.20   -0.70 (VIOLATED)
_28011_/S                               1.50    2.20   -0.70 (VIOLATED)
_28013_/S                               1.50    2.20   -0.70 (VIOLATED)
_28015_/S                               1.50    2.20   -0.70 (VIOLATED)
_28017_/S                               1.50    2.20   -0.70 (VIOLATED)
_28019_/S                               1.50    2.20   -0.70 (VIOLATED)
_28021_/S                               1.50    2.20   -0.70 (VIOLATED)
_28023_/S                               1.50    2.20   -0.70 (VIOLATED)
_28025_/S                               1.50    2.20   -0.70 (VIOLATED)
_28027_/S                               1.50    2.20   -0.70 (VIOLATED)
_28029_/S                               1.50    2.20   -0.70 (VIOLATED)
_28031_/S                               1.50    2.20   -0.70 (VIOLATED)
_28033_/S                               1.50    2.20   -0.70 (VIOLATED)
_28035_/S                               1.50    2.20   -0.70 (VIOLATED)
_26630_/B2                              1.50    2.20   -0.70 (VIOLATED)
_26803_/B2                              1.50    2.20   -0.70 (VIOLATED)
_26854_/A1                              1.50    2.20   -0.70 (VIOLATED)
_27076_/B2                              1.50    2.20   -0.70 (VIOLATED)
_27646_/S                               1.50    2.20   -0.70 (VIOLATED)
_27648_/S                               1.50    2.20   -0.70 (VIOLATED)
_27650_/S                               1.50    2.20   -0.70 (VIOLATED)
_27652_/S                               1.50    2.20   -0.70 (VIOLATED)
_27654_/S                               1.50    2.20   -0.70 (VIOLATED)
_27656_/S                               1.50    2.20   -0.70 (VIOLATED)
_27658_/S                               1.50    2.20   -0.70 (VIOLATED)
_27660_/S                               1.50    2.20   -0.70 (VIOLATED)
_27662_/S                               1.50    2.20   -0.70 (VIOLATED)
_27664_/S                               1.50    2.20   -0.70 (VIOLATED)
_27666_/S                               1.50    2.20   -0.70 (VIOLATED)
_27668_/S                               1.50    2.20   -0.70 (VIOLATED)
_27670_/S                               1.50    2.20   -0.70 (VIOLATED)
_27672_/S                               1.50    2.20   -0.70 (VIOLATED)
_27674_/S                               1.50    2.20   -0.70 (VIOLATED)
_28127_/S                               1.50    2.20   -0.70 (VIOLATED)
_28129_/S                               1.50    2.20   -0.70 (VIOLATED)
_28131_/S                               1.50    2.20   -0.70 (VIOLATED)
_28133_/S                               1.50    2.20   -0.70 (VIOLATED)
_28135_/S                               1.50    2.20   -0.70 (VIOLATED)
_28137_/S                               1.50    2.20   -0.70 (VIOLATED)
_28139_/S                               1.50    2.20   -0.70 (VIOLATED)
_28141_/S                               1.50    2.20   -0.70 (VIOLATED)
_28143_/S                               1.50    2.20   -0.70 (VIOLATED)
_28145_/S                               1.50    2.20   -0.70 (VIOLATED)
_28147_/S                               1.50    2.20   -0.70 (VIOLATED)
_28149_/S                               1.50    2.20   -0.70 (VIOLATED)
_28151_/S                               1.50    2.20   -0.70 (VIOLATED)
_28153_/S                               1.50    2.20   -0.70 (VIOLATED)
_28155_/S                               1.50    2.20   -0.70 (VIOLATED)
_26262_/X                               1.51    2.21   -0.70 (VIOLATED)
_26280_/X                               1.51    2.21   -0.70 (VIOLATED)
_26332_/B2                              1.50    2.20   -0.70 (VIOLATED)
_26759_/A2                              1.50    2.20   -0.70 (VIOLATED)
_26850_/A1                              1.50    2.20   -0.70 (VIOLATED)
_27041_/B2                              1.50    2.20   -0.70 (VIOLATED)
_27586_/S                               1.50    2.20   -0.70 (VIOLATED)
_27588_/S                               1.50    2.20   -0.70 (VIOLATED)
_27590_/S                               1.50    2.20   -0.70 (VIOLATED)
_27592_/S                               1.50    2.20   -0.70 (VIOLATED)
_27594_/S                               1.50    2.20   -0.70 (VIOLATED)
_27596_/S                               1.50    2.20   -0.70 (VIOLATED)
_27598_/S                               1.50    2.20   -0.70 (VIOLATED)
_27600_/S                               1.50    2.20   -0.70 (VIOLATED)
_27602_/S                               1.50    2.20   -0.70 (VIOLATED)
_27604_/S                               1.50    2.20   -0.70 (VIOLATED)
_27606_/S                               1.50    2.20   -0.70 (VIOLATED)
_27608_/S                               1.50    2.20   -0.70 (VIOLATED)
_27610_/S                               1.50    2.20   -0.70 (VIOLATED)
_27612_/S                               1.50    2.20   -0.70 (VIOLATED)
_27614_/S                               1.50    2.20   -0.70 (VIOLATED)
_28067_/S                               1.50    2.20   -0.70 (VIOLATED)
_28069_/S                               1.50    2.20   -0.70 (VIOLATED)
_28071_/S                               1.50    2.20   -0.70 (VIOLATED)
_28073_/S                               1.50    2.20   -0.70 (VIOLATED)
_28075_/S                               1.50    2.20   -0.70 (VIOLATED)
_28077_/S                               1.50    2.20   -0.70 (VIOLATED)
_28079_/S                               1.50    2.20   -0.70 (VIOLATED)
_28081_/S                               1.50    2.20   -0.70 (VIOLATED)
_28083_/S                               1.50    2.20   -0.70 (VIOLATED)
_28085_/S                               1.50    2.20   -0.70 (VIOLATED)
_28087_/S                               1.50    2.20   -0.70 (VIOLATED)
_28089_/S                               1.50    2.20   -0.70 (VIOLATED)
_28091_/S                               1.50    2.20   -0.70 (VIOLATED)
_28093_/S                               1.50    2.20   -0.70 (VIOLATED)
_28095_/S                               1.50    2.20   -0.70 (VIOLATED)
_26392_/A2                              1.50    2.19   -0.69 (VIOLATED)
_26532_/A2                              1.50    2.19   -0.69 (VIOLATED)
_26557_/A2                              1.50    2.19   -0.69 (VIOLATED)
_26626_/A2                              1.50    2.19   -0.69 (VIOLATED)
_28218_/S                               1.50    2.19   -0.69 (VIOLATED)
_28219_/S                               1.50    2.19   -0.69 (VIOLATED)
_28220_/S                               1.50    2.19   -0.69 (VIOLATED)
_28221_/S                               1.50    2.19   -0.69 (VIOLATED)
_28222_/S                               1.50    2.19   -0.69 (VIOLATED)
_28223_/S                               1.50    2.19   -0.69 (VIOLATED)
_28224_/S                               1.50    2.19   -0.69 (VIOLATED)
_28225_/S                               1.50    2.19   -0.69 (VIOLATED)
_28226_/S                               1.50    2.19   -0.69 (VIOLATED)
_28227_/S                               1.50    2.19   -0.69 (VIOLATED)
_28228_/S                               1.50    2.19   -0.69 (VIOLATED)
_28229_/S                               1.50    2.19   -0.69 (VIOLATED)
_28231_/S                               1.50    2.19   -0.69 (VIOLATED)
_28232_/S                               1.50    2.19   -0.69 (VIOLATED)
_28233_/S                               1.50    2.19   -0.69 (VIOLATED)
_28234_/S                               1.50    2.19   -0.69 (VIOLATED)
_28236_/S                               1.50    2.19   -0.69 (VIOLATED)
_28237_/S                               1.50    2.19   -0.69 (VIOLATED)
_28238_/S                               1.50    2.19   -0.69 (VIOLATED)
_28239_/S                               1.50    2.19   -0.69 (VIOLATED)
_28240_/S                               1.50    2.19   -0.69 (VIOLATED)
_28241_/S                               1.50    2.19   -0.69 (VIOLATED)
_28242_/S                               1.50    2.19   -0.69 (VIOLATED)
_28243_/S                               1.50    2.19   -0.69 (VIOLATED)
_28244_/S                               1.50    2.19   -0.69 (VIOLATED)
_28245_/S                               1.50    2.19   -0.69 (VIOLATED)
_28246_/S                               1.50    2.19   -0.69 (VIOLATED)
_28247_/S                               1.50    2.19   -0.69 (VIOLATED)
_28249_/S                               1.50    2.19   -0.69 (VIOLATED)
_28250_/S                               1.50    2.19   -0.69 (VIOLATED)
_28268_/S                               1.50    2.19   -0.69 (VIOLATED)
_28305_/S                               1.50    2.19   -0.69 (VIOLATED)
_26265_/X                               1.51    2.20   -0.69 (VIOLATED)
_26317_/B2                              1.50    2.19   -0.69 (VIOLATED)
_26505_/A                               1.50    2.19   -0.69 (VIOLATED)
_27132_/A2                              1.50    2.19   -0.69 (VIOLATED)
_27195_/A2                              1.50    2.19   -0.69 (VIOLATED)
_27406_/S                               1.50    2.19   -0.69 (VIOLATED)
_27408_/S                               1.50    2.19   -0.69 (VIOLATED)
_27410_/S                               1.50    2.19   -0.69 (VIOLATED)
_27412_/S                               1.50    2.19   -0.69 (VIOLATED)
_27414_/S                               1.50    2.19   -0.69 (VIOLATED)
_27416_/S                               1.50    2.19   -0.69 (VIOLATED)
_27418_/S                               1.50    2.19   -0.69 (VIOLATED)
_27420_/S                               1.50    2.19   -0.69 (VIOLATED)
_27422_/S                               1.50    2.19   -0.69 (VIOLATED)
_27424_/S                               1.50    2.19   -0.69 (VIOLATED)
_27426_/S                               1.50    2.19   -0.69 (VIOLATED)
_27428_/S                               1.50    2.19   -0.69 (VIOLATED)
_27430_/S                               1.50    2.19   -0.69 (VIOLATED)
_27432_/S                               1.50    2.19   -0.69 (VIOLATED)
_27434_/S                               1.50    2.19   -0.69 (VIOLATED)
_27887_/S                               1.50    2.19   -0.69 (VIOLATED)
_27889_/S                               1.50    2.19   -0.69 (VIOLATED)
_27891_/S                               1.50    2.19   -0.69 (VIOLATED)
_27893_/S                               1.50    2.19   -0.69 (VIOLATED)
_27895_/S                               1.50    2.19   -0.69 (VIOLATED)
_27897_/S                               1.50    2.19   -0.69 (VIOLATED)
_27899_/S                               1.50    2.19   -0.69 (VIOLATED)
_27901_/S                               1.50    2.19   -0.69 (VIOLATED)
_27903_/S                               1.50    2.19   -0.69 (VIOLATED)
_27905_/S                               1.50    2.19   -0.69 (VIOLATED)
_27907_/S                               1.50    2.19   -0.69 (VIOLATED)
_27909_/S                               1.50    2.19   -0.69 (VIOLATED)
_27911_/S                               1.50    2.19   -0.69 (VIOLATED)
_27913_/S                               1.50    2.19   -0.69 (VIOLATED)
_27915_/S                               1.50    2.19   -0.69 (VIOLATED)
_26255_/X                               1.51    2.20   -0.69 (VIOLATED)
_26259_/X                               1.51    2.20   -0.69 (VIOLATED)
_26220_/B1                              1.50    2.19   -0.69 (VIOLATED)
_27031_/B1                              1.50    2.19   -0.69 (VIOLATED)
_27073_/A2                              1.50    2.19   -0.69 (VIOLATED)
_27196_/B1                              1.50    2.19   -0.69 (VIOLATED)
_28269_/S                               1.50    2.19   -0.69 (VIOLATED)
_28270_/S                               1.50    2.19   -0.69 (VIOLATED)
_28271_/S                               1.50    2.19   -0.69 (VIOLATED)
_28272_/S                               1.50    2.19   -0.69 (VIOLATED)
_28273_/S                               1.50    2.19   -0.69 (VIOLATED)
_28274_/S                               1.50    2.19   -0.69 (VIOLATED)
_28275_/S                               1.50    2.19   -0.69 (VIOLATED)
_28276_/S                               1.50    2.19   -0.69 (VIOLATED)
_28278_/S                               1.50    2.19   -0.69 (VIOLATED)
_28279_/S                               1.50    2.19   -0.69 (VIOLATED)
_28280_/S                               1.50    2.19   -0.69 (VIOLATED)
_28281_/S                               1.50    2.19   -0.69 (VIOLATED)
_28282_/S                               1.50    2.19   -0.69 (VIOLATED)
_28283_/S                               1.50    2.19   -0.69 (VIOLATED)
_28285_/S                               1.50    2.19   -0.69 (VIOLATED)
_28286_/S                               1.50    2.19   -0.69 (VIOLATED)
_28287_/S                               1.50    2.19   -0.69 (VIOLATED)
_28288_/S                               1.50    2.19   -0.69 (VIOLATED)
_28289_/S                               1.50    2.19   -0.69 (VIOLATED)
_28290_/S                               1.50    2.19   -0.69 (VIOLATED)
_28291_/S                               1.50    2.19   -0.69 (VIOLATED)
_28292_/S                               1.50    2.19   -0.69 (VIOLATED)
_28293_/S                               1.50    2.19   -0.69 (VIOLATED)
_28295_/S                               1.50    2.19   -0.69 (VIOLATED)
_28296_/S                               1.50    2.19   -0.69 (VIOLATED)
_28297_/S                               1.50    2.19   -0.69 (VIOLATED)
_28298_/S                               1.50    2.19   -0.69 (VIOLATED)
_28299_/S                               1.50    2.19   -0.69 (VIOLATED)
_28300_/S                               1.50    2.19   -0.69 (VIOLATED)
_28302_/S                               1.50    2.19   -0.69 (VIOLATED)
_28303_/S                               1.50    2.19   -0.69 (VIOLATED)
_28304_/S                               1.50    2.19   -0.69 (VIOLATED)
_26359_/A2                              1.50    2.18   -0.68 (VIOLATED)
_26486_/A2                              1.50    2.18   -0.68 (VIOLATED)
_26816_/A2                              1.50    2.18   -0.68 (VIOLATED)
_26854_/B2                              1.50    2.18   -0.68 (VIOLATED)
_27466_/S                               1.50    2.18   -0.68 (VIOLATED)
_27468_/S                               1.50    2.18   -0.68 (VIOLATED)
_27470_/S                               1.50    2.18   -0.68 (VIOLATED)
_27472_/S                               1.50    2.18   -0.68 (VIOLATED)
_27474_/S                               1.50    2.18   -0.68 (VIOLATED)
_27476_/S                               1.50    2.18   -0.68 (VIOLATED)
_27478_/S                               1.50    2.18   -0.68 (VIOLATED)
_27480_/S                               1.50    2.18   -0.68 (VIOLATED)
_27482_/S                               1.50    2.18   -0.68 (VIOLATED)
_27484_/S                               1.50    2.18   -0.68 (VIOLATED)
_27486_/S                               1.50    2.18   -0.68 (VIOLATED)
_27488_/S                               1.50    2.18   -0.68 (VIOLATED)
_27490_/S                               1.50    2.18   -0.68 (VIOLATED)
_27492_/S                               1.50    2.18   -0.68 (VIOLATED)
_27494_/S                               1.50    2.18   -0.68 (VIOLATED)
_27947_/S                               1.50    2.18   -0.68 (VIOLATED)
_27949_/S                               1.50    2.18   -0.68 (VIOLATED)
_27951_/S                               1.50    2.18   -0.68 (VIOLATED)
_27953_/S                               1.50    2.18   -0.68 (VIOLATED)
_27955_/S                               1.50    2.18   -0.68 (VIOLATED)
_27957_/S                               1.50    2.18   -0.68 (VIOLATED)
_27959_/S                               1.50    2.18   -0.68 (VIOLATED)
_27961_/S                               1.50    2.18   -0.68 (VIOLATED)
_27963_/S                               1.50    2.18   -0.68 (VIOLATED)
_27965_/S                               1.50    2.18   -0.68 (VIOLATED)
_27967_/S                               1.50    2.18   -0.68 (VIOLATED)
_27969_/S                               1.50    2.18   -0.68 (VIOLATED)
_27971_/S                               1.50    2.18   -0.68 (VIOLATED)
_27973_/S                               1.50    2.18   -0.68 (VIOLATED)
_27975_/S                               1.50    2.18   -0.68 (VIOLATED)
_26211_/X                               1.51    2.19   -0.68 (VIOLATED)
_26248_/A2                              1.50    2.18   -0.68 (VIOLATED)
_27039_/A2                              1.50    2.18   -0.68 (VIOLATED)
_27207_/A2                              1.50    2.18   -0.68 (VIOLATED)
_27231_/A2                              1.50    2.18   -0.68 (VIOLATED)
_27496_/S                               1.50    2.18   -0.68 (VIOLATED)
_27498_/S                               1.50    2.18   -0.68 (VIOLATED)
_27500_/S                               1.50    2.18   -0.68 (VIOLATED)
_27502_/S                               1.50    2.18   -0.68 (VIOLATED)
_27504_/S                               1.50    2.18   -0.68 (VIOLATED)
_27506_/S                               1.50    2.18   -0.68 (VIOLATED)
_27508_/S                               1.50    2.18   -0.68 (VIOLATED)
_27510_/S                               1.50    2.18   -0.68 (VIOLATED)
_27512_/S                               1.50    2.18   -0.68 (VIOLATED)
_27514_/S                               1.50    2.18   -0.68 (VIOLATED)
_27516_/S                               1.50    2.18   -0.68 (VIOLATED)
_27518_/S                               1.50    2.18   -0.68 (VIOLATED)
_27520_/S                               1.50    2.18   -0.68 (VIOLATED)
_27522_/S                               1.50    2.18   -0.68 (VIOLATED)
_27524_/S                               1.50    2.18   -0.68 (VIOLATED)
_27977_/S                               1.50    2.18   -0.68 (VIOLATED)
_27979_/S                               1.50    2.18   -0.68 (VIOLATED)
_27981_/S                               1.50    2.18   -0.68 (VIOLATED)
_27983_/S                               1.50    2.18   -0.68 (VIOLATED)
_27985_/S                               1.50    2.18   -0.68 (VIOLATED)
_27987_/S                               1.50    2.18   -0.68 (VIOLATED)
_27989_/S                               1.50    2.18   -0.68 (VIOLATED)
_27991_/S                               1.50    2.18   -0.68 (VIOLATED)
_27993_/S                               1.50    2.18   -0.68 (VIOLATED)
_27995_/S                               1.50    2.18   -0.68 (VIOLATED)
_27997_/S                               1.50    2.18   -0.68 (VIOLATED)
_27999_/S                               1.50    2.18   -0.68 (VIOLATED)
_28001_/S                               1.50    2.18   -0.68 (VIOLATED)
_28003_/S                               1.50    2.18   -0.68 (VIOLATED)
_28005_/S                               1.50    2.18   -0.68 (VIOLATED)
_26272_/X                               1.51    2.19   -0.68 (VIOLATED)
_26219_/X                               1.51    2.19   -0.67 (VIOLATED)
_26268_/X                               1.51    2.18   -0.67 (VIOLATED)
_26214_/X                               1.51    2.18   -0.67 (VIOLATED)
_26532_/B1                              1.50    2.16   -0.66 (VIOLATED)
_26939_/A2                              1.50    2.16   -0.66 (VIOLATED)
_27058_/A2                              1.50    2.16   -0.66 (VIOLATED)
_27076_/A2                              1.50    2.16   -0.66 (VIOLATED)
_27436_/S                               1.50    2.16   -0.66 (VIOLATED)
_27438_/S                               1.50    2.16   -0.66 (VIOLATED)
_27440_/S                               1.50    2.16   -0.66 (VIOLATED)
_27442_/S                               1.50    2.16   -0.66 (VIOLATED)
_27444_/S                               1.50    2.16   -0.66 (VIOLATED)
_27446_/S                               1.50    2.16   -0.66 (VIOLATED)
_27448_/S                               1.50    2.16   -0.66 (VIOLATED)
_27450_/S                               1.50    2.16   -0.66 (VIOLATED)
_27452_/S                               1.50    2.16   -0.66 (VIOLATED)
_27454_/S                               1.50    2.16   -0.66 (VIOLATED)
_27456_/S                               1.50    2.16   -0.66 (VIOLATED)
_27458_/S                               1.50    2.16   -0.66 (VIOLATED)
_27460_/S                               1.50    2.16   -0.66 (VIOLATED)
_27462_/S                               1.50    2.16   -0.66 (VIOLATED)
_27464_/S                               1.50    2.16   -0.66 (VIOLATED)
_27917_/S                               1.50    2.16   -0.66 (VIOLATED)
_27919_/S                               1.50    2.16   -0.66 (VIOLATED)
_27921_/S                               1.50    2.16   -0.66 (VIOLATED)
_27923_/S                               1.50    2.16   -0.66 (VIOLATED)
_27925_/S                               1.50    2.16   -0.66 (VIOLATED)
_27927_/S                               1.50    2.16   -0.66 (VIOLATED)
_27929_/S                               1.50    2.16   -0.66 (VIOLATED)
_27931_/S                               1.50    2.16   -0.66 (VIOLATED)
_27933_/S                               1.50    2.16   -0.66 (VIOLATED)
_27935_/S                               1.50    2.16   -0.66 (VIOLATED)
_27937_/S                               1.50    2.16   -0.66 (VIOLATED)
_27939_/S                               1.50    2.16   -0.66 (VIOLATED)
_27941_/S                               1.50    2.16   -0.66 (VIOLATED)
_27943_/S                               1.50    2.16   -0.66 (VIOLATED)
_27945_/S                               1.50    2.16   -0.66 (VIOLATED)
_26439_/A2                              1.50    2.16   -0.66 (VIOLATED)
_26643_/A2                              1.50    2.16   -0.66 (VIOLATED)
_26759_/B2                              1.50    2.16   -0.66 (VIOLATED)
_26924_/A2                              1.50    2.16   -0.66 (VIOLATED)
_27346_/S                               1.50    2.16   -0.66 (VIOLATED)
_27348_/S                               1.50    2.16   -0.66 (VIOLATED)
_27350_/S                               1.50    2.16   -0.66 (VIOLATED)
_27352_/S                               1.50    2.16   -0.66 (VIOLATED)
_27354_/S                               1.50    2.16   -0.66 (VIOLATED)
_27356_/S                               1.50    2.16   -0.66 (VIOLATED)
_27358_/S                               1.50    2.16   -0.66 (VIOLATED)
_27360_/S                               1.50    2.16   -0.66 (VIOLATED)
_27362_/S                               1.50    2.16   -0.66 (VIOLATED)
_27364_/S                               1.50    2.16   -0.66 (VIOLATED)
_27366_/S                               1.50    2.16   -0.66 (VIOLATED)
_27368_/S                               1.50    2.16   -0.66 (VIOLATED)
_27370_/S                               1.50    2.16   -0.66 (VIOLATED)
_27372_/S                               1.50    2.16   -0.66 (VIOLATED)
_27374_/S                               1.50    2.16   -0.66 (VIOLATED)
_27827_/S                               1.50    2.16   -0.66 (VIOLATED)
_27829_/S                               1.50    2.16   -0.66 (VIOLATED)
_27831_/S                               1.50    2.16   -0.66 (VIOLATED)
_27833_/S                               1.50    2.16   -0.66 (VIOLATED)
_27835_/S                               1.50    2.16   -0.66 (VIOLATED)
_27837_/S                               1.50    2.16   -0.66 (VIOLATED)
_27839_/S                               1.50    2.16   -0.66 (VIOLATED)
_27841_/S                               1.50    2.16   -0.66 (VIOLATED)
_27843_/S                               1.50    2.16   -0.66 (VIOLATED)
_27845_/S                               1.50    2.16   -0.66 (VIOLATED)
_27847_/S                               1.50    2.16   -0.66 (VIOLATED)
_27849_/S                               1.50    2.16   -0.66 (VIOLATED)
_27851_/S                               1.50    2.16   -0.66 (VIOLATED)
_27853_/S                               1.50    2.16   -0.66 (VIOLATED)
_27855_/S                               1.50    2.16   -0.66 (VIOLATED)
_26541_/A2                              1.50    2.16   -0.66 (VIOLATED)
_26664_/B2                              1.50    2.16   -0.66 (VIOLATED)
_27011_/A1                              1.50    2.16   -0.66 (VIOLATED)
_27158_/B2                              1.50    2.16   -0.66 (VIOLATED)
_27376_/S                               1.50    2.16   -0.66 (VIOLATED)
_27378_/S                               1.50    2.16   -0.66 (VIOLATED)
_27380_/S                               1.50    2.16   -0.66 (VIOLATED)
_27382_/S                               1.50    2.16   -0.66 (VIOLATED)
_27384_/S                               1.50    2.16   -0.66 (VIOLATED)
_27386_/S                               1.50    2.16   -0.66 (VIOLATED)
_27388_/S                               1.50    2.16   -0.66 (VIOLATED)
_27390_/S                               1.50    2.16   -0.66 (VIOLATED)
_27392_/S                               1.50    2.16   -0.66 (VIOLATED)
_27394_/S                               1.50    2.16   -0.66 (VIOLATED)
_27396_/S                               1.50    2.16   -0.66 (VIOLATED)
_27398_/S                               1.50    2.16   -0.66 (VIOLATED)
_27400_/S                               1.50    2.16   -0.66 (VIOLATED)
_27402_/S                               1.50    2.16   -0.66 (VIOLATED)
_27404_/S                               1.50    2.16   -0.66 (VIOLATED)
_27857_/S                               1.50    2.16   -0.66 (VIOLATED)
_27859_/S                               1.50    2.16   -0.66 (VIOLATED)
_27861_/S                               1.50    2.16   -0.66 (VIOLATED)
_27863_/S                               1.50    2.16   -0.66 (VIOLATED)
_27865_/S                               1.50    2.16   -0.66 (VIOLATED)
_27867_/S                               1.50    2.16   -0.66 (VIOLATED)
_27869_/S                               1.50    2.16   -0.66 (VIOLATED)
_27871_/S                               1.50    2.16   -0.66 (VIOLATED)
_27873_/S                               1.50    2.16   -0.66 (VIOLATED)
_27875_/S                               1.50    2.16   -0.66 (VIOLATED)
_27877_/S                               1.50    2.16   -0.66 (VIOLATED)
_27879_/S                               1.50    2.16   -0.66 (VIOLATED)
_27881_/S                               1.50    2.16   -0.66 (VIOLATED)
_27883_/S                               1.50    2.16   -0.66 (VIOLATED)
_27885_/S                               1.50    2.16   -0.66 (VIOLATED)
_26781_/A2                              1.50    2.15   -0.65 (VIOLATED)
_27082_/A1                              1.50    2.15   -0.65 (VIOLATED)
_27094_/B2                              1.50    2.15   -0.65 (VIOLATED)
_27104_/B2                              1.50    2.15   -0.65 (VIOLATED)
_27616_/S                               1.50    2.15   -0.65 (VIOLATED)
_27618_/S                               1.50    2.15   -0.65 (VIOLATED)
_27620_/S                               1.50    2.15   -0.65 (VIOLATED)
_27622_/S                               1.50    2.15   -0.65 (VIOLATED)
_27624_/S                               1.50    2.15   -0.65 (VIOLATED)
_27626_/S                               1.50    2.15   -0.65 (VIOLATED)
_27628_/S                               1.50    2.15   -0.65 (VIOLATED)
_27630_/S                               1.50    2.15   -0.65 (VIOLATED)
_27632_/S                               1.50    2.15   -0.65 (VIOLATED)
_27634_/S                               1.50    2.15   -0.65 (VIOLATED)
_27636_/S                               1.50    2.15   -0.65 (VIOLATED)
_27638_/S                               1.50    2.15   -0.65 (VIOLATED)
_27640_/S                               1.50    2.15   -0.65 (VIOLATED)
_27642_/S                               1.50    2.15   -0.65 (VIOLATED)
_27644_/S                               1.50    2.15   -0.65 (VIOLATED)
_28097_/S                               1.50    2.15   -0.65 (VIOLATED)
_28099_/S                               1.50    2.15   -0.65 (VIOLATED)
_28101_/S                               1.50    2.15   -0.65 (VIOLATED)
_28103_/S                               1.50    2.15   -0.65 (VIOLATED)
_28105_/S                               1.50    2.15   -0.65 (VIOLATED)
_28107_/S                               1.50    2.15   -0.65 (VIOLATED)
_28109_/S                               1.50    2.15   -0.65 (VIOLATED)
_28111_/S                               1.50    2.15   -0.65 (VIOLATED)
_28113_/S                               1.50    2.15   -0.65 (VIOLATED)
_28115_/S                               1.50    2.15   -0.65 (VIOLATED)
_28117_/S                               1.50    2.15   -0.65 (VIOLATED)
_28119_/S                               1.50    2.15   -0.65 (VIOLATED)
_28121_/S                               1.50    2.15   -0.65 (VIOLATED)
_28123_/S                               1.50    2.15   -0.65 (VIOLATED)
_28125_/S                               1.50    2.15   -0.65 (VIOLATED)
_26270_/X                               1.51    2.16   -0.65 (VIOLATED)
_26277_/X                               1.51    2.16   -0.64 (VIOLATED)
_26274_/X                               1.51    2.16   -0.64 (VIOLATED)
_26257_/X                               1.51    2.15   -0.64 (VIOLATED)
_26300_/B                               1.50    2.11   -0.61 (VIOLATED)
_26609_/A2                              1.50    2.11   -0.61 (VIOLATED)
_26649_/A2                              1.50    2.11   -0.61 (VIOLATED)
_26897_/A                               1.50    2.11   -0.61 (VIOLATED)
_27286_/S                               1.50    2.11   -0.61 (VIOLATED)
_27288_/S                               1.50    2.11   -0.61 (VIOLATED)
_27290_/S                               1.50    2.11   -0.61 (VIOLATED)
_27292_/S                               1.50    2.11   -0.61 (VIOLATED)
_27294_/S                               1.50    2.11   -0.61 (VIOLATED)
_27296_/S                               1.50    2.11   -0.61 (VIOLATED)
_27298_/S                               1.50    2.11   -0.61 (VIOLATED)
_27300_/S                               1.50    2.11   -0.61 (VIOLATED)
_27302_/S                               1.50    2.11   -0.61 (VIOLATED)
_27304_/S                               1.50    2.11   -0.61 (VIOLATED)
_27306_/S                               1.50    2.11   -0.61 (VIOLATED)
_27308_/S                               1.50    2.11   -0.61 (VIOLATED)
_27310_/S                               1.50    2.11   -0.61 (VIOLATED)
_27312_/S                               1.50    2.11   -0.61 (VIOLATED)
_27314_/S                               1.50    2.11   -0.61 (VIOLATED)
_27767_/S                               1.50    2.11   -0.61 (VIOLATED)
_27769_/S                               1.50    2.11   -0.61 (VIOLATED)
_27771_/S                               1.50    2.11   -0.61 (VIOLATED)
_27773_/S                               1.50    2.11   -0.61 (VIOLATED)
_27775_/S                               1.50    2.11   -0.61 (VIOLATED)
_27777_/S                               1.50    2.11   -0.61 (VIOLATED)
_27779_/S                               1.50    2.11   -0.61 (VIOLATED)
_27781_/S                               1.50    2.11   -0.61 (VIOLATED)
_27783_/S                               1.50    2.11   -0.61 (VIOLATED)
_27785_/S                               1.50    2.11   -0.61 (VIOLATED)
_27787_/S                               1.50    2.11   -0.61 (VIOLATED)
_27789_/S                               1.50    2.11   -0.61 (VIOLATED)
_27791_/S                               1.50    2.11   -0.61 (VIOLATED)
_27793_/S                               1.50    2.11   -0.61 (VIOLATED)
_27795_/S                               1.50    2.11   -0.61 (VIOLATED)
_26432_/A2                              1.50    2.11   -0.61 (VIOLATED)
_26452_/A2                              1.50    2.11   -0.61 (VIOLATED)
_26468_/A2                              1.50    2.11   -0.61 (VIOLATED)
_26530_/A2                              1.50    2.11   -0.61 (VIOLATED)
_27676_/S                               1.50    2.11   -0.61 (VIOLATED)
_27678_/S                               1.50    2.11   -0.61 (VIOLATED)
_27680_/S                               1.50    2.11   -0.61 (VIOLATED)
_27682_/S                               1.50    2.11   -0.61 (VIOLATED)
_27684_/S                               1.50    2.11   -0.61 (VIOLATED)
_27686_/S                               1.50    2.11   -0.61 (VIOLATED)
_27688_/S                               1.50    2.11   -0.61 (VIOLATED)
_27690_/S                               1.50    2.11   -0.61 (VIOLATED)
_27692_/S                               1.50    2.11   -0.61 (VIOLATED)
_27694_/S                               1.50    2.11   -0.61 (VIOLATED)
_27696_/S                               1.50    2.11   -0.61 (VIOLATED)
_27698_/S                               1.50    2.11   -0.61 (VIOLATED)
_27700_/S                               1.50    2.11   -0.61 (VIOLATED)
_27702_/S                               1.50    2.11   -0.61 (VIOLATED)
_27704_/S                               1.50    2.11   -0.61 (VIOLATED)
_28157_/S                               1.50    2.11   -0.61 (VIOLATED)
_28159_/S                               1.50    2.11   -0.61 (VIOLATED)
_28161_/S                               1.50    2.11   -0.61 (VIOLATED)
_28163_/S                               1.50    2.11   -0.61 (VIOLATED)
_28165_/S                               1.50    2.11   -0.61 (VIOLATED)
_28167_/S                               1.50    2.11   -0.61 (VIOLATED)
_28169_/S                               1.50    2.11   -0.61 (VIOLATED)
_28171_/S                               1.50    2.11   -0.61 (VIOLATED)
_28173_/S                               1.50    2.11   -0.61 (VIOLATED)
_28175_/S                               1.50    2.11   -0.61 (VIOLATED)
_28177_/S                               1.50    2.11   -0.61 (VIOLATED)
_28179_/S                               1.50    2.11   -0.61 (VIOLATED)
_28181_/S                               1.50    2.11   -0.61 (VIOLATED)
_28183_/S                               1.50    2.11   -0.61 (VIOLATED)
_28185_/S                               1.50    2.11   -0.61 (VIOLATED)
_26275_/X                               1.51    2.11   -0.60 (VIOLATED)
_26252_/X                               1.51    2.11   -0.59 (VIOLATED)
_26898_/Y                               1.49    1.73   -0.23 (VIOLATED)
_27256_/S                               1.50    1.73   -0.23 (VIOLATED)
_27258_/S                               1.50    1.73   -0.23 (VIOLATED)
_27260_/S                               1.50    1.73   -0.23 (VIOLATED)
_27262_/S                               1.50    1.73   -0.23 (VIOLATED)
_27264_/S                               1.50    1.73   -0.23 (VIOLATED)
_27266_/S                               1.50    1.73   -0.23 (VIOLATED)
_27268_/S                               1.50    1.73   -0.23 (VIOLATED)
_27270_/S                               1.50    1.73   -0.23 (VIOLATED)
_27272_/S                               1.50    1.73   -0.23 (VIOLATED)
_27274_/S                               1.50    1.73   -0.23 (VIOLATED)
_27276_/S                               1.50    1.73   -0.23 (VIOLATED)
_27278_/S                               1.50    1.73   -0.23 (VIOLATED)
_27280_/S                               1.50    1.73   -0.23 (VIOLATED)
_27282_/S                               1.50    1.73   -0.23 (VIOLATED)
_27284_/S                               1.50    1.73   -0.23 (VIOLATED)
_27737_/S                               1.50    1.73   -0.23 (VIOLATED)
_27739_/S                               1.50    1.73   -0.23 (VIOLATED)
_27741_/S                               1.50    1.73   -0.23 (VIOLATED)
_27743_/S                               1.50    1.73   -0.23 (VIOLATED)
_27745_/S                               1.50    1.73   -0.23 (VIOLATED)
_27747_/S                               1.50    1.73   -0.23 (VIOLATED)
_27749_/S                               1.50    1.73   -0.23 (VIOLATED)
_27751_/S                               1.50    1.73   -0.23 (VIOLATED)
_27753_/S                               1.50    1.73   -0.23 (VIOLATED)
_27755_/S                               1.50    1.73   -0.23 (VIOLATED)
_27757_/S                               1.50    1.73   -0.23 (VIOLATED)
_27759_/S                               1.50    1.73   -0.23 (VIOLATED)
_27761_/S                               1.50    1.73   -0.23 (VIOLATED)
_27763_/S                               1.50    1.73   -0.23 (VIOLATED)
_27765_/S                               1.50    1.73   -0.23 (VIOLATED)

max capacitance

Pin                                    Limit     Cap   Slack
------------------------------------------------------------
_28821_/Q                               0.43    1.68   -1.25 (VIOLATED)

